year,round,driver,quali_gap
2015,1,bottas,1.468999999999994
2015,1,button,5.094999999999999
2015,1,ericsson,5.049000000000007
2015,1,grosjean,2.233000000000004
2015,1,hamilton,0.0
2015,1,hulkenberg,2.881
2015,1,kevin_magnussen,5.710000000000008
2015,1,kvyat,2.742999999999995
2015,1,maldonado,2.399000000000001
2015,1,massa,1.3910000000000051
2015,1,max_verstappen,2.540999999999997
2015,1,nasr,2.472999999999999
2015,1,perez,2.882000000000005
2015,1,raikkonen,1.462999999999994
2015,1,ricciardo,2.002000000000009
2015,1,rosberg,0.5939999999999941
2015,1,sainz,2.183000000000007
2015,1,vettel,1.4150000000000065
2015,2,alonso,2.477000000000004
2015,2,bottas,0.9799999999999898
2015,2,button,2.3669999999999902
2015,2,ericsson,1.070999999999998
2015,2,grosjean,1.0339999999999918
2015,2,hamilton,0.0
2015,2,hulkenberg,1.5609999999999928
2015,2,kvyat,1.2769999999999868
2015,2,maldonado,1.0919999999999843
2015,2,massa,1.274000000000001
2015,2,max_verstappen,1.524000000000001
2015,2,merhi,7.407999999999987
2015,2,nasr,2.038999999999988
2015,2,perez,1.766999999999996
2015,2,raikkonen,1.1459999999999866
2015,2,ricciardo,1.2349999999999852
2015,2,rosberg,0.1049999999999897
2015,2,sainz,0.5449999999999875
2015,2,vettel,0.3629999999999995
2015,3,alonso,3.4980000000000047
2015,3,bottas,1.3610000000000042
2015,3,button,3.494000000000014
2015,3,ericsson,2.345000000000013
2015,3,grosjean,2.1230000000000047
2015,3,hamilton,0.0
2015,3,hulkenberg,3.434000000000012
2015,3,kvyat,2.4270000000000067
2015,3,maldonado,2.352000000000004
2015,3,massa,1.1720000000000113
2015,3,max_verstappen,2.605000000000004
2015,3,merhi,7.060000000000002
2015,3,nasr,2.234999999999999
2015,3,perez,3.120999999999995
2015,3,raikkonen,1.3270000000000124
2015,3,ricciardo,1.7579999999999956
2015,3,rosberg,0.0460000000000064
2015,3,sainz,2.756
2015,3,stevens,6.309000000000012
2015,3,vettel,0.9050000000000012
2015,4,alonso,2.4680000000000035
2015,4,bottas,0.8100000000000023
2015,4,ericsson,2.462999999999994
2015,4,grosjean,1.5519999999999925
2015,4,hamilton,0.0
2015,4,hulkenberg,1.8790000000000049
2015,4,kvyat,3.228999999999999
2015,4,maldonado,3.1059999999999945
2015,4,massa,0.980000000000004
2015,4,max_verstappen,2.5320000000000107
2015,4,merhi,7.1510000000000105
2015,4,nasr,2.165999999999997
2015,4,perez,2.1330000000000098
2015,4,raikkonen,0.6560000000000059
2015,4,ricciardo,1.2609999999999957
2015,4,rosberg,0.5579999999999927
2015,4,sainz,1.891000000000005
2015,4,stevens,6.141999999999996
2015,4,vettel,0.4110000000000013
2015,5,alonso,3.079000000000008
2015,5,bottas,1.0130000000000052
2015,5,button,3.132000000000005
2015,5,ericsson,3.4309999999999974
2015,5,grosjean,2.6940000000000026
2015,5,hamilton,0.2670000000000101
2015,5,hulkenberg,3.6839999999999975
2015,5,kvyat,1.9480000000000075
2015,5,maldonado,2.6000000000000085
2015,5,massa,1.465999999999994
2015,5,max_verstappen,1.5679999999999978
2015,5,merhi,7.356999999999999
2015,5,nasr,2.9440000000000026
2015,5,perez,3.76100000000001
2015,5,raikkonen,1.3349999999999935
2015,5,ricciardo,2.01100000000001
2015,5,rosberg,0.0
2015,5,sainz,1.4549999999999983
2015,5,stevens,6.5190000000000055
2015,5,vettel,0.777000000000001
2015,6,alonso,2.6799999999999926
2015,6,bottas,3.3359999999999985
2015,6,button,1.9950000000000043
2015,6,ericsson,3.4150000000000063
2015,6,grosjean,1.909000000000006
2015,6,hamilton,0.0
2015,6,hulkenberg,2.094999999999999
2015,6,kvyat,1.0840000000000032
2015,6,maldonado,1.6770000000000067
2015,6,massa,2.1799999999999926
2015,6,max_verstappen,1.4479999999999933
2015,6,merhi,5.805999999999997
2015,6,nasr,3.003
2015,6,perez,1.7099999999999935
2015,6,raikkonen,1.3289999999999935
2015,6,ricciardo,0.9429999999999978
2015,6,rosberg,0.3419999999999987
2015,6,sainz,1.6640000000000017
2015,6,stevens,5.557000000000002
2015,6,vettel,0.7510000000000048
2015,7,alonso,1.882999999999996
2015,7,bottas,0.7090000000000032
2015,7,ericsson,1.869
2015,7,grosjean,0.7939999999999969
2015,7,hamilton,0.0
2015,7,hulkenberg,1.2210000000000036
2015,7,kvyat,1.4980000000000049
2015,7,maldonado,0.936000000000007
2015,7,massa,3.492999999999995
2015,7,max_verstappen,1.852000000000004
2015,7,merhi,4.739999999999995
2015,7,nasr,2.227000000000004
2015,7,perez,1.581000000000003
2015,7,raikkonen,0.6209999999999951
2015,7,ricciardo,1.6129999999999995
2015,7,rosberg,0.2800000000000011
2015,7,sainz,1.649000000000001
2015,7,stevens,4.763999999999996
2015,7,vettel,2.9509999999999934
2015,8,alonso,2.281000000000006
2015,8,bottas,0.8640000000000043
2015,8,button,4.177000000000007
2015,8,ericsson,1.971000000000004
2015,8,grosjean,1.4650000000000034
2015,8,hamilton,0.0
2015,8,hulkenberg,0.8230000000000075
2015,8,kvyat,1.2390000000000043
2015,8,maldonado,1.918999999999997
2015,8,massa,0.737000000000009
2015,8,max_verstappen,1.1569999999999965
2015,8,merhi,5.616
2015,8,nasr,1.1970000000000027
2015,8,perez,4.067000000000007
2015,8,raikkonen,4.412000000000006
2015,8,ricciardo,2.027000000000001
2015,8,rosberg,0.179000000000002
2015,8,sainz,2.010000000000005
2015,8,stevens,6.912999999999997
2015,8,vettel,0.355000000000004
2015,9,alonso,2.7110000000000127
2015,9,bottas,0.7720000000000198
2015,9,button,2.959000000000003
2015,9,ericsson,2.3950000000000102
2015,9,grosjean,2.1820000000000164
2015,9,hamilton,0.0
2015,9,hulkenberg,1.4250000000000114
2015,9,kvyat,1.2720000000000198
2015,9,maldonado,2.263000000000005
2015,9,massa,0.8370000000000175
2015,9,max_verstappen,2.254000000000019
2015,9,merhi,7.129000000000019
2015,9,nasr,2.640000000000015
2015,9,perez,2.002000000000009
2015,9,raikkonen,1.1310000000000002
2015,9,ricciardo,1.5010000000000048
2015,9,rosberg,0.1129999999999995
2015,9,sainz,1.4010000000000105
2015,9,stevens,5.116000000000014
2015,9,vettel,1.2990000000000066
2015,10,alonso,2.5430000000000064
2015,10,bottas,1.2020000000000124
2015,10,button,2.7190000000000083
2015,10,ericsson,2.8230000000000075
2015,10,grosjean,1.7850000000000108
2015,10,hamilton,0.0
2015,10,hulkenberg,1.8059999999999976
2015,10,kvyat,1.3119999999999976
2015,10,maldonado,1.875
2015,10,massa,1.51700000000001
2015,10,max_verstappen,1.659000000000006
2015,10,merhi,5.396000000000001
2015,10,nasr,2.977000000000004
2015,10,perez,2.4240000000000066
2015,10,raikkonen,1.0
2015,10,ricciardo,0.7540000000000049
2015,10,rosberg,0.5750000000000028
2015,10,sainz,1.849000000000004
2015,10,stevens,5.929000000000002
2015,10,vettel,0.7190000000000083
2015,11,alonso,4.222999999999999
2015,11,bottas,1.3400000000000034
2015,11,button,3.781000000000006
2015,11,ericsson,2.3259999999999934
2015,11,grosjean,1.3640000000000043
2015,11,hamilton,0.0
2015,11,hulkenberg,1.9240000000000064
2015,11,kvyat,2.031000000000006
2015,11,maldonado,1.556999999999988
2015,11,massa,1.4879999999999995
2015,11,max_verstappen,2.6340000000000003
2015,11,merhi,5.901999999999987
2015,11,nasr,2.7549999999999955
2015,11,perez,1.4019999999999868
2015,11,raikkonen,2.090999999999994
2015,11,ricciardo,1.4420000000000073
2015,11,rosberg,0.4579999999999984
2015,11,sainz,1.867999999999995
2015,11,stevens,5.751000000000005
2015,11,vettel,1.563999999999993
2015,12,alonso,2.771000000000001
2015,12,bottas,0.7439999999999998
2015,12,button,2.674999999999997
2015,12,ericsson,1.073999999999998
2015,12,grosjean,1.065000000000012
2015,12,hamilton,0.0
2015,12,hulkenberg,1.1270000000000095
2015,12,kvyat,2.359000000000009
2015,12,maldonado,1.14200000000001
2015,12,massa,0.5570000000000022
2015,12,merhi,4.529000000000011
2015,12,nasr,1.5150000000000006
2015,12,perez,0.9960000000000092
2015,12,raikkonen,0.2480000000000046
2015,12,ricciardo,2.25
2015,12,rosberg,0.3200000000000074
2015,12,sainz,2.027000000000001
2015,12,stevens,4.347999999999999
2015,12,vettel,0.1940000000000026
2015,13,alonso,2.443000000000012
2015,13,bottas,1.791000000000011
2015,13,button,2.006
2015,13,ericsson,3.203000000000003
2015,13,grosjean,1.920000000000016
2015,13,hamilton,1.4150000000000065
2015,13,hulkenberg,2.420000000000016
2015,13,kvyat,0.8600000000000136
2015,13,maldonado,3.4380000000000166
2015,13,massa,1.8160000000000025
2015,13,max_verstappen,1.75
2015,13,nasr,3.0800000000000125
2015,13,perez,2.5
2015,13,raikkonen,0.7820000000000107
2015,13,ricciardo,0.5430000000000064
2015,13,rosberg,1.5300000000000011
2015,13,rossi,7.638000000000005
2015,13,sainz,2.5800000000000125
2015,13,stevens,7.13600000000001
2015,13,vettel,0.0
2015,14,alonso,2.2009999999999934
2015,14,bottas,0.4399999999999977
2015,14,button,3.0799999999999983
2015,14,ericsson,3.088999999999998
2015,14,grosjean,1.3829999999999956
2015,14,hamilton,0.0759999999999934
2015,14,hulkenberg,1.8059999999999976
2015,14,kvyat,1.6169999999999902
2015,14,maldonado,1.9129999999999967
2015,14,massa,0.7530000000000001
2015,14,max_verstappen,1.937999999999988
2015,14,nasr,3.175999999999988
2015,14,perez,1.5900000000000034
2015,14,raikkonen,0.7630000000000052
2015,14,ricciardo,0.9129999999999968
2015,14,rosberg,0.0
2015,14,rossi,14.53
2015,14,sainz,1.869
2015,14,stevens,6.198999999999998
2015,14,vettel,0.6610000000000014
2015,15,alonso,3.031000000000006
2015,15,bottas,0.7990000000000066
2015,15,button,2.6260000000000048
2015,15,ericsson,3.546999999999997
2015,15,grosjean,1.6409999999999911
2015,15,hamilton,0.3199999999999932
2015,15,hulkenberg,1.5459999999999925
2015,15,kvyat,2.100999999999999
2015,15,maldonado,2.61099999999999
2015,15,massa,1.8130000000000024
2015,15,max_verstappen,1.811000000000007
2015,15,merhi,6.6910000000000025
2015,15,nasr,2.210000000000008
2015,15,perez,1.578000000000003
2015,15,raikkonen,1.11099999999999
2015,15,ricciardo,1.891999999999996
2015,15,rosberg,0.0
2015,15,stevens,6.579999999999998
2015,15,vettel,0.8520000000000039
2015,16,alonso,3.209000000000003
2015,16,bottas,3.073999999999998
2015,16,button,3.765999999999991
2015,16,ericsson,5.716999999999999
2015,16,grosjean,3.741
2015,16,hamilton,0.3760000000000048
2015,16,hulkenberg,1.8299999999999983
2015,16,kvyat,1.144999999999996
2015,16,maldonado,4.3489999999999895
2015,16,massa,3.5039999999999907
2015,16,max_verstappen,2.1939999999999884
2015,16,nasr,6.698999999999998
2015,16,perez,2.7150000000000034
2015,16,raikkonen,1.703000000000003
2015,16,ricciardo,0.0
2015,16,rosberg,0.1759999999999877
2015,16,rossi,7.680999999999997
2015,16,sainz,10.808999999999996
2015,16,stevens,8.030999999999992
2015,16,vettel,2.100999999999999
2015,17,alonso,2.2989999999999924
2015,17,bottas,0.9680000000000036
2015,17,ericsson,1.8190000000000024
2015,17,grosjean,1.5579999999999927
2015,17,hamilton,0.1880000000000024
2015,17,hulkenberg,1.3079999999999927
2015,17,kvyat,0.9179999999999922
2015,17,maldonado,1.7809999999999917
2015,17,massa,1.0870000000000033
2015,17,max_verstappen,1.230000000000004
2015,17,nasr,2.3079999999999927
2015,17,perez,1.188999999999993
2015,17,raikkonen,1.941999999999993
2015,17,ricciardo,0.9189999999999968
2015,17,rosberg,0.0
2015,17,rossi,4.655999999999992
2015,17,sainz,1.4620000000000033
2015,17,stevens,4.905999999999992
2015,17,vettel,0.3699999999999903
2015,18,bottas,0.8030000000000115
2015,18,button,2.1430000000000007
2015,18,ericsson,1.951000000000008
2015,18,grosjean,1.774000000000001
2015,18,hamilton,0.0780000000000029
2015,18,hulkenberg,0.983000000000004
2015,18,kvyat,1.0400000000000065
2015,18,maldonado,2.1030000000000086
2015,18,massa,1.1329999999999956
2015,18,max_verstappen,1.4300000000000068
2015,18,nasr,1.7070000000000078
2015,18,perez,1.858000000000004
2015,18,raikkonen,0.862000000000009
2015,18,ricciardo,1.1350000000000051
2015,18,rosberg,0.0
2015,18,rossi,4.869
2015,18,sainz,1.7630000000000052
2015,18,stevens,5.001000000000005
2015,18,vettel,0.5220000000000056
2015,19,alonso,2.950000000000003
2015,19,bottas,1.4190000000000111
2015,19,button,2.3329999999999984
2015,19,ericsson,3.600999999999999
2015,19,grosjean,2.348000000000013
2015,19,hamilton,0.3770000000000095
2015,19,hulkenberg,1.4490000000000125
2015,19,kvyat,1.695999999999998
2015,19,maldonado,2.5700000000000074
2015,19,massa,1.5220000000000056
2015,19,max_verstappen,2.284000000000006
2015,19,merhi,7.197000000000003
2015,19,nasr,2.659000000000006
2015,19,perez,0.9470000000000028
2015,19,raikkonen,0.8140000000000072
2015,19,ricciardo,1.2070000000000078
2015,19,rosberg,0.0
2015,19,sainz,2.2450000000000045
2015,19,stevens,6.060000000000002
2015,19,vettel,2.704000000000008
2016,1,alonso,2.2879999999999967
2016,1,bottas,2.1239999999999952
2016,1,button,2.4669999999999987
2016,1,ericsson,3.597999999999999
2016,1,grosjean,4.484999999999999
2016,1,gutierrez,5.768999999999991
2016,1,hamilton,0.0
2016,1,haryanto,5.789999999999992
2016,1,hulkenberg,2.027999999999992
2016,1,jolyon_palmer,3.4039999999999964
2016,1,kevin_magnussen,3.4599999999999937
2016,1,kvyat,4.168999999999997
2016,1,massa,1.6209999999999951
2016,1,max_verstappen,1.5969999999999942
2016,1,nasr,4.120999999999995
2016,1,perez,1.9159999999999968
2016,1,raikkonen,1.195999999999998
2016,1,ricciardo,1.7519999999999951
2016,1,rosberg,0.3599999999999994
2016,1,sainz,1.546999999999997
2016,1,vettel,0.8379999999999939
2016,1,wehrlein,5.804999999999993
2016,2,bottas,1.4380000000000024
2016,2,button,2.483000000000004
2016,2,ericsson,3.3470000000000084
2016,2,grosjean,2.263000000000005
2016,2,gutierrez,2.451999999999998
2016,2,hamilton,0.0
2016,2,haryanto,4.697000000000003
2016,2,hulkenberg,2.111000000000004
2016,2,jolyon_palmer,3.945000000000008
2016,2,kevin_magnussen,3.6880000000000015
2016,2,kvyat,2.7480000000000047
2016,2,massa,1.662000000000006
2016,2,max_verstappen,2.2789999999999964
2016,2,nasr,4.89500000000001
2016,2,perez,3.4180000000000064
2016,2,raikkonen,0.7510000000000048
2016,2,ricciardo,1.3610000000000042
2016,2,rosberg,0.0769999999999981
2016,2,sainz,2.223000000000013
2016,2,vandoorne,2.4410000000000025
2016,2,vettel,0.5190000000000055
2016,2,wehrlein,3.3130000000000024
2016,3,alonso,3.0489999999999924
2016,3,bottas,0.8939999999999912
2016,3,button,2.1910000000000025
2016,3,ericsson,2.918999999999997
2016,3,grosjean,3.022999999999996
2016,3,gutierrez,3.368000000000009
2016,3,haryanto,4.862000000000009
2016,3,hulkenberg,1.9309999999999976
2016,3,jolyon_palmer,4.125999999999991
2016,3,kevin_magnussen,3.271000000000001
2016,3,kvyat,0.997
2016,3,massa,1.9450000000000072
2016,3,max_verstappen,1.7920000000000016
2016,3,nasr,3.251999999999996
2016,3,perez,1.463000000000008
2016,3,raikkonen,0.5700000000000074
2016,3,ricciardo,0.5150000000000006
2016,3,rosberg,0.0
2016,3,sainz,1.4789999999999992
2016,3,vettel,0.7809999999999917
2016,4,alonso,2.469999999999999
2016,4,bottas,1.198999999999998
2016,4,button,2.36399999999999
2016,4,ericsson,4.182000000000002
2016,4,grosjean,2.7180000000000035
2016,4,gutierrez,2.778000000000006
2016,4,hamilton,0.4829999999999899
2016,4,haryanto,4.125999999999991
2016,4,hulkenberg,2.433999999999997
2016,4,jolyon_palmer,3.671999999999997
2016,4,kevin_magnussen,3.576999999999998
2016,4,kvyat,2.122
2016,4,massa,1.6789999999999878
2016,4,max_verstappen,2.172999999999988
2016,4,nasr,3.680999999999997
2016,4,perez,1.875
2016,4,raikkonen,1.3259999999999934
2016,4,ricciardo,1.7879999999999967
2016,4,rosberg,0.0
2016,4,sainz,2.3149999999999977
2016,4,vettel,0.7859999999999872
2016,4,wehrlein,4.061999999999998
2016,5,alonso,1.9809999999999943
2016,5,bottas,1.5219999999999914
2016,5,button,2.347999999999999
2016,5,ericsson,3.201999999999998
2016,5,grosjean,2.480000000000004
2016,5,gutierrez,2.406000000000006
2016,5,hamilton,0.0
2016,5,haryanto,3.938999999999993
2016,5,hulkenberg,2.203000000000003
2016,5,jolyon_palmer,2.902999999999992
2016,5,kevin_magnussen,2.625
2016,5,kvyat,2.444999999999993
2016,5,massa,2.9410000000000025
2016,5,max_verstappen,1.0870000000000033
2016,5,nasr,3.579000000000008
2016,5,perez,1.7819999999999965
2016,5,raikkonen,1.1129999999999995
2016,5,ricciardo,0.6800000000000068
2016,5,rosberg,0.2800000000000011
2016,5,sainz,1.643000000000001
2016,5,vettel,1.3340000000000032
2016,5,wehrlein,3.745000000000005
2016,6,alonso,1.4849999999999994
2016,6,bottas,1.6509999999999962
2016,6,button,1.730000000000004
2016,6,ericsson,2.6770000000000067
2016,6,grosjean,1.8430000000000035
2016,6,gutierrez,1.6710000000000065
2016,6,hamilton,0.3200000000000074
2016,6,haryanto,3.673000000000002
2016,6,hulkenberg,1.1039999999999992
2016,6,jolyon_palmer,2.963999999999998
2016,6,kevin_magnussen,2.435999999999993
2016,6,kvyat,1.171999999999997
2016,6,massa,1.7630000000000052
2016,6,max_verstappen,8.844999999999999
2016,6,perez,1.2800000000000011
2016,6,raikkonen,1.1099999999999994
2016,6,ricciardo,0.0
2016,6,rosberg,0.1689999999999969
2016,6,sainz,1.1269999999999951
2016,6,vettel,0.695999999999998
2016,6,wehrlein,3.8299999999999983
2016,7,alonso,1.4480000000000075
2016,7,bottas,0.8580000000000041
2016,7,button,1.625
2016,7,ericsson,2.8230000000000075
2016,7,grosjean,1.991
2016,7,gutierrez,1.7590000000000003
2016,7,hamilton,0.0
2016,7,haryanto,4.239999999999995
2016,7,hulkenberg,1.1400000000000006
2016,7,jolyon_palmer,2.6470000000000056
2016,7,kvyat,1.644999999999996
2016,7,massa,0.9570000000000078
2016,7,max_verstappen,0.6020000000000039
2016,7,nasr,3.850999999999999
2016,7,perez,1.5050000000000097
2016,7,raikkonen,0.7670000000000101
2016,7,ricciardo,0.3539999999999992
2016,7,rosberg,0.0619999999999976
2016,7,sainz,1.902000000000001
2016,7,vettel,0.1779999999999972
2016,7,wehrlein,2.787000000000006
2016,8,alonso,2.75
2016,8,bottas,1.9569999999999936
2016,8,button,3.283999999999992
2016,8,ericsson,3.710999999999984
2016,8,grosjean,2.234999999999985
2016,8,gutierrez,2.779999999999987
2016,8,hamilton,1.0060000000000002
2016,8,haryanto,3.144999999999982
2016,8,hulkenberg,2.303999999999988
2016,8,jolyon_palmer,3.8739999999999952
2016,8,kevin_magnussen,3.8279999999999887
2016,8,kvyat,2.1669999999999874
2016,8,massa,1.962999999999994
2016,8,max_verstappen,1.8669999999999904
2016,8,nasr,3.0289999999999964
2016,8,perez,0.9949999999999904
2016,8,raikkonen,1.7489999999999952
2016,8,ricciardo,1.445999999999998
2016,8,rosberg,0.0
2016,8,sainz,2.306999999999988
2016,8,vettel,1.445999999999998
2016,8,wehrlein,3.2299999999999898
2016,9,alonso,1.443000000000012
2016,9,bottas,0.6830000000000069
2016,9,button,1.3440000000000083
2016,9,ericsson,2.190000000000012
2016,9,grosjean,1.4340000000000117
2016,9,gutierrez,1.3500000000000083
2016,9,hamilton,0.0
2016,9,haryanto,1.7980000000000018
2016,9,hulkenberg,1.0290000000000106
2016,9,jolyon_palmer,1.737000000000009
2016,9,kevin_magnussen,1.713000000000008
2016,9,kvyat,2.181000000000012
2016,9,massa,0.9170000000000016
2016,9,max_verstappen,0.6380000000000052
2016,9,nasr,2.2180000000000035
2016,9,perez,1.429000000000002
2016,9,raikkonen,0.7120000000000033
2016,9,ricciardo,0.612000000000009
2016,9,rosberg,0.1750000000000113
2016,9,sainz,1.3900000000000006
2016,9,vettel,0.3740000000000094
2016,9,wehrlein,1.3370000000000033
2016,10,alonso,2.497
2016,10,bottas,2.2350000000000136
2016,10,button,3.5450000000000017
2016,10,grosjean,2.807000000000002
2016,10,gutierrez,2.994
2016,10,hamilton,0.0
2016,10,haryanto,3.855000000000004
2016,10,hulkenberg,2.527000000000001
2016,10,jolyon_palmer,3.662000000000006
2016,10,kevin_magnussen,3.486000000000004
2016,10,kvyat,3.0630000000000024
2016,10,massa,2.7590000000000146
2016,10,max_verstappen,1.0700000000000074
2016,10,nasr,4.301000000000002
2016,10,perez,2.632000000000005
2016,10,raikkonen,1.6380000000000052
2016,10,ricciardo,1.375
2016,10,rosberg,0.3629999999999995
2016,10,sainz,2.4650000000000034
2016,10,vettel,1.4680000000000035
2016,10,wehrlein,3.908000000000015
2016,11,alonso,1.2459999999999951
2016,11,bottas,2.2169999999999987
2016,11,button,1.632000000000005
2016,11,ericsson,27.019000000000005
2016,11,grosjean,4.975999999999999
2016,11,gutierrez,6.2239999999999895
2016,11,hamilton,0.1430000000000006
2016,11,haryanto,30.22399999999999
2016,11,hulkenberg,1.858000000000004
2016,11,jolyon_palmer,24.0
2016,11,kevin_magnussen,24.578000000000003
2016,11,kvyat,5.335999999999999
2016,11,massa,24.033999999999992
2016,11,max_verstappen,0.5919999999999987
2016,11,nasr,7.097999999999999
2016,11,perez,5.450999999999993
2016,11,raikkonen,5.469999999999999
2016,11,ricciardo,0.3149999999999977
2016,11,rosberg,0.0
2016,11,sainz,1.1659999999999968
2016,11,vettel,0.9089999999999918
2016,11,wehrlein,27.378
2016,12,alonso,1.6779999999999973
2016,12,bottas,1.1269999999999951
2016,12,button,1.5460000000000065
2016,12,ericsson,2.875
2016,12,grosjean,1.722999999999999
2016,12,gutierrez,1.519999999999996
2016,12,hamilton,0.1069999999999993
2016,12,haryanto,2.6140000000000043
2016,12,hulkenberg,1.1470000000000056
2016,12,jolyon_palmer,2.272999999999996
2016,12,kevin_magnussen,2.3530000000000086
2016,12,kvyat,2.513000000000005
2016,12,massa,1.2519999999999951
2016,12,max_verstappen,0.4710000000000036
2016,12,nasr,2.760000000000005
2016,12,perez,1.1370000000000005
2016,12,raikkonen,0.7789999999999964
2016,12,ricciardo,0.3629999999999995
2016,12,rosberg,0.0
2016,12,sainz,1.6260000000000048
2016,12,vettel,0.9519999999999982
2016,12,wehrlein,2.353999999999999
2016,13,bottas,0.867999999999995
2016,13,button,1.3070000000000022
2016,13,ericsson,2.326999999999998
2016,13,grosjean,1.5720000000000027
2016,13,gutierrez,1.8539999999999992
2016,13,hamilton,3.289000000000001
2016,13,hulkenberg,0.5730000000000075
2016,13,jolyon_palmer,2.144000000000005
2016,13,kevin_magnussen,1.7409999999999997
2016,13,kvyat,2.313999999999993
2016,13,massa,0.9230000000000018
2016,13,max_verstappen,0.1490000000000009
2016,13,nasr,2.2049999999999983
2016,13,ocon,2.3059999999999974
2016,13,perez,0.6629999999999967
2016,13,raikkonen,0.1659999999999968
2016,13,ricciardo,0.4720000000000084
2016,13,rosberg,0.0
2016,13,sainz,2.132000000000005
2016,13,vettel,0.3640000000000043
2016,13,wehrlein,1.8100000000000025
2016,14,alonso,2.137999999999991
2016,14,bottas,1.253
2016,14,button,2.263999999999996
2016,14,ericsson,2.951999999999998
2016,14,grosjean,1.9569999999999936
2016,14,gutierrez,1.7209999999999894
2016,14,hamilton,0.0
2016,14,hulkenberg,1.7009999999999934
2016,14,jolyon_palmer,3.094999999999999
2016,14,kevin_magnussen,3.301000000000002
2016,14,kvyat,2.6899999999999977
2016,14,massa,1.8319999999999936
2016,14,max_verstappen,1.2759999999999962
2016,14,nasr,2.820999999999998
2016,14,perez,1.6789999999999878
2016,14,raikkonen,0.9299999999999926
2016,14,ricciardo,1.253999999999991
2016,14,rosberg,0.4779999999999944
2016,14,sainz,2.36099999999999
2016,14,vettel,0.8370000000000033
2016,14,wehrlein,2.1799999999999926
2016,15,alonso,1.968999999999994
2016,15,bottas,2.156000000000006
2016,15,button,2.5600000000000023
2016,15,ericsson,3.8429999999999898
2016,15,grosjean,3.0250000000000057
2016,15,gutierrez,2.881
2016,15,hamilton,0.7039999999999935
2016,15,hulkenberg,1.894999999999996
2016,15,jolyon_palmer,4.376000000000005
2016,15,kevin_magnussen,4.241
2016,15,kvyat,1.884999999999991
2016,15,massa,2.4069999999999965
2016,15,max_verstappen,0.7439999999999998
2016,15,nasr,4.275999999999996
2016,15,ocon,5.711999999999989
2016,15,perez,1.9979999999999905
2016,15,raikkonen,0.9559999999999887
2016,15,ricciardo,0.5310000000000059
2016,15,rosberg,0.0
2016,15,sainz,1.6129999999999995
2016,15,vettel,6.5319999999999965
2016,15,wehrlein,5.082999999999998
2016,16,alonso,4.305000000000007
2016,16,bottas,1.727000000000004
2016,16,button,1.581000000000003
2016,16,ericsson,2.966000000000008
2016,16,grosjean,2.1510000000000105
2016,16,gutierrez,2.247000000000014
2016,16,hamilton,0.0
2016,16,hulkenberg,1.5910000000000082
2016,16,jolyon_palmer,3.149000000000001
2016,16,kevin_magnussen,2.4270000000000067
2016,16,kvyat,2.519000000000005
2016,16,massa,1.5720000000000027
2016,16,max_verstappen,0.5700000000000074
2016,16,nasr,3.099000000000004
2016,16,ocon,3.600999999999999
2016,16,perez,1.4690000000000083
2016,16,raikkonen,0.7820000000000107
2016,16,ricciardo,0.6170000000000044
2016,16,rosberg,0.4140000000000157
2016,16,sainz,2.524000000000001
2016,16,vettel,0.7340000000000089
2016,16,wehrlein,3.737000000000009
2016,17,alonso,2.0420000000000016
2016,17,bottas,1.6680000000000064
2016,17,button,2.204000000000008
2016,17,ericsson,2.575000000000017
2016,17,grosjean,1.3140000000000072
2016,17,gutierrez,1.5080000000000098
2016,17,hamilton,0.0130000000000052
2016,17,hulkenberg,1.4950000000000043
2016,17,jolyon_palmer,2.149000000000001
2016,17,kevin_magnussen,2.3760000000000048
2016,17,kvyat,1.975999999999999
2016,17,massa,1.733000000000004
2016,17,max_verstappen,0.5310000000000059
2016,17,nasr,2.6850000000000023
2016,17,ocon,2.7060000000000173
2016,17,perez,1.3140000000000072
2016,17,raikkonen,0.3020000000000067
2016,17,ricciardo,0.5930000000000035
2016,17,rosberg,0.0
2016,17,sainz,2.038000000000011
2016,17,vettel,0.3810000000000002
2016,17,wehrlein,2.914000000000016
2016,18,alonso,2.4180000000000064
2016,18,bottas,2.1170000000000044
2016,18,button,3.328000000000003
2016,18,ericsson,3.040999999999997
2016,18,grosjean,3.308999999999997
2016,18,gutierrez,2.774000000000001
2016,18,hamilton,0.0
2016,18,hulkenberg,1.6270000000000095
2016,18,jolyon_palmer,2.936000000000007
2016,18,kevin_magnussen,3.318000000000012
2016,18,kvyat,2.4809999999999945
2016,18,massa,2.2150000000000034
2016,18,max_verstappen,0.7480000000000047
2016,18,nasr,3.584000000000003
2016,18,ocon,3.807000000000002
2016,18,perez,2.346000000000004
2016,18,raikkonen,1.132000000000005
2016,18,ricciardo,0.5100000000000051
2016,18,rosberg,0.2160000000000081
2016,18,sainz,2.176000000000002
2016,18,vettel,1.3590000000000089
2016,18,wehrlein,3.5490000000000066
2016,19,alonso,1.5779999999999887
2016,19,bottas,0.8469999999999942
2016,19,button,1.968999999999994
2016,19,ericsson,2.35799999999999
2016,19,grosjean,3.211999999999989
2016,19,gutierrez,2.6969999999999885
2016,19,hamilton,0.0
2016,19,hulkenberg,0.6259999999999906
2016,19,kevin_magnussen,2.4269999999999925
2016,19,kvyat,2.75
2016,19,massa,1.3279999999999887
2016,19,max_verstappen,0.2680000000000007
2016,19,nasr,2.9879999999999995
2016,19,ocon,3.1769999999999925
2016,19,perez,1.5829999999999984
2016,19,raikkonen,0.671999999999997
2016,19,ricciardo,0.4289999999999878
2016,19,rosberg,0.2539999999999907
2016,19,sainz,1.4649999999999892
2016,19,vettel,0.6769999999999925
2016,19,wehrlein,2.658999999999992
2016,20,alonso,1.5300000000000011
2016,20,bottas,1.6839999999999975
2016,20,button,2.539999999999992
2016,20,ericsson,2.8870000000000005
2016,20,grosjean,1.2009999999999934
2016,20,gutierrez,1.6949999999999932
2016,20,hamilton,0.0
2016,20,hulkenberg,1.367999999999995
2016,20,jolyon_palmer,2.521999999999992
2016,20,kevin_magnussen,2.6739999999999924
2016,20,kvyat,1.9899999999999949
2016,20,massa,1.695999999999998
2016,20,max_verstappen,0.7489999999999952
2016,20,nasr,2.944999999999993
2016,20,ocon,2.695999999999998
2016,20,perez,1.4289999999999878
2016,20,raikkonen,0.6679999999999922
2016,20,ricciardo,0.8039999999999878
2016,20,rosberg,0.1019999999999896
2016,20,sainz,2.183999999999997
2016,20,vettel,0.7590000000000003
2016,20,wehrlein,2.6909999999999883
2016,21,alonso,2.289000000000001
2016,21,bottas,2.329000000000008
2016,21,button,2.403000000000006
2016,21,ericsson,3.882000000000005
2016,21,grosjean,2.712000000000004
2016,21,gutierrez,2.7249999999999943
2016,21,hamilton,0.0
2016,21,hulkenberg,1.746000000000009
2016,21,jolyon_palmer,3.0200000000000102
2016,21,kevin_magnussen,3.3870000000000005
2016,21,kvyat,3.2480000000000047
2016,21,massa,2.1030000000000086
2016,21,max_verstappen,1.0630000000000024
2016,21,nasr,3.4920000000000044
2016,21,ocon,3.531000000000006
2016,21,perez,1.76400000000001
2016,21,raikkonen,0.8490000000000038
2016,21,ricciardo,0.8340000000000032
2016,21,rosberg,0.3029999999999972
2016,21,sainz,3.638000000000005
2016,21,vettel,0.906000000000006
2016,21,wehrlein,3.131
2017,1,alonso,3.2369999999999948
2017,1,bottas,0.2929999999999921
2017,1,ericsson,4.048000000000002
2017,1,giovinazzi,4.2309999999999945
2017,1,grosjean,1.885999999999996
2017,1,hamilton,0.0
2017,1,hulkenberg,2.786999999999992
2017,1,jolyon_palmer,6.055999999999997
2017,1,kevin_magnussen,4.659000000000006
2017,1,kvyat,2.323999999999998
2017,1,massa,2.2549999999999955
2017,1,max_verstappen,1.296999999999997
2017,1,ocon,3.3799999999999955
2017,1,perez,2.8759999999999906
2017,1,raikkonen,0.8449999999999989
2017,1,ricciardo,1.801000000000002
2017,1,sainz,2.2989999999999924
2017,1,stroll,4.954999999999998
2017,1,vandoorne,4.670000000000002
2017,1,vettel,0.2680000000000007
2017,2,alonso,2.6940000000000026
2017,2,bottas,0.1869999999999976
2017,2,ericsson,3.213999999999998
2017,2,giovinazzi,3.2849999999999966
2017,2,grosjean,3.5450000000000017
2017,2,hamilton,0.0
2017,2,hulkenberg,1.902000000000001
2017,2,jolyon_palmer,3.600999999999999
2017,2,kevin_magnussen,2.486000000000004
2017,2,kvyat,2.040999999999997
2017,2,massa,1.8290000000000075
2017,2,max_verstappen,3.754999999999995
2017,2,ocon,3.818000000000012
2017,2,perez,2.028000000000006
2017,2,raikkonen,0.4620000000000033
2017,2,ricciardo,1.355000000000004
2017,2,sainz,2.4720000000000084
2017,2,stroll,2.3079999999999927
2017,2,vandoorne,3.344999999999999
2017,2,vettel,0.186000000000007
2017,3,alonso,3.2849999999999966
2017,3,bottas,0.0
2017,3,ericsson,3.774000000000001
2017,3,grosjean,1.994
2017,3,hamilton,0.0229999999999961
2017,3,hulkenberg,1.0729999999999933
2017,3,jolyon_palmer,2.1299999999999955
2017,3,kevin_magnussen,4.131
2017,3,kvyat,2.1539999999999964
2017,3,massa,1.3049999999999926
2017,3,max_verstappen,0.9179999999999922
2017,3,ocon,2.914999999999992
2017,3,perez,3.5489999999999924
2017,3,raikkonen,0.7980000000000018
2017,3,ricciardo,0.7759999999999962
2017,3,sainz,3.348999999999989
2017,3,stroll,2.399000000000001
2017,3,vandoorne,3.543999999999997
2017,3,vettel,0.4779999999999944
2017,3,wehrlein,2.644999999999996
2017,4,alonso,3.159000000000006
2017,4,bottas,0.0700000000000073
2017,4,ericsson,4.313000000000002
2017,4,grosjean,4.426000000000002
2017,4,hamilton,0.5659999999999883
2017,4,hulkenberg,2.090999999999994
2017,4,jolyon_palmer,3.2680000000000007
2017,4,kevin_magnussen,2.8229999999999933
2017,4,kvyat,2.774000000000001
2017,4,massa,1.855000000000004
2017,4,max_verstappen,1.9669999999999987
2017,4,ocon,2.1779999999999973
2017,4,perez,2.1430000000000007
2017,4,raikkonen,0.0589999999999975
2017,4,ricciardo,1.7109999999999983
2017,4,sainz,2.632999999999996
2017,4,stroll,2.769999999999996
2017,4,vandoorne,3.875999999999991
2017,4,vettel,0.0
2017,4,wehrlein,4.137999999999991
2017,5,alonso,1.899000000000001
2017,5,bottas,0.2240000000000037
2017,5,ericsson,3.1829999999999927
2017,5,grosjean,2.367999999999995
2017,5,hamilton,0.0
2017,5,hulkenberg,2.2479999999999905
2017,5,jolyon_palmer,3.251999999999996
2017,5,kevin_magnussen,2.180000000000007
2017,5,kvyat,3.596999999999994
2017,5,massa,2.0730000000000075
2017,5,max_verstappen,0.5570000000000022
2017,5,ocon,1.9989999999999952
2017,5,perez,1.9209999999999925
2017,5,raikkonen,0.289999999999992
2017,5,ricciardo,1.0259999999999962
2017,5,sainz,2.221999999999994
2017,5,stroll,3.2620000000000005
2017,5,vandoorne,3.382999999999996
2017,5,vettel,0.0510000000000019
2017,5,wehrlein,2.6539999999999964
2017,6,bottas,0.0450000000000017
2017,6,button,1.2750000000000057
2017,6,ericsson,3.097999999999999
2017,6,grosjean,1.0250000000000057
2017,6,hamilton,1.4620000000000033
2017,6,hulkenberg,1.4500000000000028
2017,6,jolyon_palmer,2.5180000000000007
2017,6,kevin_magnussen,1.3530000000000086
2017,6,kvyat,1.338000000000008
2017,6,massa,1.617999999999995
2017,6,max_verstappen,0.3179999999999978
2017,6,ocon,1.9230000000000016
2017,6,perez,1.1510000000000105
2017,6,raikkonen,0.0
2017,6,ricciardo,0.8200000000000074
2017,6,sainz,0.9840000000000088
2017,6,stroll,2.7150000000000034
2017,6,vandoorne,1.070999999999998
2017,6,vettel,0.0430000000000063
2017,6,wehrlein,2.9810000000000088
2017,7,alonso,2.2099999999999937
2017,7,bottas,0.7179999999999893
2017,7,ericsson,3.036000000000002
2017,7,grosjean,2.320999999999998
2017,7,hamilton,0.0
2017,7,hulkenberg,1.8119999999999976
2017,7,jolyon_palmer,2.530999999999992
2017,7,kevin_magnussen,2.8589999999999947
2017,7,kvyat,2.2309999999999945
2017,7,massa,1.399000000000001
2017,7,max_verstappen,0.9440000000000026
2017,7,ocon,1.676000000000002
2017,7,perez,1.5589999999999975
2017,7,raikkonen,0.7929999999999922
2017,7,ricciardo,1.097999999999999
2017,7,sainz,2.296999999999997
2017,7,stroll,2.75
2017,7,vandoorne,2.722999999999999
2017,7,vettel,0.3299999999999983
2017,7,wehrlein,3.350999999999999
2017,8,alonso,3.741
2017,8,bottas,0.4339999999999975
2017,8,ericsson,4.201999999999998
2017,8,grosjean,3.875
2017,8,hamilton,0.0
2017,8,hulkenberg,3.337000000000004
2017,8,kevin_magnussen,3.2029999999999887
2017,8,kvyat,2.333999999999989
2017,8,massa,2.141999999999996
2017,8,max_verstappen,1.2859999999999872
2017,8,ocon,1.5930000000000035
2017,8,perez,1.5179999999999865
2017,8,raikkonen,1.0999999999999943
2017,8,ricciardo,1.622
2017,8,sainz,2.754000000000005
2017,8,stroll,1.6909999999999883
2017,8,vandoorne,4.436999999999998
2017,8,vettel,1.2480000000000049
2017,8,wehrlein,3.724000000000004
2017,9,alonso,1.350999999999999
2017,9,bottas,0.0
2017,9,ericsson,2.6059999999999945
2017,9,grosjean,1.0679999999999978
2017,9,hamilton,0.1730000000000018
2017,9,hulkenberg,1.3459999999999894
2017,9,jolyon_palmer,2.093999999999994
2017,9,kevin_magnussen,1.891999999999996
2017,9,kvyat,1.6329999999999956
2017,9,massa,2.2830000000000013
2017,9,max_verstappen,0.6970000000000027
2017,9,ocon,1.2989999999999924
2017,9,perez,1.1839999999999975
2017,9,raikkonen,0.5279999999999916
2017,9,ricciardo,0.644999999999996
2017,9,sainz,1.2929999999999922
2017,9,stroll,2.357
2017,9,vandoorne,1.4899999999999949
2017,9,vettel,0.0420000000000015
2017,9,wehrlein,2.759999999999991
2017,10,alonso,4.0
2017,10,bottas,0.7760000000000105
2017,10,ericsson,16.033000000000015
2017,10,grosjean,2.9490000000000123
2017,10,hamilton,0.0
2017,10,hulkenberg,2.256
2017,10,jolyon_palmer,3.5930000000000035
2017,10,kevin_magnussen,15.977000000000004
2017,10,kvyat,3.7550000000000097
2017,10,massa,4.882000000000005
2017,10,max_verstappen,1.5300000000000011
2017,10,ocon,2.474000000000004
2017,10,perez,2.3020000000000067
2017,10,raikkonen,0.546999999999997
2017,10,ricciardo,16.366000000000014
2017,10,sainz,4.768000000000001
2017,10,stroll,15.973000000000011
2017,10,vandoorne,2.818000000000012
2017,10,vettel,0.7560000000000002
2017,10,wehrlein,15.99300000000001
2017,11,alonso,1.2730000000000103
2017,11,bottas,0.2540000000000049
2017,11,ericsson,3.696000000000012
2017,11,grosjean,2.4950000000000045
2017,11,hamilton,0.4170000000000016
2017,11,hulkenberg,1.1920000000000073
2017,11,jolyon_palmer,2.138999999999996
2017,11,kevin_magnussen,2.8190000000000026
2017,11,kvyat,2.2620000000000005
2017,11,max_verstappen,0.5210000000000008
2017,11,ocon,2.2190000000000083
2017,11,perez,2.3629999999999995
2017,11,raikkonen,0.1680000000000063
2017,11,resta,3.5919999999999987
2017,11,ricciardo,0.5420000000000016
2017,11,sainz,2.035000000000011
2017,11,stroll,2.826000000000008
2017,11,vandoorne,1.6180000000000092
2017,11,vettel,0.0
2017,11,wehrlein,3.5630000000000024
2017,12,alonso,2.537000000000006
2017,12,bottas,0.5409999999999968
2017,12,ericsson,4.661000000000001
2017,12,grosjean,2.5800000000000125
2017,12,hamilton,0.0
2017,12,hulkenberg,2.429000000000002
2017,12,jolyon_palmer,2.132000000000005
2017,12,kevin_magnussen,2.8470000000000084
2017,12,kvyat,3.4749999999999943
2017,12,massa,3.2700000000000102
2017,12,max_verstappen,0.8269999999999982
2017,12,ocon,2.453000000000003
2017,12,perez,2.341000000000008
2017,12,raikkonen,0.717000000000013
2017,12,ricciardo,1.3100000000000025
2017,12,sainz,2.820999999999998
2017,12,stroll,4.361999999999995
2017,12,vandoorne,2.888000000000005
2017,12,vettel,0.2420000000000044
2017,12,wehrlein,5.126000000000005
2017,13,alonso,3.5420000000000016
2017,13,bottas,0.7360000000000042
2017,13,ericsson,7.072000000000003
2017,13,grosjean,8.694999999999993
2017,13,hamilton,0.0
2017,13,hulkenberg,3.399000000000001
2017,13,jolyon_palmer,5.986000000000004
2017,13,kevin_magnussen,5.829000000000008
2017,13,kvyat,3.585000000000008
2017,13,massa,2.7960000000000065
2017,13,max_verstappen,1.453000000000003
2017,13,ocon,2.9200000000000017
2017,13,perez,2.921999999999997
2017,13,raikkonen,2.3710000000000093
2017,13,ricciardo,2.181000000000012
2017,13,sainz,3.866000000000014
2017,13,stroll,2.342000000000013
2017,13,vandoorne,2.811000000000007
2017,13,vettel,1.5630000000000024
2017,13,wehrlein,7.215000000000003
2017,14,alonso,1.6880000000000024
2017,14,bottas,1.3190000000000026
2017,14,ericsson,6.0789999999999935
2017,14,grosjean,4.13600000000001
2017,14,hamilton,0.6350000000000051
2017,14,hulkenberg,1.5220000000000056
2017,14,jolyon_palmer,2.616
2017,14,kevin_magnussen,4.265000000000001
2017,14,kvyat,2.846999999999994
2017,14,massa,4.52300000000001
2017,14,max_verstappen,0.3229999999999933
2017,14,ocon,3.2689999999999912
2017,14,perez,2.7550000000000097
2017,14,raikkonen,0.578000000000003
2017,14,ricciardo,0.3490000000000037
2017,14,sainz,2.3349999999999937
2017,14,stroll,5.237000000000009
2017,14,vandoorne,1.7360000000000042
2017,14,vettel,0.0
2017,14,wehrlein,5.567999999999998
2017,15,alonso,1.6280000000000143
2017,15,bottas,0.6820000000000022
2017,15,ericsson,3.8940000000000055
2017,15,gasly,2.471000000000004
2017,15,grosjean,3.232
2017,15,hamilton,0.0
2017,15,hulkenberg,1.531000000000006
2017,15,jolyon_palmer,2.024000000000001
2017,15,kevin_magnussen,3.358000000000004
2017,15,massa,1.9579999999999984
2017,15,max_verstappen,0.4650000000000034
2017,15,ocon,1.4020000000000152
2017,15,perez,1.4080000000000157
2017,15,raikkonen,0.0450000000000017
2017,15,ricciardo,0.5190000000000055
2017,15,sainz,2.326000000000008
2017,15,stroll,2.2310000000000088
2017,15,vandoorne,1.5060000000000002
2017,15,wehrlein,3.4070000000000107
2017,16,alonso,2.4299999999999926
2017,16,bottas,0.3319999999999936
2017,16,ericsson,4.278000000000006
2017,16,gasly,3.9980000000000047
2017,16,grosjean,3.530000000000001
2017,16,hamilton,0.0
2017,16,hulkenberg,2.5600000000000023
2017,16,jolyon_palmer,2.7029999999999887
2017,16,kevin_magnussen,2.653000000000006
2017,16,massa,2.161000000000002
2017,16,max_verstappen,1.012999999999991
2017,16,ocon,1.7920000000000016
2017,16,perez,1.9410000000000025
2017,16,raikkonen,1.179000000000002
2017,16,ricciardo,0.9869999999999948
2017,16,sainz,3.093999999999994
2017,16,stroll,4.089999999999989
2017,16,vandoorne,2.458999999999989
2017,16,vettel,0.4719999999999942
2017,16,wehrlein,4.5660000000000025
2017,17,alonso,1.899000000000001
2017,17,bottas,0.4599999999999937
2017,17,brendon_hartley,3.781000000000006
2017,17,ericsson,3.733999999999994
2017,17,grosjean,2.7620000000000005
2017,17,hamilton,0.0
2017,17,hulkenberg,2.632000000000005
2017,17,kevin_magnussen,4.286000000000001
2017,17,kvyat,2.4209999999999923
2017,17,massa,2.046999999999997
2017,17,max_verstappen,0.5499999999999972
2017,17,ocon,1.5389999999999873
2017,17,perez,1.6809999999999974
2017,17,raikkonen,0.4689999999999941
2017,17,ricciardo,0.4689999999999941
2017,17,sainz,1.7439999999999998
2017,17,stroll,3.759999999999991
2017,17,vandoorne,2.532999999999987
2017,17,vettel,0.2390000000000043
2017,17,wehrlein,4.070999999999998
2017,18,alonso,1.2220000000000084
2017,18,bottas,0.4699999999999988
2017,18,brendon_hartley,2.194999999999993
2017,18,ericsson,2.6880000000000024
2017,18,grosjean,2.984999999999999
2017,18,hamilton,0.4459999999999979
2017,18,hulkenberg,0.9780000000000086
2017,18,kevin_magnussen,2.9549999999999983
2017,18,massa,1.6110000000000042
2017,18,max_verstappen,0.0360000000000013
2017,18,ocon,0.948999999999998
2017,18,perez,1.3190000000000026
2017,18,raikkonen,0.75
2017,18,ricciardo,0.9590000000000032
2017,18,sainz,1.2650000000000006
2017,18,stroll,2.414000000000001
2017,18,vandoorne,2.0900000000000034
2017,18,vettel,0.0
2017,18,wehrlein,2.844999999999999
2017,19,alonso,1.2710000000000008
2017,19,bottas,0.0
2017,19,brendon_hartley,2.3029999999999973
2017,19,ericsson,2.5529999999999973
2017,19,gasly,2.3640000000000043
2017,19,grosjean,1.5570000000000022
2017,19,hulkenberg,1.3810000000000002
2017,19,kevin_magnussen,1.8319999999999936
2017,19,massa,1.289999999999992
2017,19,max_verstappen,0.6029999999999944
2017,19,ocon,1.5079999999999956
2017,19,perez,1.2759999999999962
2017,19,raikkonen,0.2159999999999939
2017,19,ricciardo,1.0079999999999956
2017,19,sainz,1.445999999999998
2017,19,stroll,2.453999999999993
2017,19,vandoorne,1.793999999999997
2017,19,vettel,0.0379999999999967
2017,19,wehrlein,2.3559999999999945
2017,20,alonso,2.405000000000001
2017,20,bottas,0.0
2017,20,brendon_hartley,4.240000000000009
2017,20,ericsson,3.763000000000005
2017,20,gasly,3.492999999999995
2017,20,grosjean,3.2849999999999966
2017,20,hamilton,0.171999999999997
2017,20,hulkenberg,1.907000000000011
2017,20,kevin_magnussen,3.067000000000008
2017,20,massa,2.3190000000000026
2017,20,max_verstappen,1.0970000000000084
2017,20,ocon,2.161000000000002
2017,20,perez,2.1280000000000143
2017,20,raikkonen,0.7540000000000049
2017,20,ricciardo,0.7280000000000086
2017,20,sainz,2.494
2017,20,stroll,3.2720000000000056
2017,20,vandoorne,2.5460000000000065
2017,20,vettel,0.5460000000000065
2017,20,wehrlein,3.699000000000012
2018,1,alonso,2.433000000000007
2018,1,bottas,0.9249999999999972
2018,1,brendon_hartley,3.367999999999995
2018,1,ericsson,3.391999999999996
2018,1,gasly,4.131
2018,1,grosjean,2.174999999999997
2018,1,hamilton,0.0
2018,1,hulkenberg,2.367999999999995
2018,1,kevin_magnussen,2.022999999999996
2018,1,leclerc,3.471999999999994
2018,1,max_verstappen,0.7150000000000034
2018,1,ocon,3.338999999999998
2018,1,perez,2.840999999999994
2018,1,raikkonen,0.6640000000000015
2018,1,ricciardo,0.9879999999999995
2018,1,sainz,1.8970000000000056
2018,1,sirotkin,3.757999999999995
2018,1,stroll,3.0660000000000025
2018,1,vandoorne,2.689000000000007
2018,1,vettel,0.6739999999999924
2018,2,alonso,2.254000000000005
2018,2,bottas,0.1659999999999968
2018,2,brendon_hartley,2.1470000000000056
2018,2,ericsson,3.105000000000004
2018,2,gasly,1.371000000000009
2018,2,grosjean,2.5720000000000027
2018,2,hamilton,0.2620000000000004
2018,2,hulkenberg,1.2289999999999992
2018,2,kevin_magnussen,1.4000000000000057
2018,2,leclerc,3.462000000000004
2018,2,max_verstappen,1.4159999999999968
2018,2,ocon,1.9159999999999968
2018,2,perez,2.1980000000000075
2018,2,raikkonen,0.1430000000000006
2018,2,ricciardo,0.4399999999999977
2018,2,sainz,1.843999999999994
2018,2,sirotkin,3.456000000000003
2018,2,stroll,3.5450000000000017
2018,2,vandoorne,2.521000000000001
2018,2,vettel,0.0
2018,3,alonso,2.1370000000000005
2018,3,bottas,0.5300000000000011
2018,3,brendon_hartley,2.700000000000003
2018,3,ericsson,3.8190000000000026
2018,3,gasly,3.006
2018,3,grosjean,1.429000000000002
2018,3,hamilton,0.5799999999999983
2018,3,hulkenberg,1.399000000000001
2018,3,kevin_magnussen,1.8909999999999911
2018,3,leclerc,3.359000000000009
2018,3,max_verstappen,0.7009999999999934
2018,3,ocon,1.9620000000000035
2018,3,perez,1.663000000000011
2018,3,raikkonen,0.0870000000000033
2018,3,ricciardo,0.8530000000000086
2018,3,sainz,1.7240000000000038
2018,3,sirotkin,2.9669999999999987
2018,3,stroll,3.1899999999999977
2018,3,vandoorne,2.4099999999999966
2018,3,vettel,0.0
2018,4,alonso,2.5120000000000005
2018,4,bottas,0.3390000000000128
2018,4,brendon_hartley,15.856000000000009
2018,4,ericsson,4.043000000000006
2018,4,gasly,2.998000000000019
2018,4,hamilton,0.179000000000002
2018,4,hulkenberg,1.568000000000012
2018,4,kevin_magnussen,2.176000000000016
2018,4,leclerc,2.254000000000019
2018,4,max_verstappen,0.4960000000000093
2018,4,ocon,1.0250000000000057
2018,4,perez,1.0490000000000066
2018,4,raikkonen,0.9920000000000186
2018,4,ricciardo,0.4130000000000109
2018,4,sainz,1.8530000000000089
2018,4,sirotkin,2.388000000000005
2018,4,stroll,2.087000000000017
2018,4,vandoorne,2.991000000000014
2018,4,vettel,0.0
2018,5,alonso,1.5480000000000018
2018,5,bottas,0.039999999999992
2018,5,ericsson,3.319999999999993
2018,5,gasly,2.289999999999992
2018,5,grosjean,1.5259999999999962
2018,5,hamilton,0.0
2018,5,hulkenberg,2.75
2018,5,kevin_magnussen,1.4449999999999932
2018,5,leclerc,2.4879999999999995
2018,5,max_verstappen,0.6430000000000007
2018,5,ocon,2.522999999999996
2018,5,perez,2.566999999999993
2018,5,raikkonen,0.4389999999999929
2018,5,ricciardo,0.644999999999996
2018,5,sainz,1.6169999999999902
2018,5,sirotkin,3.521999999999992
2018,5,stroll,4.0519999999999925
2018,5,vandoorne,2.1500000000000057
2018,5,vettel,0.132000000000005
2018,6,alonso,1.2999999999999972
2018,6,bottas,0.6310000000000002
2018,6,brendon_hartley,2.369
2018,6,ericsson,2.4549999999999983
2018,6,gasly,1.4110000000000014
2018,6,grosjean,1.917999999999992
2018,6,hamilton,0.421999999999997
2018,6,hulkenberg,1.600999999999999
2018,6,kevin_magnussen,2.5829999999999984
2018,6,leclerc,1.9039999999999964
2018,6,ocon,1.2510000000000048
2018,6,perez,1.343999999999994
2018,6,raikkonen,0.456000000000003
2018,6,ricciardo,0.0
2018,6,sainz,1.3199999999999932
2018,6,sirotkin,1.7109999999999983
2018,6,stroll,2.513000000000005
2018,6,vandoorne,1.6299999999999957
2018,6,vettel,0.2289999999999992
2018,7,alonso,2.0919999999999987
2018,7,bottas,0.0930000000000035
2018,7,brendon_hartley,1.8230000000000075
2018,7,ericsson,3.829000000000008
2018,7,gasly,2.2830000000000013
2018,7,hamilton,0.2319999999999993
2018,7,hulkenberg,1.152000000000001
2018,7,kevin_magnussen,1.8419999999999987
2018,7,leclerc,1.8970000000000056
2018,7,max_verstappen,0.1730000000000018
2018,7,ocon,1.3200000000000074
2018,7,perez,1.6310000000000002
2018,7,raikkonen,0.331000000000003
2018,7,ricciardo,0.3520000000000038
2018,7,sainz,1.3329999999999984
2018,7,sirotkin,2.879000000000005
2018,7,stroll,2.826000000000008
2018,7,vandoorne,2.100999999999999
2018,7,vettel,0.0
2018,8,alonso,2.9470000000000027
2018,8,bottas,0.117999999999995
2018,8,brendon_hartley,2.9960000000000093
2018,8,ericsson,2.7750000000000057
2018,8,gasly,2.4180000000000064
2018,8,grosjean,1.443000000000012
2018,8,hamilton,0.0
2018,8,hulkenberg,2.0860000000000127
2018,8,kevin_magnussen,1.4810000000000088
2018,8,leclerc,2.0260000000000105
2018,8,max_verstappen,0.6760000000000019
2018,8,ocon,2.0460000000000065
2018,8,perez,2.425000000000012
2018,8,raikkonen,0.742999999999995
2018,8,ricciardo,0.8659999999999997
2018,8,sainz,1.9869999999999948
2018,8,sirotkin,3.6069999999999993
2018,8,stroll,3.700000000000003
2018,8,vandoorne,3.1330000000000098
2018,8,vettel,0.3710000000000093
2018,9,alonso,1.8350000000000009
2018,9,bottas,0.0
2018,9,brendon_hartley,2.235999999999997
2018,9,ericsson,2.3489999999999966
2018,9,gasly,1.743999999999993
2018,9,grosjean,0.7620000000000005
2018,9,hamilton,0.0189999999999983
2018,9,hulkenberg,1.5459999999999994
2018,9,kevin_magnussen,0.9209999999999994
2018,9,leclerc,1.836999999999996
2018,9,max_verstappen,0.7100000000000009
2018,9,ocon,1.7149999999999963
2018,9,perez,2.148999999999994
2018,9,raikkonen,0.529999999999994
2018,9,ricciardo,0.8659999999999997
2018,9,sainz,1.4310000000000045
2018,9,sirotkin,2.192
2018,9,stroll,2.133999999999993
2018,9,vandoorne,2.1409999999999982
2018,9,vettel,0.3339999999999961
2018,10,alonso,2.247
2018,10,bottas,0.3250000000000028
2018,10,ericsson,2.357
2018,10,gasly,2.451000000000008
2018,10,grosjean,1.5630000000000024
2018,10,hamilton,0.0
2018,10,hulkenberg,2.0090000000000003
2018,10,kevin_magnussen,1.352000000000004
2018,10,leclerc,1.897999999999996
2018,10,max_verstappen,0.710000000000008
2018,10,ocon,1.951000000000008
2018,10,perez,2.036000000000002
2018,10,raikkonen,0.0979999999999989
2018,10,ricciardo,1.2070000000000078
2018,10,sainz,2.564000000000007
2018,10,sirotkin,3.359999999999999
2018,10,vandoorne,3.204000000000008
2018,10,vettel,0.0440000000000111
2018,11,alonso,2.402000000000001
2018,11,bottas,0.2039999999999935
2018,11,brendon_hartley,2.8329999999999984
2018,11,ericsson,2.3499999999999943
2018,11,gasly,2.536999999999992
2018,11,grosjean,1.3319999999999936
2018,11,hamilton,1.7999999999999972
2018,11,hulkenberg,1.347999999999999
2018,11,kevin_magnussen,0.9879999999999995
2018,11,leclerc,1.5049999999999957
2018,11,max_verstappen,0.6099999999999994
2018,11,ocon,2.507999999999996
2018,11,perez,1.5619999999999976
2018,11,raikkonen,0.3349999999999937
2018,11,ricciardo,2.1059999999999945
2018,11,sainz,1.480000000000004
2018,11,sirotkin,2.489999999999995
2018,11,stroll,2.994
2018,11,vandoorne,3.188999999999993
2018,11,vettel,0.0
2018,12,alonso,1.5420000000000016
2018,12,bottas,0.4570000000000078
2018,12,brendon_hartley,1.7630000000000052
2018,12,ericsson,1.9749999999999943
2018,12,gasly,1.9110000000000016
2018,12,grosjean,1.2349999999999994
2018,12,hamilton,0.7530000000000001
2018,12,hulkenberg,1.2390000000000043
2018,12,kevin_magnussen,1.647999999999996
2018,12,leclerc,2.1510000000000105
2018,12,max_verstappen,0.2740000000000009
2018,12,ocon,2.475999999999999
2018,12,perez,2.534000000000006
2018,12,raikkonen,0.8599999999999994
2018,12,ricciardo,1.8739999999999952
2018,12,sainz,1.163000000000011
2018,12,sirotkin,2.635000000000005
2018,12,stroll,1.8940000000000057
2018,12,vandoorne,2.116
2018,12,vettel,0.0
2018,13,alonso,3.415999999999997
2018,13,bottas,0.6899999999999977
2018,13,brendon_hartley,2.3640000000000043
2018,13,ericsson,2.344999999999999
2018,13,gasly,2.3429999999999893
2018,13,grosjean,1.5409999999999968
2018,13,hamilton,0.0519999999999925
2018,13,hulkenberg,2.644000000000005
2018,13,kevin_magnussen,1.8189999999999884
2018,13,leclerc,2.152999999999992
2018,13,max_verstappen,1.0529999999999973
2018,13,ocon,1.8009999999999875
2018,13,perez,1.5130000000000052
2018,13,raikkonen,0.0319999999999964
2018,13,ricciardo,1.625
2018,13,sainz,2.9879999999999995
2018,13,sirotkin,3.4969999999999857
2018,13,stroll,3.632999999999995
2018,13,vandoorne,3.805999999999997
2018,13,vettel,0.0
2018,14,alonso,2.7309999999999945
2018,14,bottas,0.5370000000000061
2018,14,brendon_hartley,2.8149999999999977
2018,14,ericsson,2.929000000000002
2018,14,gasly,2.2309999999999945
2018,14,grosjean,1.8170000000000075
2018,14,hamilton,0.1749999999999971
2018,14,hulkenberg,2.682000000000002
2018,14,kevin_magnussen,2.549999999999997
2018,14,leclerc,2.769999999999996
2018,14,max_verstappen,1.2139999999999986
2018,14,ocon,1.980000000000004
2018,14,perez,2.769000000000005
2018,14,raikkonen,0.0
2018,14,ricciardo,2.161000000000002
2018,14,sainz,1.921999999999997
2018,14,sirotkin,2.6129999999999995
2018,14,stroll,2.375
2018,14,vandoorne,2.966000000000008
2018,14,vettel,0.1610000000000013
2018,15,alonso,2.6259999999999906
2018,15,bottas,0.6869999999999976
2018,15,brendon_hartley,3.793999999999997
2018,15,ericsson,3.350999999999999
2018,15,gasly,3.599000000000004
2018,15,grosjean,2.3049999999999926
2018,15,hamilton,0.0
2018,15,hulkenberg,2.4350000000000023
2018,15,kevin_magnussen,3.629000000000005
2018,15,leclerc,2.732
2018,15,max_verstappen,0.3190000000000026
2018,15,ocon,2.3500000000000085
2018,15,perez,1.9699999999999989
2018,15,raikkonen,0.7789999999999964
2018,15,ricciardo,0.9810000000000088
2018,15,sainz,2.701000000000008
2018,15,sirotkin,5.248000000000005
2018,15,stroll,5.319000000000003
2018,15,vandoorne,3.849000000000004
2018,15,vettel,0.6129999999999995
2018,16,alonso,4.11699999999999
2018,16,bottas,0.0
2018,16,brendon_hartley,3.6500000000000057
2018,16,ericsson,2.608000000000004
2018,16,gasly,2.9960000000000093
2018,16,grosjean,2.1299999999999955
2018,16,hamilton,0.144999999999996
2018,16,hulkenberg,3.2680000000000007
2018,16,kevin_magnussen,1.793999999999997
2018,16,leclerc,2.0319999999999965
2018,16,max_verstappen,1.6610000000000014
2018,16,ocon,2.025999999999996
2018,16,perez,2.176000000000002
2018,16,raikkonen,0.8499999999999943
2018,16,ricciardo,1.8599999999999992
2018,16,sainz,3.2390000000000043
2018,16,sirotkin,4.224999999999994
2018,16,stroll,5.049999999999997
2018,16,vandoorne,4.590000000000003
2018,16,vettel,0.5559999999999974
2018,17,alonso,2.8130000000000024
2018,17,bottas,0.2269999999999896
2018,17,brendon_hartley,2.087999999999994
2018,17,ericsson,3.4529999999999887
2018,17,gasly,2.049999999999997
2018,17,grosjean,1.917999999999992
2018,17,hamilton,0.0
2018,17,hulkenberg,2.600999999999999
2018,17,kevin_magnussen,2.458999999999989
2018,17,leclerc,1.945999999999998
2018,17,max_verstappen,1.0889999999999986
2018,17,ocon,1.7779999999999916
2018,17,perez,1.8070000000000024
2018,17,raikkonen,0.8349999999999937
2018,17,ricciardo,2.0459999999999923
2018,17,sainz,2.475999999999999
2018,17,sirotkin,2.6119999999999948
2018,17,stroll,2.557000000000002
2018,17,vandoorne,3.280999999999992
2018,17,vettel,0.5189999999999912
2018,18,alonso,3.057000000000002
2018,18,bottas,0.3790000000000049
2018,18,brendon_hartley,2.9690000000000083
2018,18,ericsson,3.2990000000000066
2018,18,gasly,2.6129999999999995
2018,18,grosjean,2.013000000000005
2018,18,hamilton,0.0
2018,18,hulkenberg,1.9780000000000089
2018,18,kevin_magnussen,2.4950000000000045
2018,18,leclerc,2.0180000000000007
2018,18,max_verstappen,2.5289999999999964
2018,18,ocon,1.908000000000016
2018,18,perez,2.288000000000011
2018,18,raikkonen,0.0700000000000073
2018,18,ricciardo,1.257000000000005
2018,18,sainz,2.329000000000008
2018,18,sirotkin,3.125
2018,18,stroll,3.242999999999995
2018,18,vandoorne,3.4980000000000047
2018,18,vettel,0.061000000000007
2018,19,alonso,2.097999999999999
2018,19,bottas,0.4009999999999962
2018,19,brendon_hartley,1.9230000000000016
2018,19,ericsson,1.7540000000000049
2018,19,gasly,2.0690000000000026
2018,19,grosjean,2.152000000000001
2018,19,hamilton,0.1350000000000051
2018,19,hulkenberg,1.0679999999999978
2018,19,kevin_magnussen,2.8400000000000034
2018,19,leclerc,1.4299999999999926
2018,19,max_verstappen,0.0259999999999962
2018,19,ocon,1.492999999999995
2018,19,perez,1.483000000000004
2018,19,raikkonen,0.570999999999998
2018,19,ricciardo,0.0
2018,19,sainz,1.3250000000000028
2018,19,sirotkin,3.126999999999996
2018,19,stroll,2.9299999999999926
2018,19,vandoorne,2.207000000000008
2018,19,vettel,0.2109999999999985
2018,20,alonso,2.120999999999995
2018,20,bottas,0.1599999999999966
2018,20,brendon_hartley,1.9989999999999952
2018,20,ericsson,1.0149999999999864
2018,20,gasly,1.3349999999999935
2018,20,grosjean,0.9579999999999984
2018,20,hamilton,0.0
2018,20,hulkenberg,1.5529999999999973
2018,20,kevin_magnussen,1.1929999999999978
2018,20,leclerc,1.054000000000002
2018,20,max_verstappen,0.4969999999999999
2018,20,ocon,1.48899999999999
2018,20,perez,1.4599999999999935
2018,20,raikkonen,0.1749999999999971
2018,20,ricciardo,0.4989999999999952
2018,20,sainz,1.9879999999999995
2018,20,sirotkin,1.9779999999999944
2018,20,stroll,2.1599999999999966
2018,20,vandoorne,2.319999999999993
2018,20,vettel,0.0929999999999893
2018,21,alonso,2.948999999999998
2018,21,bottas,0.1620000000000061
2018,21,brendon_hartley,3.200000000000003
2018,21,ericsson,2.338000000000008
2018,21,gasly,3.372
2018,21,grosjean,1.3980000000000103
2018,21,hamilton,0.0
2018,21,hulkenberg,1.7480000000000049
2018,21,kevin_magnussen,2.515000000000001
2018,21,leclerc,1.4429999999999978
2018,21,max_verstappen,0.7950000000000017
2018,21,ocon,1.7459999999999951
2018,21,perez,2.4609999999999985
2018,21,raikkonen,0.5710000000000122
2018,21,ricciardo,0.6070000000000135
2018,21,sainz,2.1880000000000024
2018,21,sirotkin,3.840999999999994
2018,21,stroll,3.888000000000005
2018,21,vandoorne,3.7830000000000017
2018,21,vettel,0.331000000000003
2019,1,albon,2.1499999999999915
2019,1,bottas,0.1119999999999947
2019,1,gasly,2.533999999999992
2019,1,giovinazzi,1.9449999999999927
2019,1,grosjean,1.3399999999999892
2019,1,hamilton,0.0
2019,1,hulkenberg,2.053999999999988
2019,1,kevin_magnussen,1.6129999999999995
2019,1,kubica,5.581000000000003
2019,1,kvyat,2.0249999999999915
2019,1,leclerc,0.9560000000000032
2019,1,max_verstappen,0.833999999999989
2019,1,norris,1.8179999999999976
2019,1,perez,2.0459999999999923
2019,1,raikkonen,1.8279999999999887
2019,1,ricciardo,2.083999999999989
2019,1,russell,3.8739999999999952
2019,1,sainz,2.597999999999999
2019,1,stroll,2.530999999999992
2019,1,vettel,0.7039999999999935
2019,2,albon,1.6470000000000056
2019,2,bottas,0.3900000000000005
2019,2,gasly,1.6599999999999966
2019,2,giovinazzi,2.1599999999999966
2019,2,grosjean,1.149000000000001
2019,2,hamilton,0.323999999999998
2019,2,hulkenberg,2.167999999999992
2019,2,kevin_magnussen,0.8910000000000053
2019,2,kubica,3.933000000000007
2019,2,kvyat,1.9879999999999995
2019,2,leclerc,0.0
2019,2,max_verstappen,0.8859999999999957
2019,2,norris,1.1770000000000067
2019,2,perez,1.8900000000000008
2019,2,raikkonen,1.1559999999999917
2019,2,ricciardo,1.622
2019,2,russell,3.8930000000000007
2019,2,sainz,0.9470000000000028
2019,2,stroll,2.350999999999999
2019,2,vettel,0.2939999999999969
2019,3,bottas,0.0
2019,3,gasly,1.3830000000000098
2019,3,grosjean,1.6090000000000089
2019,3,hamilton,0.0229999999999961
2019,3,hulkenberg,1.4150000000000065
2019,3,kevin_magnussen,1.6030000000000086
2019,3,kubica,3.734000000000009
2019,3,kvyat,1.688999999999993
2019,3,leclerc,0.3179999999999978
2019,3,max_verstappen,0.5420000000000016
2019,3,norris,2.4200000000000017
2019,3,perez,1.7520000000000095
2019,3,raikkonen,1.872
2019,3,ricciardo,1.4110000000000014
2019,3,russell,3.706000000000003
2019,3,sainz,1.975999999999999
2019,3,stroll,2.7450000000000045
2019,3,vettel,0.3010000000000019
2019,4,albon,1.6589999999999918
2019,4,bottas,0.0
2019,4,giovinazzi,1.644999999999996
2019,4,grosjean,2.911999999999992
2019,4,hamilton,0.0589999999999975
2019,4,hulkenberg,2.931999999999988
2019,4,kevin_magnussen,1.8870000000000005
2019,4,kubica,4.959999999999994
2019,4,kvyat,1.1859999999999928
2019,4,leclerc,0.9309999999999974
2019,4,max_verstappen,0.5739999999999981
2019,4,norris,1.3909999999999911
2019,4,perez,1.097999999999999
2019,4,ricciardo,1.981999999999999
2019,4,russell,4.566999999999993
2019,4,sainz,1.4410000000000025
2019,4,stroll,2.134999999999991
2019,4,vettel,0.3019999999999925
2019,5,albon,2.038999999999988
2019,5,bottas,0.0
2019,5,gasly,1.3019999999999925
2019,5,giovinazzi,3.257999999999996
2019,5,grosjean,1.5049999999999957
2019,5,hamilton,0.6319999999999908
2019,5,hulkenberg,2.9979999999999905
2019,5,kevin_magnussen,1.5159999999999911
2019,5,kubica,4.847999999999999
2019,5,kvyat,1.836999999999989
2019,5,leclerc,1.181999999999988
2019,5,max_verstappen,0.9509999999999934
2019,5,norris,1.931999999999988
2019,5,perez,2.4799999999999898
2019,5,raikkonen,2.381999999999991
2019,5,ricciardo,1.893000000000001
2019,5,russell,3.665999999999997
2019,5,sainz,2.192999999999998
2019,5,stroll,3.0649999999999977
2019,5,vettel,0.8659999999999854
2019,6,albon,1.2630000000000052
2019,6,bottas,0.0859999999999985
2019,6,gasly,0.875
2019,6,giovinazzi,1.8100000000000025
2019,6,grosjean,1.6710000000000065
2019,6,hamilton,0.0
2019,6,hulkenberg,1.5040000000000049
2019,6,kevin_magnussen,0.9429999999999978
2019,6,kubica,3.585000000000008
2019,6,kvyat,1.105000000000004
2019,6,leclerc,1.983000000000004
2019,6,max_verstappen,0.4519999999999982
2019,6,norris,1.558000000000007
2019,6,perez,2.067000000000008
2019,6,raikkonen,1.8269999999999984
2019,6,ricciardo,1.0520000000000067
2019,6,russell,3.311000000000007
2019,6,sainz,1.2510000000000048
2019,6,stroll,2.680000000000007
2019,6,vettel,0.7810000000000059
2019,7,albon,1.7800000000000011
2019,7,bottas,0.855000000000004
2019,7,gasly,0.8390000000000128
2019,7,giovinazzi,1.882000000000005
2019,7,grosjean,1.869
2019,7,hamilton,0.206000000000003
2019,7,hulkenberg,1.0840000000000032
2019,7,kevin_magnussen,1.5460000000000065
2019,7,kubica,4.153000000000006
2019,7,kvyat,1.6809999999999974
2019,7,leclerc,0.6800000000000068
2019,7,max_verstappen,1.3790000000000049
2019,7,norris,1.4950000000000043
2019,7,perez,1.957000000000008
2019,7,raikkonen,1.990000000000009
2019,7,ricciardo,0.8310000000000031
2019,7,russell,3.377000000000009
2019,7,sainz,1.3320000000000078
2019,7,stroll,2.0260000000000105
2019,7,vettel,0.0
2019,8,albon,2.141999999999996
2019,8,bottas,0.2860000000000013
2019,8,gasly,1.8649999999999949
2019,8,giovinazzi,2.088999999999998
2019,8,grosjean,3.307000000000002
2019,8,hamilton,0.0
2019,8,hulkenberg,2.2249999999999943
2019,8,kevin_magnussen,2.846999999999994
2019,8,kubica,4.885999999999996
2019,8,kvyat,3.2449999999999903
2019,8,leclerc,0.6460000000000008
2019,8,max_verstappen,1.0899999999999892
2019,8,norris,1.0990000000000038
2019,8,perez,2.418999999999997
2019,8,raikkonen,2.213999999999998
2019,8,ricciardo,1.5990000000000038
2019,8,russell,4.469999999999999
2019,8,sainz,1.2029999999999887
2019,8,stroll,3.4069999999999965
2019,8,vettel,1.1869999999999976
2019,9,albon,1.662000000000006
2019,9,bottas,0.5339999999999989
2019,9,gasly,0.9849999999999994
2019,9,giovinazzi,1.176000000000002
2019,9,grosjean,1.4869999999999948
2019,9,hamilton,0.2590000000000003
2019,9,hulkenberg,1.5130000000000052
2019,9,kevin_magnussen,1.0690000000000026
2019,9,kubica,3.203000000000003
2019,9,kvyat,2.320999999999998
2019,9,leclerc,0.0
2019,9,max_verstappen,0.4359999999999999
2019,9,norris,1.0960000000000036
2019,9,perez,1.7860000000000014
2019,9,raikkonen,1.0529999999999973
2019,9,ricciardo,1.6440000000000057
2019,9,russell,2.900999999999996
2019,9,sainz,1.4500000000000028
2019,9,stroll,1.8289999999999933
2019,9,vettel,0.6640000000000015
2019,10,albon,1.2519999999999951
2019,10,bottas,0.0
2019,10,gasly,0.4969999999999999
2019,10,giovinazzi,1.3559999999999943
2019,10,grosjean,1.2540000000000049
2019,10,hamilton,0.0060000000000002
2019,10,hulkenberg,1.2929999999999922
2019,10,kevin_magnussen,1.5690000000000026
2019,10,kubica,3.164000000000001
2019,10,kvyat,1.628
2019,10,leclerc,0.0789999999999935
2019,10,max_verstappen,0.1829999999999927
2019,10,norris,0.9860000000000042
2019,10,perez,1.5559999999999974
2019,10,raikkonen,1.4529999999999887
2019,10,ricciardo,1.0889999999999986
2019,10,russell,2.695999999999998
2019,10,sainz,1.1099999999999994
2019,10,stroll,1.668999999999997
2019,10,vettel,0.6940000000000026
2019,11,albon,1.6940000000000026
2019,11,bottas,0.362000000000009
2019,11,gasly,0.6180000000000092
2019,11,giovinazzi,1.0190000000000057
2019,11,grosjean,1.0020000000000095
2019,11,hamilton,0.0
2019,11,hulkenberg,0.9990000000000094
2019,11,kevin_magnussen,1.0220000000000056
2019,11,kubica,3.0720000000000027
2019,11,kvyat,1.3680000000000092
2019,11,leclerc,0.4620000000000033
2019,11,max_verstappen,0.3460000000000036
2019,11,norris,1.5660000000000025
2019,11,perez,1.0090000000000003
2019,11,raikkonen,0.7520000000000095
2019,11,ricciardo,1.032000000000011
2019,11,russell,2.954000000000008
2019,11,sainz,0.8650000000000091
2019,11,stroll,1.4890000000000043
2019,12,albon,2.114999999999995
2019,12,bottas,0.0180000000000006
2019,12,gasly,0.8780000000000001
2019,12,giovinazzi,2.232
2019,12,grosjean,1.4410000000000025
2019,12,hamilton,0.1970000000000027
2019,12,hulkenberg,1.992999999999995
2019,12,kevin_magnussen,1.5499999999999972
2019,12,kubica,3.7519999999999953
2019,12,kvyat,2.1200000000000045
2019,12,leclerc,0.4710000000000036
2019,12,max_verstappen,0.0
2019,12,norris,1.2279999999999944
2019,12,perez,2.537000000000006
2019,12,raikkonen,1.468999999999994
2019,12,ricciardo,2.6850000000000023
2019,12,russell,2.459000000000003
2019,12,sainz,1.2800000000000011
2019,12,stroll,2.969999999999999
2019,12,vettel,0.4989999999999952
2019,13,albon,3.008999999999986
2019,13,bottas,0.8959999999999866
2019,13,gasly,3.915999999999997
2019,13,giovinazzi,3.117999999999995
2019,13,grosjean,2.277999999999992
2019,13,hamilton,0.762999999999991
2019,13,hulkenberg,2.022999999999996
2019,13,kevin_magnussen,2.218999999999994
2019,13,kvyat,3.9989999999999952
2019,13,leclerc,0.0
2019,13,max_verstappen,1.1709999999999925
2019,13,norris,2.328000000000003
2019,13,perez,2.1869999999999976
2019,13,raikkonen,1.6209999999999951
2019,13,ricciardo,1.5840000000000032
2019,13,russell,5.028999999999996
2019,13,sainz,3.987999999999999
2019,13,stroll,2.527999999999992
2019,13,vettel,0.5180000000000007
2019,14,albon,0.7139999999999986
2019,14,bottas,0.046999999999997
2019,14,gasly,1.2009999999999934
2019,14,giovinazzi,1.2099999999999935
2019,14,grosjean,1.4769999999999897
2019,14,hamilton,0.0390000000000014
2019,14,hulkenberg,0.7420000000000044
2019,14,kevin_magnussen,1.3079999999999927
2019,14,kubica,3.0489999999999924
2019,14,kvyat,1.3229999999999933
2019,14,leclerc,0.0
2019,14,norris,1.3389999999999986
2019,14,perez,1.9839999999999949
2019,14,raikkonen,1.2079999999999984
2019,14,ricciardo,0.5259999999999962
2019,14,russell,2.492999999999995
2019,14,sainz,0.894999999999996
2019,14,stroll,1.1910000000000025
2019,14,vettel,0.1499999999999914
2019,15,albon,1.1940000000000026
2019,15,bottas,0.9249999999999972
2019,15,gasly,2.482
2019,15,giovinazzi,2.480000000000004
2019,15,grosjean,4.060000000000002
2019,15,hamilton,0.1910000000000025
2019,15,hulkenberg,2.047000000000012
2019,15,kevin_magnussen,3.433000000000007
2019,15,kubica,4.969000000000008
2019,15,kvyat,3.739999999999995
2019,15,leclerc,0.0
2019,15,max_verstappen,0.5960000000000036
2019,15,norris,1.355000000000004
2019,15,perez,2.3030000000000115
2019,15,raikkonen,2.6410000000000053
2019,15,russell,4.649999999999992
2019,15,sainz,1.600999999999999
2019,15,stroll,3.762000000000001
2019,15,vettel,0.2199999999999988
2019,16,albon,7.569000000000003
2019,16,bottas,1.0040000000000049
2019,16,gasly,2.3220000000000027
2019,16,giovinazzi,2.409000000000006
2019,16,grosjean,1.888999999999996
2019,16,hamilton,0.402000000000001
2019,16,hulkenberg,1.6610000000000014
2019,16,kevin_magnussen,2.26100000000001
2019,16,kubica,4.845999999999989
2019,16,kvyat,7.915999999999997
2019,16,leclerc,0.0
2019,16,max_verstappen,0.6820000000000022
2019,16,norris,1.6730000000000018
2019,16,perez,2.3299999999999983
2019,16,raikkonen,3.212000000000004
2019,16,ricciardo,2.0330000000000013
2019,16,russell,3.7279999999999935
2019,16,sainz,1.5940000000000083
2019,16,stroll,2.605000000000004
2019,16,vettel,0.4249999999999971
2019,17,albon,0.7870000000000061
2019,17,bottas,0.2290000000000134
2019,17,gasly,1.7150000000000034
2019,17,giovinazzi,2.190000000000012
2019,17,grosjean,2.0800000000000125
2019,17,hamilton,0.2379999999999995
2019,17,hulkenberg,2.555000000000007
2019,17,kvyat,2.499000000000009
2019,17,leclerc,0.1890000000000071
2019,17,max_verstappen,0.7870000000000061
2019,17,norris,1.4000000000000057
2019,17,perez,3.280000000000001
2019,17,raikkonen,2.294000000000011
2019,17,ricciardo,2.7580000000000098
2019,17,russell,3.300000000000012
2019,17,sainz,1.240000000000009
2019,17,stroll,2.281000000000006
2019,17,vettel,0.0
2019,18,albon,0.578000000000003
2019,18,bottas,0.5799999999999983
2019,18,gasly,1.828000000000003
2019,18,giovinazzi,2.51100000000001
2019,18,grosjean,3.841000000000008
2019,18,hamilton,0.5040000000000049
2019,18,hulkenberg,2.127000000000009
2019,18,kevin_magnussen,3.678000000000011
2019,18,kubica,5.421000000000007
2019,18,kvyat,1.7109999999999983
2019,18,leclerc,0.2660000000000053
2019,18,max_verstappen,0.0
2019,18,norris,1.5640000000000072
2019,18,perez,1.929000000000002
2019,18,raikkonen,2.209000000000003
2019,18,ricciardo,2.174999999999997
2019,18,russell,4.065000000000012
2019,18,sainz,1.2560000000000002
2019,18,stroll,3.307000000000002
2019,18,vettel,0.4120000000000061
2019,19,albon,0.5190000000000055
2019,19,bottas,0.0
2019,19,gasly,1.527000000000001
2019,19,giovinazzi,2.1970000000000027
2019,19,grosjean,2.129000000000005
2019,19,hamilton,0.2920000000000016
2019,19,hulkenberg,1.7860000000000014
2019,19,kevin_magnussen,1.7830000000000013
2019,19,kubica,3.8600000000000136
2019,19,kvyat,1.960000000000008
2019,19,leclerc,0.108000000000004
2019,19,max_verstappen,0.0670000000000072
2019,19,norris,1.1460000000000008
2019,19,perez,3.778999999999997
2019,19,raikkonen,2.3400000000000034
2019,19,ricciardo,1.4590000000000032
2019,19,russell,3.3430000000000035
2019,19,sainz,0.818000000000012
2019,19,stroll,1.891999999999996
2019,19,vettel,0.0120000000000004
2019,20,albon,0.4320000000000021
2019,20,bottas,0.3709999999999951
2019,20,gasly,1.266999999999996
2019,20,giovinazzi,1.4159999999999968
2019,20,grosjean,1.2019999999999982
2019,20,hamilton,0.1959999999999979
2019,20,hulkenberg,1.4179999999999922
2019,20,kevin_magnussen,1.2999999999999972
2019,20,kubica,3.111000000000004
2019,20,kvyat,1.816999999999993
2019,20,leclerc,0.2249999999999943
2019,20,max_verstappen,0.0
2019,20,norris,1.3649999999999949
2019,20,perez,1.5319999999999965
2019,20,raikkonen,1.355000000000004
2019,20,ricciardo,1.4000000000000057
2019,20,russell,2.6230000000000047
2019,20,stroll,2.0330000000000013
2019,20,vettel,0.1280000000000001
2019,21,albon,0.9030000000000058
2019,21,bottas,0.1940000000000026
2019,21,gasly,2.3100000000000023
2019,21,giovinazzi,3.335000000000008
2019,21,grosjean,3.2720000000000056
2019,21,hamilton,0.0
2019,21,hulkenberg,1.931000000000012
2019,21,kevin_magnussen,2.4749999999999943
2019,21,kubica,4.456999999999994
2019,21,kvyat,2.3619999999999948
2019,21,leclerc,0.4399999999999977
2019,21,max_verstappen,0.3600000000000136
2019,21,norris,1.657000000000011
2019,21,perez,2.182000000000002
2019,21,raikkonen,3.604000000000013
2019,21,ricciardo,1.6770000000000067
2019,21,russell,3.9380000000000015
2019,21,sainz,1.5289999999999964
2019,21,stroll,2.3240000000000123
2019,21,vettel,0.5600000000000023
2020,1,albon,0.8070000000000022
2020,1,bottas,0.0
2020,1,gasly,1.3660000000000068
2020,1,giovinazzi,2.235999999999997
2020,1,grosjean,1.7520000000000024
2020,1,hamilton,0.0120000000000004
2020,1,kevin_magnussen,2.2250000000000014
2020,1,kvyat,1.491999999999997
2020,1,latifi,2.818000000000005
2020,1,leclerc,0.9840000000000018
2020,1,max_verstappen,0.5379999999999967
2020,1,norris,0.6869999999999976
2020,1,ocon,1.7040000000000006
2020,1,perez,0.9209999999999994
2020,1,raikkonen,2.285000000000004
2020,1,ricciardo,1.083999999999996
2020,1,russell,2.228000000000001
2020,1,sainz,1.0320000000000036
2020,1,stroll,1.0159999999999982
2020,1,vettel,1.267000000000003
2020,2,albon,1.188999999999993
2020,2,bottas,0.8319999999999936
2020,2,gasly,0.9189999999999968
2020,2,giovinazzi,4.006
2020,2,hamilton,0.0
2020,2,kevin_magnussen,2.385999999999996
2020,2,kvyat,1.891999999999996
2020,2,latifi,3.9339999999999975
2020,2,leclerc,1.8029999999999973
2020,2,max_verstappen,0.1129999999999995
2020,2,norris,0.6230000000000047
2020,2,ocon,0.938999999999993
2020,2,perez,3.781999999999997
2020,2,raikkonen,3.3149999999999977
2020,2,ricciardo,1.4039999999999964
2020,2,russell,1.8109999999999928
2020,2,sainz,0.7650000000000006
2020,2,stroll,1.8199999999999927
2020,2,vettel,1.7199999999999989
2020,3,albon,2.2680000000000007
2020,3,bottas,0.1069999999999993
2020,3,gasly,2.060999999999993
2020,3,giovinazzi,3.058999999999997
2020,3,grosjean,2.9599999999999937
2020,3,hamilton,0.0
2020,3,kevin_magnussen,2.7049999999999983
2020,3,kvyat,2.757000000000005
2020,3,latifi,2.6580000000000013
2020,3,leclerc,1.3700000000000043
2020,3,max_verstappen,1.402000000000001
2020,3,norris,1.5189999999999912
2020,3,ocon,2.271999999999992
2020,3,perez,1.097999999999999
2020,3,raikkonen,3.1670000000000016
2020,3,ricciardo,2.213999999999998
2020,3,russell,2.138000000000005
2020,3,sainz,1.5799999999999983
2020,3,stroll,0.9299999999999926
2020,3,vettel,1.3269999999999982
2020,4,albon,2.2420000000000044
2020,4,bottas,0.3130000000000024
2020,4,gasly,2.0400000000000063
2020,4,giovinazzi,2.861000000000004
2020,4,grosjean,3.3400000000000034
2020,4,hamilton,0.0
2020,4,hulkenberg,2.024000000000001
2020,4,kevin_magnussen,2.855000000000004
2020,4,kvyat,2.4410000000000025
2020,4,latifi,3.402000000000001
2020,4,leclerc,1.1239999999999952
2020,4,max_verstappen,1.0220000000000056
2020,4,norris,1.4789999999999992
2020,4,ocon,1.906000000000006
2020,4,raikkonen,3.0630000000000024
2020,4,ricciardo,1.706000000000003
2020,4,russell,2.429000000000002
2020,4,sainz,1.662000000000006
2020,4,stroll,1.5360000000000014
2020,4,vettel,2.036000000000002
2020,5,albon,1.4879999999999995
2020,5,bottas,0.0
2020,5,gasly,1.3689999999999998
2020,5,giovinazzi,3.2789999999999964
2020,5,grosjean,2.1000000000000085
2020,5,hamilton,0.0630000000000023
2020,5,hulkenberg,0.9279999999999972
2020,5,kevin_magnussen,3.082000000000008
2020,5,kvyat,2.7280000000000086
2020,5,latifi,3.2760000000000105
2020,5,leclerc,1.460000000000008
2020,5,max_verstappen,1.0220000000000056
2020,5,norris,1.6239999999999952
2020,5,ocon,1.856999999999999
2020,5,raikkonen,3.338999999999998
2020,5,ricciardo,1.143000000000001
2020,5,russell,2.301000000000002
2020,5,sainz,1.929000000000002
2020,5,stroll,1.274000000000001
2020,5,vettel,1.9240000000000064
2020,6,albon,1.4449999999999932
2020,6,bottas,0.0589999999999975
2020,6,gasly,1.215999999999994
2020,6,giovinazzi,3.1129999999999995
2020,6,grosjean,2.5049999999999955
2020,6,hamilton,0.0
2020,6,kevin_magnussen,2.323999999999998
2020,6,kvyat,1.608000000000004
2020,6,latifi,2.9479999999999933
2020,6,leclerc,1.3689999999999998
2020,6,max_verstappen,0.7079999999999984
2020,6,norris,1.5
2020,6,ocon,1.983000000000004
2020,6,perez,0.8979999999999961
2020,6,raikkonen,1.8019999999999925
2020,6,ricciardo,1.6140000000000043
2020,6,russell,2.515000000000001
2020,6,sainz,1.2920000000000016
2020,6,stroll,1.0049999999999957
2020,6,vettel,1.5840000000000032
2020,7,albon,0.9409999999999884
2020,7,bottas,0.5109999999999957
2020,7,gasly,1.492999999999995
2020,7,giovinazzi,2.6979999999999933
2020,7,grosjean,2.5859999999999843
2020,7,hamilton,0.0
2020,7,kevin_magnussen,3.0619999999999834
2020,7,kvyat,1.4779999999999802
2020,7,latifi,2.885999999999996
2020,7,leclerc,1.7439999999999998
2020,7,max_verstappen,0.525999999999982
2020,7,norris,1.404999999999987
2020,7,ocon,1.1439999999999912
2020,7,perez,1.279999999999987
2020,7,raikkonen,2.490999999999985
2020,7,ricciardo,0.8089999999999975
2020,7,russell,2.215999999999994
2020,7,sainz,1.1859999999999928
2020,7,stroll,1.23899999999999
2020,7,vettel,2.008999999999986
2020,8,albon,1.1769999999999925
2020,8,bottas,0.0649999999999977
2020,8,gasly,1.0219999999999914
2020,8,giovinazzi,2.3190000000000026
2020,8,grosjean,2.251999999999996
2020,8,hamilton,0.0
2020,8,kevin_magnussen,1.981999999999999
2020,8,kvyat,1.2819999999999965
2020,8,latifi,2.8299999999999983
2020,8,leclerc,1.3859999999999957
2020,8,max_verstappen,0.8930000000000007
2020,8,norris,0.9329999999999928
2020,8,ocon,1.3470000000000084
2020,8,perez,0.8310000000000031
2020,8,raikkonen,2.039000000000001
2020,8,ricciardo,0.977000000000004
2020,8,russell,2.700000000000003
2020,8,sainz,0.8079999999999927
2020,8,stroll,1.037000000000006
2020,8,vettel,2.263999999999996
2020,9,albon,0.769999999999996
2020,9,bottas,0.0589999999999975
2020,9,gasly,1.9809999999999943
2020,9,giovinazzi,2.0759999999999934
2020,9,grosjean,1.9249999999999967
2020,9,hamilton,0.0
2020,9,kevin_magnussen,2.203999999999993
2020,9,kvyat,1.7099999999999935
2020,9,latifi,2.175999999999988
2020,9,leclerc,1.1259999999999906
2020,9,max_verstappen,0.3269999999999982
2020,9,norris,1.4959999999999951
2020,9,ocon,1.1529999999999916
2020,9,perez,1.1670000000000016
2020,9,raikkonen,1.7099999999999935
2020,9,ricciardo,1.0989999999999895
2020,9,russell,2.087999999999994
2020,9,sainz,1.377999999999986
2020,9,stroll,1.1269999999999951
2020,9,vettel,1.7139999999999986
2020,10,albon,1.7040000000000075
2020,10,bottas,0.652000000000001
2020,10,gasly,1.695999999999998
2020,10,giovinazzi,3.289999999999992
2020,10,grosjean,3.2879999999999967
2020,10,hamilton,0.0
2020,10,kevin_magnussen,3.376999999999996
2020,10,kvyat,1.9449999999999927
2020,10,latifi,3.762000000000001
2020,10,leclerc,1.9350000000000025
2020,10,max_verstappen,0.5630000000000024
2020,10,norris,1.5430000000000064
2020,10,ocon,1.3199999999999932
2020,10,perez,1.0130000000000052
2020,10,raikkonen,3.962999999999994
2020,10,ricciardo,0.9140000000000016
2020,10,russell,2.2789999999999964
2020,10,sainz,1.2459999999999951
2020,10,stroll,2.0600000000000023
2020,10,vettel,2.305000000000007
2020,11,albon,0.7779999999999916
2020,11,bottas,0.0
2020,11,gasly,1.5069999999999908
2020,11,giovinazzi,1.6670000000000016
2020,11,grosjean,2.282999999999987
2020,11,hamilton,0.1209999999999951
2020,11,hulkenberg,2.751999999999996
2020,11,kevin_magnussen,1.8559999999999943
2020,11,kvyat,1.5789999999999935
2020,11,latifi,2.542999999999992
2020,11,leclerc,0.7659999999999911
2020,11,max_verstappen,0.1979999999999933
2020,11,norris,1.046999999999997
2020,11,ocon,0.972999999999999
2020,11,perez,1.0609999999999928
2020,11,raikkonen,2.548000000000002
2020,11,ricciardo,0.8269999999999982
2020,11,russell,2.2949999999999875
2020,11,sainz,1.0919999999999987
2020,11,vettel,1.468999999999994
2020,12,albon,0.9449999999999932
2020,12,bottas,0.0
2020,12,gasly,0.742999999999995
2020,12,giovinazzi,1.856999999999999
2020,12,grosjean,1.897999999999996
2020,12,hamilton,0.1859999999999928
2020,12,kevin_magnussen,2.0419999999999874
2020,12,kvyat,1.2620000000000005
2020,12,latifi,2.310999999999993
2020,12,leclerc,0.6239999999999952
2020,12,max_verstappen,0.4129999999999967
2020,12,norris,0.8549999999999898
2020,12,ocon,1.147999999999996
2020,12,perez,0.6629999999999967
2020,12,raikkonen,1.7349999999999852
2020,12,ricciardo,1.0149999999999864
2020,12,russell,1.3219999999999883
2020,12,sainz,0.7169999999999845
2020,12,stroll,1.1599999999999966
2020,12,vettel,0.9799999999999898
2020,13,albon,0.963000000000008
2020,13,bottas,0.0
2020,13,gasly,0.8930000000000007
2020,13,giovinazzi,2.599000000000004
2020,13,grosjean,2.309000000000012
2020,13,hamilton,0.0970000000000084
2020,13,kevin_magnussen,2.3299999999999983
2020,13,kvyat,1.0870000000000033
2020,13,latifi,2.378
2020,13,leclerc,1.007000000000005
2020,13,max_verstappen,0.5670000000000073
2020,13,norris,1.2049999999999983
2020,13,ocon,1.5919999999999987
2020,13,perez,1.4520000000000124
2020,13,raikkonen,2.3440000000000083
2020,13,ricciardo,0.9110000000000014
2020,13,russell,1.7140000000000128
2020,13,sainz,1.3020000000000067
2020,13,stroll,1.885000000000005
2020,13,vettel,1.7760000000000105
2020,14,albon,2.683000000000007
2020,14,bottas,5.493000000000009
2020,14,gasly,10.790999999999997
2020,14,giovinazzi,5.665999999999997
2020,14,grosjean,25.14399999999999
2020,14,hamilton,4.795000000000002
2020,14,kevin_magnussen,20.242000000000004
2020,14,kvyat,21.305
2020,14,latifi,33.84599999999999
2020,14,leclerc,8.930999999999997
2020,14,max_verstappen,0.2900000000000062
2020,14,norris,7.179999999999993
2020,14,ocon,4.856999999999999
2020,14,perez,1.5559999999999974
2020,14,raikkonen,4.980000000000004
2020,14,ricciardo,3.8299999999999983
2020,14,russell,22.251999999999995
2020,14,sainz,7.644999999999996
2020,14,stroll,0.0
2020,14,vettel,7.403999999999996
2020,15,albon,1.0100000000000051
2020,15,bottas,0.2890000000000015
2020,15,gasly,1.1840000000000117
2020,15,giovinazzi,2.227000000000004
2020,15,grosjean,2.874000000000009
2020,15,hamilton,0.0
2020,15,kevin_magnussen,2.8470000000000084
2020,15,kvyat,1.3539999999999992
2020,15,latifi,2.9180000000000064
2020,15,leclerc,1.8730000000000049
2020,15,max_verstappen,0.4140000000000015
2020,15,norris,1.2780000000000058
2020,15,ocon,1.1550000000000011
2020,15,perez,1.058000000000007
2020,15,raikkonen,2.5460000000000065
2020,15,ricciardo,1.1530000000000058
2020,15,russell,2.030000000000001
2020,15,sainz,1.7109999999999983
2020,15,stroll,1.4150000000000065
2020,15,vettel,1.878
2020,16,aitken,1.5150000000000006
2020,16,albon,0.6490000000000009
2020,16,bottas,0.0
2020,16,gasly,0.5640000000000001
2020,16,giovinazzi,1.0
2020,16,kevin_magnussen,1.327999999999996
2020,16,kvyat,0.4789999999999992
2020,16,latifi,1.418999999999997
2020,16,leclerc,0.2359999999999971
2020,16,max_verstappen,0.0559999999999973
2020,16,norris,0.8170000000000002
2020,16,ocon,0.617999999999995
2020,16,perez,0.4099999999999966
2020,16,pietro_fittipaldi,2.0489999999999995
2020,16,raikkonen,1.5859999999999983
2020,16,ricciardo,0.4939999999999998
2020,16,russell,0.0259999999999962
2020,16,sainz,0.4409999999999954
2020,16,stroll,0.4630000000000009
2020,16,vettel,0.7979999999999947
2020,17,albon,0.3249999999999886
2020,17,bottas,0.0249999999999914
2020,17,gasly,0.9959999999999808
2020,17,giovinazzi,1.8289999999999933
2020,17,hamilton,0.0859999999999843
2020,17,kevin_magnussen,2.6169999999999902
2020,17,kvyat,0.7169999999999845
2020,17,latifi,3.1969999999999885
2020,17,leclerc,0.6349999999999909
2020,17,max_verstappen,0.0
2020,17,norris,0.2509999999999905
2020,17,ocon,1.1129999999999995
2020,17,perez,0.7879999999999825
2020,17,pietro_fittipaldi,2.9269999999999925
2020,17,raikkonen,2.308999999999997
2020,17,ricciardo,1.1599999999999966
2020,17,russell,2.7989999999999924
2020,17,sainz,0.5689999999999884
2020,17,stroll,0.799999999999983
2020,17,vettel,1.384999999999991
2021,1,alonso,1.2519999999999951
2021,1,bottas,0.5889999999999986
2021,1,gasly,0.8119999999999976
2021,1,giovinazzi,1.7109999999999983
2021,1,hamilton,0.3880000000000052
2021,1,latifi,2.939000000000007
2021,1,leclerc,0.6809999999999974
2021,1,max_verstappen,0.0
2021,1,mazepin,4.275999999999996
2021,1,mick_schumacher,3.451999999999998
2021,1,norris,0.977000000000004
2021,1,ocon,2.727000000000004
2021,1,perez,1.661999999999992
2021,1,raikkonen,2.241
2021,1,ricciardo,0.9299999999999926
2021,1,russell,2.3190000000000026
2021,1,sainz,1.0120000000000005
2021,1,stroll,1.6039999999999992
2021,1,tsunoda,1.6099999999999994
2021,1,vettel,3.058999999999997
2021,2,alonso,1.1820000000000022
2021,2,bottas,0.2609999999999957
2021,2,gasly,0.3789999999999907
2021,2,giovinazzi,1.7109999999999983
2021,2,hamilton,0.0
2021,2,latifi,1.1820000000000022
2021,2,leclerc,0.3289999999999935
2021,2,max_verstappen,0.0870000000000033
2021,2,mazepin,2.385999999999996
2021,2,mick_schumacher,1.867999999999995
2021,2,norris,0.3070000000000021
2021,2,ocon,0.7060000000000031
2021,2,perez,0.0349999999999965
2021,2,raikkonen,1.5630000000000024
2021,2,ricciardo,0.414999999999992
2021,2,russell,0.8499999999999943
2021,2,sainz,0.7879999999999967
2021,2,stroll,0.7270000000000039
2021,2,vettel,0.983000000000004
2021,3,alonso,1.4879999999999995
2021,3,bottas,0.3799999999999954
2021,3,gasly,1.083999999999989
2021,3,giovinazzi,1.2480000000000049
2021,3,hamilton,0.0
2021,3,latifi,2.316999999999993
2021,3,leclerc,0.8010000000000019
2021,3,max_verstappen,0.6820000000000022
2021,3,mazepin,2.9440000000000026
2021,3,mick_schumacher,2.4839999999999947
2021,3,norris,0.512999999999991
2021,3,ocon,0.617999999999995
2021,3,perez,0.8769999999999953
2021,3,raikkonen,1.7800000000000011
2021,3,ricciardo,1.8709999999999951
2021,3,russell,1.1410000000000051
2021,3,sainz,0.8449999999999989
2021,3,stroll,1.9449999999999927
2021,3,tsunoda,1.4949999999999903
2021,3,vettel,1.0019999999999951
2021,4,alonso,1.2250000000000083
2021,4,bottas,0.132000000000005
2021,4,gasly,1.2409999999999997
2021,4,giovinazzi,1.6149999999999949
2021,4,hamilton,0.0
2021,4,latifi,2.4779999999999944
2021,4,leclerc,0.7690000000000055
2021,4,max_verstappen,0.0360000000000013
2021,4,mazepin,3.0660000000000025
2021,4,mick_schumacher,2.3760000000000048
2021,4,norris,0.9549999999999984
2021,4,ocon,0.8389999999999986
2021,4,perez,0.9279999999999972
2021,4,raikkonen,2.176000000000002
2021,4,ricciardo,0.8810000000000002
2021,4,russell,1.7039999999999935
2021,4,sainz,0.8790000000000049
2021,4,stroll,1.233000000000004
2021,4,tsunoda,1.8149999999999973
2021,4,vettel,1.338000000000008
2021,5,alonso,1.8589999999999949
2021,5,bottas,0.2549999999999954
2021,5,gasly,0.554000000000002
2021,5,giovinazzi,1.0630000000000024
2021,5,hamilton,0.7489999999999952
2021,5,latifi,2.019999999999996
2021,5,leclerc,0.0
2021,5,max_verstappen,0.2299999999999897
2021,5,mazepin,2.6119999999999948
2021,5,norris,0.2740000000000009
2021,5,ocon,1.1400000000000006
2021,5,perez,0.6730000000000018
2021,5,raikkonen,1.2959999999999925
2021,5,ricciardo,1.2519999999999951
2021,5,russell,1.4839999999999949
2021,5,sainz,0.2650000000000005
2021,5,stroll,1.253999999999991
2021,5,tsunoda,1.75
2021,5,vettel,0.962999999999994
2021,6,alonso,0.9769999999999897
2021,6,bottas,0.887999999999991
2021,6,gasly,0.3469999999999942
2021,6,hamilton,0.2319999999999993
2021,6,latifi,1.9099999999999968
2021,6,leclerc,0.0
2021,6,max_verstappen,0.3449999999999988
2021,6,mazepin,3.019999999999996
2021,6,mick_schumacher,2.9399999999999977
2021,6,norris,0.5289999999999964
2021,6,ocon,1.0549999999999926
2021,6,perez,0.4119999999999919
2021,6,raikkonen,1.3689999999999998
2021,6,ricciardo,1.0859999999999983
2021,6,russell,1.5100000000000051
2021,6,sainz,0.3579999999999899
2021,6,tsunoda,0.4359999999999928
2021,6,vettel,1.005999999999986
2021,7,alonso,1.3500000000000083
2021,7,bottas,0.3860000000000099
2021,7,gasly,0.8780000000000001
2021,7,giovinazzi,1.8230000000000075
2021,7,hamilton,0.2580000000000098
2021,7,latifi,3.0720000000000027
2021,7,leclerc,0.997
2021,7,max_verstappen,0.0
2021,7,mazepin,3.564000000000007
2021,7,mick_schumacher,2.9520000000000124
2021,7,norris,1.2620000000000005
2021,7,ocon,1.746000000000009
2021,7,perez,0.4549999999999983
2021,7,raikkonen,3.3640000000000043
2021,7,ricciardo,1.39200000000001
2021,7,russell,2.075000000000003
2021,7,sainz,0.8500000000000085
2021,7,vettel,1.777000000000001
2021,8,alonso,0.732999999999997
2021,8,bottas,0.1939999999999955
2021,8,gasly,0.3950000000000031
2021,8,giovinazzi,1.0719999999999956
2021,8,hamilton,0.2260000000000062
2021,8,latifi,1.333999999999996
2021,8,leclerc,0.6309999999999931
2021,8,max_verstappen,0.0
2021,8,mazepin,2.351000000000006
2021,8,mick_schumacher,2.199999999999996
2021,8,norris,0.2790000000000034
2021,8,ocon,1.3759999999999977
2021,8,perez,0.3270000000000053
2021,8,raikkonen,1.588000000000001
2021,8,ricciardo,0.9669999999999916
2021,8,russell,0.8300000000000054
2021,8,sainz,0.958999999999996
2021,8,stroll,0.8219999999999956
2021,8,tsunoda,0.6729999999999947
2021,8,vettel,1.033999999999999
2021,9,alonso,0.7519999999999953
2021,9,bottas,0.3290000000000077
2021,9,gasly,0.3870000000000004
2021,9,giovinazzi,1.0619999999999976
2021,9,hamilton,0.2939999999999969
2021,9,latifi,1.4749999999999943
2021,9,leclerc,0.8799999999999955
2021,9,max_verstappen,0.0
2021,9,mazepin,2.2309999999999945
2021,9,mick_schumacher,1.7069999999999936
2021,9,norris,0.0480000000000018
2021,9,ocon,1.331000000000003
2021,9,perez,0.2700000000000031
2021,9,raikkonen,1.2890000000000017
2021,9,ricciardo,0.9989999999999952
2021,9,russell,0.8329999999999984
2021,9,sainz,0.8389999999999986
2021,9,stroll,0.8269999999999982
2021,9,tsunoda,0.5529999999999973
2021,9,vettel,0.7729999999999961
2021,10,alonso,1.2220000000000084
2021,10,bottas,0.3050000000000068
2021,10,gasly,1.25
2021,10,giovinazzi,1.5720000000000027
2021,10,hamilton,0.0
2021,10,latifi,2.2310000000000088
2021,10,leclerc,0.8050000000000068
2021,10,max_verstappen,0.186000000000007
2021,10,mazepin,3.028000000000006
2021,10,mick_schumacher,2.7150000000000034
2021,10,norris,0.8739999999999952
2021,10,ocon,1.3170000000000073
2021,10,perez,0.820999999999998
2021,10,raikkonen,2.039000000000001
2021,10,ricciardo,0.8760000000000048
2021,10,russell,0.9480000000000076
2021,10,sainz,0.8250000000000028
2021,10,stroll,1.641999999999996
2021,10,tsunoda,2.0200000000000102
2021,10,vettel,1.0800000000000125
2021,11,alonso,1.122
2021,11,bottas,0.3149999999999977
2021,11,gasly,0.9750000000000084
2021,11,giovinazzi,2.164000000000001
2021,11,hamilton,0.0
2021,11,latifi,2.6170000000000044
2021,11,leclerc,1.0769999999999982
2021,11,max_verstappen,0.2310000000000087
2021,11,mazepin,3.503
2021,11,norris,0.9660000000000082
2021,11,ocon,1.2339999999999949
2021,11,perez,1.0019999999999951
2021,11,raikkonen,2.1340000000000003
2021,11,ricciardo,1.4519999999999982
2021,11,russell,2.5250000000000057
2021,11,sainz,1.230000000000004
2021,11,stroll,1.4740000000000038
2021,11,tsunoda,2.5
2021,11,vettel,1.331000000000003
2021,12,alonso,2.1799999999999926
2021,12,bottas,0.269999999999996
2021,12,gasly,0.414999999999992
2021,12,giovinazzi,6.280999999999992
2021,12,hamilton,0.2039999999999935
2021,12,latifi,2.030999999999992
2021,12,leclerc,1.695999999999998
2021,12,max_verstappen,0.5339999999999918
2021,12,mazepin,8.913999999999987
2021,12,mick_schumacher,7.947999999999993
2021,12,norris,0.0
2021,12,ocon,1.3289999999999935
2021,12,perez,0.86099999999999
2021,12,raikkonen,8.426999999999992
2021,12,ricciardo,1.102000000000004
2021,12,russell,0.9249999999999972
2021,12,sainz,2.1119999999999948
2021,12,stroll,2.205999999999989
2021,12,tsunoda,6.387999999999991
2021,12,vettel,0.7889999999999873
2021,13,alonso,1.070999999999998
2021,13,bottas,0.3369999999999891
2021,13,gasly,0.5929999999999893
2021,13,giovinazzi,0.7049999999999983
2021,13,hamilton,0.0379999999999967
2021,13,kubica,2.415999999999997
2021,13,latifi,1.2079999999999984
2021,13,leclerc,0.5519999999999925
2021,13,max_verstappen,0.0
2021,13,mazepin,2.989999999999995
2021,13,mick_schumacher,2.501999999999996
2021,13,norris,1.5210000000000008
2021,13,ocon,1.0339999999999918
2021,13,perez,1.644999999999996
2021,13,ricciardo,0.9799999999999898
2021,13,russell,1.4469999999999883
2021,13,sainz,0.652000000000001
2021,13,stroll,1.481999999999999
2021,13,tsunoda,1.5769999999999982
2021,13,vettel,1.8459999999999896
2021,14,alonso,1.5139999999999958
2021,14,bottas,0.0
2021,14,gasly,0.7049999999999983
2021,14,giovinazzi,1.1709999999999925
2021,14,hamilton,0.0959999999999894
2021,14,kubica,2.9749999999999943
2021,14,latifi,2.3699999999999903
2021,14,leclerc,0.9549999999999984
2021,14,max_verstappen,0.4110000000000013
2021,14,mazepin,3.161000000000002
2021,14,mick_schumacher,2.692999999999998
2021,14,norris,0.4339999999999975
2021,14,ocon,1.5480000000000018
2021,14,perez,1.0559999999999974
2021,14,ricciardo,0.4399999999999977
2021,14,russell,1.836999999999989
2021,14,sainz,0.9069999999999964
2021,14,stroll,1.4649999999999892
2021,14,tsunoda,2.417999999999992
2021,14,vettel,1.35799999999999
2021,15,alonso,2.2110000000000127
2021,15,bottas,2.717000000000013
2021,15,gasly,4.647999999999996
2021,15,giovinazzi,9.03
2021,15,hamilton,2.057000000000002
2021,15,latifi,6.259000000000015
2021,15,leclerc,6.477000000000004
2021,15,mazepin,11.771000000000017
2021,15,mick_schumacher,7.837000000000003
2021,15,norris,0.0
2021,15,ocon,3.872000000000014
2021,15,perez,3.3440000000000083
2021,15,raikkonen,7.5930000000000035
2021,15,ricciardo,2.163000000000011
2021,15,russell,0.9900000000000092
2021,15,sainz,0.5169999999999959
2021,15,stroll,2.963000000000008
2021,15,tsunoda,4.75800000000001
2021,15,vettel,4.5800000000000125
2021,16,alonso,0.6090000000000089
2021,16,bottas,0.1300000000000096
2021,16,gasly,0.4579999999999984
2021,16,giovinazzi,3.562000000000012
2021,16,hamilton,0.0
2021,16,latifi,3.2180000000000035
2021,16,leclerc,0.3970000000000055
2021,16,max_verstappen,0.3280000000000029
2021,16,mazepin,5.581000000000003
2021,16,mick_schumacher,2.332000000000008
2021,16,norris,1.0860000000000127
2021,16,ocon,1.974000000000004
2021,16,perez,0.8380000000000081
2021,16,raikkonen,4.657000000000011
2021,16,ricciardo,3.013000000000005
2021,16,russell,2.13900000000001
2021,16,sainz,2.308999999999997
2021,16,stroll,1.4370000000000118
2021,16,tsunoda,1.186000000000007
2021,16,vettel,1.9270000000000067
2021,17,alonso,2.846000000000004
2021,17,bottas,0.5649999999999977
2021,17,gasly,1.2079999999999984
2021,17,giovinazzi,2.8840000000000003
2021,17,hamilton,0.2090000000000031
2021,17,latifi,3.085000000000008
2021,17,leclerc,0.695999999999998
2021,17,max_verstappen,0.0
2021,17,mazepin,3.885999999999996
2021,17,mick_schumacher,3.588999999999998
2021,17,norris,0.9699999999999988
2021,17,ocon,2.467000000000013
2021,17,perez,0.2240000000000037
2021,17,raikkonen,3.4010000000000105
2021,17,ricciardo,0.8979999999999961
2021,17,russell,2.8360000000000127
2021,17,sainz,0.882000000000005
2021,17,stroll,3.0730000000000075
2021,17,tsunoda,2.0080000000000098
2021,17,vettel,2.3710000000000093
2021,18,alonso,2.576999999999998
2021,18,bottas,0.0
2021,18,gasly,0.5810000000000031
2021,18,giovinazzi,2.021999999999992
2021,18,hamilton,0.144999999999996
2021,18,latifi,2.881
2021,18,leclerc,0.8730000000000047
2021,18,max_verstappen,0.3499999999999943
2021,18,mazepin,3.4279999999999973
2021,18,mick_schumacher,2.983000000000004
2021,18,norris,1.597999999999999
2021,18,ocon,2.2510000000000048
2021,18,perez,0.4669999999999987
2021,18,raikkonen,1.7309999999999943
2021,18,ricciardo,0.8880000000000052
2021,18,russell,2.0829999999999984
2021,18,sainz,0.8859999999999957
2021,18,stroll,4.998000000000005
2021,18,tsunoda,0.8259999999999934
2021,18,vettel,1.6269999999999951
2021,19,alonso,1.179000000000002
2021,19,bottas,0.4920000000000044
2021,19,gasly,0.8430000000000035
2021,19,giovinazzi,1.4080000000000013
2021,19,hamilton,0.0
2021,19,latifi,1.963000000000008
2021,19,leclerc,0.9249999999999972
2021,19,max_verstappen,0.4380000000000024
2021,19,mazepin,2.655000000000001
2021,19,mick_schumacher,2.3950000000000102
2021,19,norris,1.0460000000000065
2021,19,ocon,1.2549999999999957
2021,19,perez,0.5490000000000066
2021,19,raikkonen,1.5690000000000026
2021,19,ricciardo,1.105000000000004
2021,19,russell,2.019000000000005
2021,19,sainz,0.8919999999999959
2021,19,stroll,1.7289999999999992
2021,19,tsunoda,1.4159999999999968
2021,19,vettel,1.4650000000000034
2021,20,alonso,0.8430000000000035
2021,20,bottas,0.6510000000000105
2021,20,gasly,0.8130000000000024
2021,20,giovinazzi,2.4350000000000023
2021,20,hamilton,0.0
2021,20,latifi,2.385999999999996
2021,20,leclerc,1.6359999999999957
2021,20,max_verstappen,0.4549999999999983
2021,20,mazepin,5.032000000000011
2021,20,mick_schumacher,2.5799999999999983
2021,20,norris,0.9039999999999964
2021,20,ocon,1.1850000000000025
2021,20,perez,1.5190000000000057
2021,20,raikkonen,2.329000000000008
2021,20,ricciardo,1.7700000000000102
2021,20,russell,1.929000000000002
2021,20,sainz,1.0130000000000052
2021,20,stroll,1.6330000000000098
2021,20,tsunoda,1.054000000000002
2021,20,vettel,1.3190000000000026
2021,21,alonso,1.409000000000006
2021,21,bottas,0.1110000000000042
2021,21,gasly,0.6140000000000043
2021,21,giovinazzi,1.105000000000004
2021,21,hamilton,0.0
2021,21,latifi,1.6659999999999968
2021,21,leclerc,0.5430000000000064
2021,21,max_verstappen,0.1419999999999959
2021,21,mazepin,2.962000000000004
2021,21,mick_schumacher,1.953000000000003
2021,21,norris,0.6690000000000111
2021,21,ocon,1.0630000000000024
2021,21,perez,0.4350000000000023
2021,21,raikkonen,1.3449999999999989
2021,21,ricciardo,0.7050000000000125
2021,21,russell,1.4150000000000065
2021,21,sainz,0.7259999999999991
2021,21,stroll,1.856999999999999
2021,21,tsunoda,0.7110000000000127
2021,21,vettel,1.6870000000000118
2021,22,alonso,1.350999999999999
2021,22,bottas,0.9269999999999924
2021,22,gasly,1.3799999999999957
2021,22,giovinazzi,2.008999999999986
2021,22,hamilton,0.3709999999999951
2021,22,latifi,2.228999999999985
2021,22,leclerc,1.012999999999991
2021,22,max_verstappen,0.0
2021,22,mazepin,3.5759999999999934
2021,22,mick_schumacher,2.796999999999997
2021,22,norris,0.8219999999999885
2021,22,ocon,1.279999999999987
2021,22,perez,0.8379999999999939
2021,22,raikkonen,2.6699999999999875
2021,22,ricciardo,1.299999999999983
2021,22,russell,2.313999999999993
2021,22,sainz,0.8829999999999956
2021,22,stroll,1.9519999999999984
2021,22,tsunoda,1.11099999999999
2021,22,vettel,2.115999999999985
2022,1,albon,2.1060000000000088
2022,1,alonso,1.0630000000000024
2022,1,bottas,1.0020000000000095
2022,1,gasly,1.0770000000000124
2022,1,hamilton,0.4900000000000091
2022,1,hulkenberg,2.2190000000000083
2022,1,kevin_magnussen,0.9030000000000058
2022,1,latifi,3.076000000000008
2022,1,leclerc,0.0
2022,1,max_verstappen,0.1230000000000046
2022,1,mick_schumacher,1.440000000000012
2022,1,norris,1.450000000000017
2022,1,ocon,1.2240000000000038
2022,1,perez,0.3629999999999995
2022,1,ricciardo,2.3870000000000005
2022,1,russell,0.6940000000000026
2022,1,sainz,0.1290000000000049
2022,1,stroll,2.474000000000004
2022,1,tsunoda,2.192000000000008
2022,1,zhou,1.9350000000000025
2022,2,albon,2.2920000000000016
2022,2,alonso,0.9469999999999884
2022,2,bottas,0.98299999999999
2022,2,gasly,1.054000000000002
2022,2,hamilton,2.1430000000000007
2022,2,hulkenberg,2.3430000000000035
2022,2,kevin_magnussen,1.3459999999999894
2022,2,latifi,3.617000000000005
2022,2,leclerc,0.0249999999999914
2022,2,max_verstappen,0.2609999999999957
2022,2,mick_schumacher,1.7199999999999989
2022,2,norris,1.4509999999999934
2022,2,ocon,0.867999999999995
2022,2,perez,0.0
2022,2,ricciardo,1.5729999999999933
2022,2,russell,0.9039999999999964
2022,2,sainz,0.2019999999999981
2022,2,stroll,2.0559999999999974
2022,2,zhou,1.6189999999999998
2022,3,albon,2.26700000000001
2022,3,alonso,0.9470000000000028
2022,3,bottas,1.3830000000000098
2022,3,gasly,1.358000000000004
2022,3,hamilton,0.9570000000000078
2022,3,kevin_magnussen,2.38600000000001
2022,3,latifi,3.504000000000005
2022,3,leclerc,0.0
2022,3,max_verstappen,0.2860000000000013
2022,3,mick_schumacher,2.236000000000004
2022,3,norris,0.835000000000008
2022,3,ocon,1.193000000000012
2022,3,perez,0.3719999999999999
2022,3,ricciardo,1.1640000000000017
2022,3,russell,1.0649999999999975
2022,3,sainz,0.6009999999999991
2022,3,tsunoda,1.5560000000000116
2022,3,vettel,3.281000000000006
2022,3,zhou,2.0420000000000016
2022,4,alonso,0.8019999999999925
2022,4,bottas,1.399000000000001
2022,4,gasly,1.938999999999993
2022,4,hamilton,1.6769999999999925
2022,4,kevin_magnussen,1.1089999999999949
2022,4,latifi,3.1779999999999973
2022,4,leclerc,0.0029999999999859
2022,4,max_verstappen,0.0
2022,4,mick_schumacher,1.628999999999991
2022,4,norris,0.5009999999999906
2022,4,ocon,3.5449999999999875
2022,4,perez,0.5029999999999859
2022,4,ricciardo,1.1869999999999976
2022,4,russell,1.5899999999999892
2022,4,sainz,0.1969999999999885
2022,4,stroll,1.5489999999999924
2022,4,tsunoda,1.6809999999999974
2022,4,vettel,1.1639999999999873
2022,4,zhou,0.9369999999999976
2022,5,albon,2.469999999999999
2022,5,alonso,1.3640000000000043
2022,5,bottas,0.679000000000002
2022,5,gasly,0.8940000000000055
2022,5,hamilton,0.8290000000000077
2022,5,kevin_magnussen,2.179000000000002
2022,5,latifi,2.5290000000000106
2022,5,leclerc,0.0
2022,5,max_verstappen,0.1950000000000074
2022,5,mick_schumacher,1.6270000000000095
2022,5,norris,0.8380000000000081
2022,5,perez,0.2400000000000091
2022,5,ricciardo,1.51400000000001
2022,5,russell,1.3770000000000095
2022,5,sainz,0.1900000000000119
2022,5,stroll,1.2000000000000028
2022,5,tsunoda,1.13600000000001
2022,5,vettel,1.4180000000000064
2022,5,zhou,2.224000000000004
2022,6,albon,2.894999999999996
2022,6,alonso,2.2930000000000064
2022,6,bottas,0.8580000000000041
2022,6,gasly,1.968999999999994
2022,6,hamilton,0.7620000000000005
2022,6,kevin_magnussen,0.9320000000000022
2022,6,latifi,3.164999999999992
2022,6,leclerc,0.0
2022,6,max_verstappen,0.3230000000000075
2022,6,mick_schumacher,1.617999999999995
2022,6,norris,1.7210000000000036
2022,6,ocon,1.8880000000000048
2022,6,perez,0.6700000000000017
2022,6,ricciardo,1.537000000000006
2022,6,russell,0.6430000000000007
2022,6,sainz,0.4159999999999968
2022,6,stroll,2.6680000000000064
2022,6,tsunoda,1.888999999999996
2022,6,vettel,2.204000000000008
2022,6,zhou,1.725999999999999
2022,7,albon,2.234999999999999
2022,7,alonso,0.8709999999999951
2022,7,bottas,1.5330000000000013
2022,7,gasly,2.283999999999992
2022,7,hamilton,1.1839999999999975
2022,7,kevin_magnussen,1.5449999999999875
2022,7,latifi,3.027000000000001
2022,7,leclerc,0.0
2022,7,max_verstappen,0.289999999999992
2022,7,mick_schumacher,1.7049999999999983
2022,7,norris,0.472999999999999
2022,7,ocon,1.152000000000001
2022,7,perez,0.2530000000000001
2022,7,ricciardo,1.587999999999994
2022,7,russell,0.73599999999999
2022,7,sainz,0.2249999999999943
2022,7,stroll,2.3019999999999925
2022,7,tsunoda,1.4209999999999925
2022,7,vettel,1.2369999999999948
2022,7,zhou,4.22999999999999
2022,8,albon,3.359999999999985
2022,8,alonso,1.813999999999993
2022,8,bottas,3.0849999999999937
2022,8,gasly,1.48599999999999
2022,8,hamilton,1.5649999999999975
2022,8,kevin_magnussen,3.283999999999992
2022,8,latifi,4.007999999999981
2022,8,leclerc,0.0
2022,8,max_verstappen,0.3469999999999942
2022,8,mick_schumacher,4.415999999999997
2022,8,norris,2.038999999999988
2022,8,ocon,2.225999999999999
2022,8,perez,0.2819999999999822
2022,8,ricciardo,2.214999999999989
2022,8,russell,1.3529999999999944
2022,8,sainz,0.4549999999999841
2022,8,stroll,4.0120000000000005
2022,8,tsunoda,1.6969999999999883
2022,8,vettel,1.731999999999999
2022,8,zhou,2.417999999999992
2022,9,albon,5.5589999999999975
2022,9,alonso,0.644999999999996
2022,9,bottas,5.48899999999999
2022,9,gasly,13.192999999999984
2022,9,hamilton,1.5919999999999843
2022,9,kevin_magnussen,1.6610000000000014
2022,9,latifi,14.36099999999999
2022,9,leclerc,11.709000000000003
2022,9,max_verstappen,0.0
2022,9,mick_schumacher,2.056999999999988
2022,9,norris,12.766999999999996
2022,9,ocon,2.2299999999999898
2022,9,perez,11.828000000000005
2022,9,ricciardo,2.4499999999999886
2022,9,russell,2.257999999999996
2022,9,sainz,0.796999999999997
2022,9,stroll,14.23299999999999
2022,9,tsunoda,15.275999999999996
2022,9,vettel,13.212999999999994
2022,9,zhou,2.7309999999999945
2022,10,albon,2.9490000000000123
2022,10,alonso,2.4690000000000083
2022,10,bottas,2.26700000000001
2022,10,gasly,2.551000000000016
2022,10,hamilton,1.2990000000000066
2022,10,kevin_magnussen,3.030000000000001
2022,10,latifi,2.869
2022,10,leclerc,0.717000000000013
2022,10,max_verstappen,0.0
2022,10,mick_schumacher,3.579000000000008
2022,10,norris,2.38600000000001
2022,10,ocon,2.600999999999999
2022,10,perez,1.39200000000001
2022,10,ricciardo,2.804000000000002
2022,10,russell,0.8990000000000009
2022,10,sainz,1.061000000000007
2022,10,stroll,4.301000000000016
2022,10,tsunoda,2.76400000000001
2022,10,vettel,3.537000000000006
2022,10,zhou,1.662000000000006
2022,11,albon,1.246000000000009
2022,11,alonso,1.032000000000011
2022,11,bottas,1.335000000000008
2022,11,gasly,1.176000000000002
2022,11,hamilton,0.4909999999999996
2022,11,kevin_magnussen,0.8950000000000102
2022,11,latifi,2.019000000000005
2022,11,leclerc,0.0290000000000105
2022,11,max_verstappen,0.0
2022,11,mick_schumacher,1.027000000000001
2022,11,norris,1.3460000000000036
2022,11,ocon,0.7420000000000044
2022,11,perez,1.159000000000006
2022,11,ricciardo,1.6290000000000049
2022,11,russell,0.4470000000000027
2022,11,sainz,0.0820000000000078
2022,11,stroll,1.8629999999999995
2022,11,tsunoda,1.4789999999999992
2022,11,vettel,2.099000000000004
2022,11,zhou,1.9170000000000016
2022,12,albon,2.4350000000000023
2022,12,alonso,1.6799999999999926
2022,12,bottas,2.161999999999992
2022,12,gasly,2.566999999999993
2022,12,hamilton,0.8930000000000007
2022,12,kevin_magnussen,1.777000000000001
2022,12,latifi,2.921999999999997
2022,12,leclerc,0.0
2022,12,max_verstappen,0.304000000000002
2022,12,mick_schumacher,2.828999999999993
2022,12,norris,1.1599999999999966
2022,12,ocon,2.176000000000002
2022,12,perez,0.463000000000008
2022,12,ricciardo,2.049999999999997
2022,12,russell,1.2590000000000003
2022,12,sainz,0.2090000000000031
2022,12,stroll,2.566999999999993
2022,12,tsunoda,1.9080000000000013
2022,12,vettel,2.4040000000000106
2022,12,zhou,2.8020000000000067
2022,13,albon,1.8790000000000049
2022,13,alonso,0.527000000000001
2022,13,bottas,0.7800000000000011
2022,13,gasly,2.1500000000000057
2022,13,hamilton,0.6580000000000013
2022,13,kevin_magnussen,1.4480000000000075
2022,13,latifi,2.192999999999998
2022,13,leclerc,0.1900000000000119
2022,13,max_verstappen,0.3260000000000076
2022,13,mick_schumacher,1.787000000000006
2022,13,norris,0.3920000000000101
2022,13,ocon,0.6410000000000053
2022,13,perez,1.1389999999999958
2022,13,ricciardo,0.8210000000000122
2022,13,russell,0.0
2022,13,sainz,0.0439999999999969
2022,13,stroll,1.7600000000000051
2022,13,tsunoda,1.8629999999999995
2022,13,vettel,1.8960000000000008
2022,13,zhou,1.1960000000000122
2022,14,albon,2.007000000000005
2022,14,alonso,1.703000000000003
2022,14,bottas,4.201000000000008
2022,14,gasly,2.162000000000006
2022,14,hamilton,1.7550000000000097
2022,14,kevin_magnussen,2.89200000000001
2022,14,latifi,2.7360000000000184
2022,14,leclerc,0.8860000000000099
2022,14,max_verstappen,0.0
2022,14,mick_schumacher,2.6770000000000067
2022,14,norris,1.9380000000000168
2022,14,ocon,1.5150000000000148
2022,14,perez,0.7970000000000113
2022,14,ricciardo,2.102000000000004
2022,14,russell,1.7960000000000065
2022,14,sainz,0.632000000000005
2022,14,stroll,2.591000000000008
2022,14,tsunoda,3.0270000000000152
2022,14,vettel,2.679000000000002
2022,14,zhou,2.420000000000016
2022,15,albon,1.3529999999999944
2022,15,alonso,1.2710000000000008
2022,15,bottas,1.6189999999999998
2022,15,gasly,1.1700000000000017
2022,15,hamilton,0.3059999999999974
2022,15,kevin_magnussen,1.977000000000004
2022,15,latifi,3.010999999999996
2022,15,leclerc,0.0210000000000007
2022,15,max_verstappen,0.0
2022,15,mick_schumacher,1.078000000000003
2022,15,norris,0.7740000000000009
2022,15,ocon,1.2630000000000052
2022,15,perez,0.7349999999999994
2022,15,ricciardo,1.7390000000000043
2022,15,russell,0.4819999999999993
2022,15,sainz,0.0919999999999987
2022,15,stroll,1.073999999999998
2022,15,tsunoda,1.0849999999999935
2022,15,vettel,2.0490000000000066
2022,15,zhou,1.362000000000009
2022,16,alonso,1.7000000000000028
2022,16,bottas,2.073999999999998
2022,16,de_vries,2.3100000000000023
2022,16,gasly,1.849000000000004
2022,16,hamilton,1.3629999999999995
2022,16,kevin_magnussen,2.747
2022,16,latifi,2.426000000000002
2022,16,leclerc,0.0
2022,16,max_verstappen,0.144999999999996
2022,16,mick_schumacher,2.843999999999994
2022,16,norris,1.4230000000000018
2022,16,ocon,1.968999999999994
2022,16,perez,1.0450000000000017
2022,16,ricciardo,1.6940000000000026
2022,16,russell,1.3810000000000002
2022,16,sainz,0.2680000000000007
2022,16,stroll,2.587000000000004
2022,16,tsunoda,1.8589999999999949
2022,16,vettel,2.4749999999999943
2022,16,zhou,1.8419999999999987
2022,17,albon,7.572999999999993
2022,17,alonso,0.554000000000002
2022,17,bottas,6.670999999999992
2022,17,gasly,1.7989999999999924
2022,17,hamilton,0.054000000000002
2022,17,kevin_magnussen,2.161000000000002
2022,17,latifi,8.11999999999999
2022,17,leclerc,0.0
2022,17,max_verstappen,1.983000000000004
2022,17,mick_schumacher,4.957999999999998
2022,17,norris,1.171999999999997
2022,17,ocon,6.924999999999997
2022,17,perez,0.0219999999999913
2022,17,ricciardo,6.813999999999993
2022,17,russell,4.599999999999994
2022,17,sainz,0.1709999999999922
2022,17,stroll,4.798999999999992
2022,17,tsunoda,2.570999999999998
2022,17,vettel,4.967999999999989
2022,17,zhou,5.962999999999994
2022,18,albon,2.007000000000005
2022,18,alonso,1.018000000000001
2022,18,bottas,1.4050000000000011
2022,18,gasly,2.0180000000000007
2022,18,hamilton,0.9569999999999936
2022,18,kevin_magnussen,2.048000000000002
2022,18,latifi,2.2069999999999936
2022,18,leclerc,0.0099999999999909
2022,18,max_verstappen,0.0
2022,18,mick_schumacher,1.847999999999999
2022,18,norris,1.168999999999997
2022,18,ocon,0.86099999999999
2022,18,perez,0.4050000000000011
2022,18,ricciardo,1.3549999999999898
2022,18,russell,1.0849999999999935
2022,18,sainz,0.0570000000000021
2022,18,stroll,2.114999999999995
2022,18,tsunoda,1.503999999999991
2022,18,vettel,1.25
2022,18,zhou,1.5900000000000034
2022,19,albon,2.0120000000000005
2022,19,alonso,1.5200000000000102
2022,19,bottas,1.963000000000008
2022,19,gasly,2.221000000000004
2022,19,hamilton,0.5910000000000082
2022,19,kevin_magnussen,2.5930000000000035
2022,19,latifi,2.888000000000005
2022,19,leclerc,0.0649999999999977
2022,19,max_verstappen,0.0920000000000129
2022,19,mick_schumacher,2.7549999999999955
2022,19,norris,1.3340000000000032
2022,19,ocon,2.712000000000004
2022,19,perez,0.2890000000000157
2022,19,ricciardo,2.6899999999999977
2022,19,russell,0.632000000000005
2022,19,sainz,0.0
2022,19,stroll,1.2420000000000044
2022,19,tsunoda,2.451999999999998
2022,19,vettel,2.0420000000000016
2022,19,zhou,2.300000000000012
2022,20,albon,3.084000000000003
2022,20,alonso,1.1639999999999873
2022,20,bottas,0.6259999999999906
2022,20,gasly,1.8969999999999911
2022,20,hamilton,0.3089999999999975
2022,20,kevin_magnussen,2.0579999999999927
2022,20,latifi,3.391999999999996
2022,20,leclerc,0.7800000000000011
2022,20,max_verstappen,0.0
2022,20,mick_schumacher,2.6439999999999912
2022,20,norris,0.945999999999998
2022,20,ocon,1.2349999999999994
2022,20,perez,0.3529999999999944
2022,20,ricciardo,1.5499999999999972
2022,20,russell,0.304000000000002
2022,20,sainz,0.5759999999999934
2022,20,stroll,2.7449999999999903
2022,20,tsunoda,1.813999999999993
2022,20,vettel,2.6439999999999912
2022,20,zhou,1.7009999999999934
2022,21,albon,0.75
2022,21,alonso,0.5130000000000052
2022,21,bottas,4.605000000000004
2022,21,gasly,0.7939999999999969
2022,21,hamilton,0.6580000000000013
2022,21,kevin_magnussen,0.5289999999999964
2022,21,latifi,4.213999999999999
2022,21,leclerc,0.0690000000000026
2022,21,max_verstappen,0.0
2022,21,mick_schumacher,5.480000000000004
2022,21,norris,0.4959999999999951
2022,21,ocon,0.7060000000000031
2022,21,perez,0.5750000000000028
2022,21,ricciardo,1.2590000000000003
2022,21,russell,0.4369999999999976
2022,21,sainz,0.0090000000000003
2022,21,stroll,1.3290000000000075
2022,21,tsunoda,5.382999999999996
2022,21,vettel,0.796999999999997
2022,21,zhou,4.3160000000000025
2022,22,albon,2.203999999999993
2022,22,alonso,1.2720000000000056
2022,22,bottas,2.067999999999998
2022,22,gasly,2.035000000000011
2022,22,hamilton,0.6839999999999975
2022,22,kevin_magnussen,2.010000000000005
2022,22,latifi,2.230000000000004
2022,22,leclerc,0.2680000000000007
2022,22,max_verstappen,0.0
2022,22,mick_schumacher,1.4009999999999962
2022,22,norris,0.9450000000000074
2022,22,ocon,1.0060000000000002
2022,22,perez,0.2279999999999944
2022,22,ricciardo,1.2210000000000036
2022,22,russell,0.6869999999999976
2022,22,sainz,0.4180000000000063
2022,22,stroll,1.5350000000000108
2022,22,tsunoda,1.394999999999996
2022,22,vettel,1.1370000000000005
2022,22,zhou,1.5840000000000032
2023,1,albon,1.753
2023,1,alonso,0.6280000000000001
2023,1,bottas,1.7349999999999994
2023,1,de_vries,2.413000000000011
2023,1,gasly,2.472999999999999
2023,1,hamilton,0.6760000000000019
2023,1,hulkenberg,1.100999999999999
2023,1,kevin_magnussen,2.183999999999997
2023,1,leclerc,0.2920000000000016
2023,1,max_verstappen,0.0
2023,1,norris,1.6730000000000018
2023,1,ocon,1.206000000000003
2023,1,perez,0.1380000000000052
2023,1,piastri,2.3930000000000007
2023,1,russell,0.632000000000005
2023,1,sainz,0.4459999999999979
2023,1,sargeant,1.9440000000000024
2023,1,stroll,1.128
2023,1,tsunoda,1.6920000000000073
2023,1,zhou,1.7650000000000006
2023,2,albon,1.7289999999999992
2023,2,alonso,0.4650000000000034
2023,2,bottas,1.4030000000000058
2023,2,de_vries,1.9789999999999992
2023,2,gasly,1.0919999999999987
2023,2,hamilton,0.9579999999999984
2023,2,hulkenberg,1.1859999999999928
2023,2,kevin_magnussen,1.3689999999999998
2023,2,leclerc,0.1550000000000011
2023,2,max_verstappen,0.4959999999999951
2023,2,norris,2.182000000000002
2023,2,ocon,0.8130000000000024
2023,2,perez,0.0
2023,2,piastri,0.9779999999999944
2023,2,russell,0.5919999999999987
2023,2,sainz,0.6659999999999968
2023,2,sargeant,40.24499999999999
2023,2,stroll,0.6799999999999926
2023,2,tsunoda,1.6739999999999924
2023,2,zhou,1.195999999999998
2023,3,albon,0.8770000000000095
2023,3,alonso,0.4069999999999965
2023,3,bottas,1.981999999999999
2023,3,de_vries,1.6030000000000086
2023,3,gasly,0.8419999999999987
2023,3,hamilton,0.3719999999999999
2023,3,hulkenberg,0.6800000000000068
2023,3,kevin_magnussen,1.3970000000000056
2023,3,leclerc,0.6370000000000005
2023,3,max_verstappen,0.0
2023,3,norris,1.3870000000000005
2023,3,ocon,1.0360000000000014
2023,3,piastri,1.7849999999999966
2023,3,russell,0.2360000000000042
2023,3,sainz,0.5379999999999967
2023,3,sargeant,1.8250000000000028
2023,3,stroll,0.5759999999999934
2023,3,tsunoda,1.3670000000000044
2023,3,zhou,1.8079999999999927
2023,4,albon,1.6149999999999949
2023,4,alonso,1.0499999999999972
2023,4,bottas,2.0559999999999974
2023,4,de_vries,15.078999999999994
2023,4,gasly,4.650000000000006
2023,4,hamilton,0.9739999999999897
2023,4,hulkenberg,2.5519999999999925
2023,4,kevin_magnussen,3.213999999999998
2023,4,leclerc,0.0
2023,4,max_verstappen,0.1879999999999881
2023,4,norris,1.078000000000003
2023,4,ocon,1.5949999999999989
2023,4,perez,0.2920000000000016
2023,4,piastri,1.407999999999987
2023,4,russell,1.4509999999999934
2023,4,sainz,0.8129999999999882
2023,4,sargeant,2.038999999999988
2023,4,stroll,1.3729999999999905
2023,4,tsunoda,1.3659999999999997
2023,4,zhou,2.438999999999993
2023,5,albon,0.9810000000000088
2023,5,alonso,0.2830000000000154
2023,5,bottas,0.75
2023,5,de_vries,1.51100000000001
2023,5,gasly,0.7980000000000018
2023,5,hamilton,1.032000000000011
2023,5,hulkenberg,1.0889999999999986
2023,5,kevin_magnussen,0.8590000000000089
2023,5,leclerc,0.1500000000000056
2023,5,max_verstappen,0.0
2023,5,norris,1.5800000000000125
2023,5,ocon,0.6300000000000097
2023,5,perez,0.0270000000000152
2023,5,piastri,1.670000000000016
2023,5,russell,0.929000000000002
2023,5,sainz,0.3340000000000032
2023,5,sargeant,1.7630000000000052
2023,5,stroll,1.662000000000006
2023,5,tsunoda,1.615000000000009
2023,5,zhou,1.2770000000000152
2023,6,albon,1.162000000000006
2023,6,alonso,0.0840000000000031
2023,6,bottas,1.2600000000000051
2023,6,de_vries,1.0630000000000024
2023,6,gasly,0.5679999999999978
2023,6,hamilton,0.3599999999999994
2023,6,hulkenberg,1.9140000000000017
2023,6,kevin_magnussen,1.9050000000000007
2023,6,leclerc,0.1060000000000087
2023,6,max_verstappen,0.0
2023,6,norris,0.88900000000001
2023,6,ocon,0.1880000000000024
2023,6,perez,2.484999999999999
2023,6,piastri,1.0300000000000011
2023,6,russell,0.5990000000000038
2023,6,sainz,0.2650000000000005
2023,6,sargeant,1.7480000000000049
2023,6,stroll,1.2580000000000098
2023,6,tsunoda,0.7169999999999987
2023,6,zhou,2.1580000000000013
2023,7,albon,1.7909999999999968
2023,7,alonso,0.8259999999999934
2023,7,bottas,1.7049999999999983
2023,7,de_vries,1.3089999999999975
2023,7,gasly,0.5439999999999969
2023,7,hamilton,0.5459999999999923
2023,7,hulkenberg,0.9569999999999936
2023,7,kevin_magnussen,1.769999999999996
2023,7,leclerc,1.8070000000000024
2023,7,max_verstappen,0.0
2023,7,norris,0.5039999999999907
2023,7,ocon,0.7289999999999992
2023,7,perez,1.0619999999999976
2023,7,piastri,0.7869999999999919
2023,7,russell,1.0539999999999878
2023,7,sainz,0.4619999999999891
2023,7,sargeant,2.4269999999999925
2023,7,stroll,0.7219999999999942
2023,7,tsunoda,1.5899999999999892
2023,7,zhou,1.2489999999999952
2023,8,albon,0.0
2023,8,alonso,1.051000000000002
2023,8,bottas,3.096000000000004
2023,8,de_vries,4.412000000000006
2023,8,gasly,4.161000000000001
2023,8,hamilton,1.7010000000000076
2023,8,hulkenberg,1.5800000000000125
2023,8,kevin_magnussen,2.953000000000003
2023,8,leclerc,1.8900000000000008
2023,8,max_verstappen,0.3670000000000044
2023,8,norris,0.6220000000000141
2023,8,ocon,1.6810000000000116
2023,8,perez,2.234000000000009
2023,8,piastri,0.9339999999999976
2023,8,russell,1.3730000000000049
2023,8,sainz,1.1310000000000002
2023,8,sargeant,4.612000000000009
2023,8,stroll,2.7590000000000146
2023,8,tsunoda,4.021000000000001
2023,8,zhou,4.617000000000004
2023,9,albon,0.9959999999999952
2023,9,alonso,0.519999999999996
2023,9,bottas,1.2890000000000017
2023,9,de_vries,1.5829999999999984
2023,9,gasly,0.7789999999999964
2023,9,hamilton,0.4279999999999972
2023,9,hulkenberg,0.6989999999999981
2023,9,kevin_magnussen,1.5799999999999983
2023,9,leclerc,0.0479999999999876
2023,9,max_verstappen,0.0
2023,9,norris,0.2669999999999959
2023,9,ocon,1.0619999999999976
2023,9,perez,0.7859999999999872
2023,9,piastri,1.2139999999999986
2023,9,russell,1.036999999999992
2023,9,sainz,0.1899999999999977
2023,9,sargeant,1.5570000000000022
2023,9,stroll,0.5019999999999953
2023,9,tsunoda,1.393000000000001
2023,9,zhou,1.4269999999999925
2023,10,albon,0.8100000000000023
2023,10,alonso,0.938999999999993
2023,10,bottas,3.078000000000003
2023,10,de_vries,3.7930000000000064
2023,10,gasly,0.968999999999994
2023,10,hamilton,0.4909999999999996
2023,10,hulkenberg,2.176000000000002
2023,10,kevin_magnussen,5.658000000000001
2023,10,leclerc,0.4159999999999968
2023,10,max_verstappen,0.0
2023,10,norris,0.2409999999999996
2023,10,ocon,2.236000000000004
2023,10,perez,3.2480000000000047
2023,10,piastri,0.3719999999999999
2023,10,russell,0.4350000000000023
2023,10,sainz,0.4279999999999972
2023,10,sargeant,2.311000000000007
2023,10,stroll,2.2150000000000034
2023,10,tsunoda,3.305000000000007
2023,10,zhou,3.403000000000006
2023,11,albon,2.3079999999999927
2023,11,alonso,0.4259999999999877
2023,11,bottas,0.4249999999999829
2023,11,gasly,1.60799999999999
2023,11,hamilton,0.0
2023,11,hulkenberg,0.5769999999999982
2023,11,kevin_magnussen,2.596999999999994
2023,11,leclerc,0.3829999999999955
2023,11,max_verstappen,0.0029999999999859
2023,11,norris,0.0849999999999937
2023,11,ocon,1.231999999999999
2023,11,perez,0.4359999999999928
2023,11,piastri,0.2959999999999922
2023,11,ricciardo,1.3929999999999865
2023,11,russell,2.417999999999992
2023,11,sainz,1.093999999999994
2023,11,sargeant,2.638999999999996
2023,11,stroll,1.5349999999999966
2023,11,tsunoda,2.309999999999988
2023,11,zhou,0.3619999999999947
2023,12,albon,14.145999999999988
2023,12,alonso,1.6749999999999972
2023,12,bottas,8.525999999999996
2023,12,gasly,7.502999999999986
2023,12,hamilton,0.9189999999999968
2023,12,hulkenberg,16.99799999999999
2023,12,kevin_magnussen,7.99199999999999
2023,12,leclerc,0.8199999999999932
2023,12,max_verstappen,0.0
2023,12,norris,1.5009999999999906
2023,12,ocon,10.203999999999994
2023,12,perez,0.8769999999999953
2023,12,piastri,1.1970000000000027
2023,12,ricciardo,15.991
2023,12,russell,1.6370000000000005
2023,12,sainz,0.9839999999999948
2023,12,sargeant,15.36699999999999
2023,12,stroll,2.673000000000002
2023,12,tsunoda,6.97999999999999
2023,12,zhou,14.663999999999987
2023,13,albon,0.8519999999999897
2023,13,alonso,0.938999999999993
2023,13,bottas,11.692999999999998
2023,13,gasly,9.560999999999993
2023,13,hamilton,9.583999999999987
2023,13,hulkenberg,9.682999999999993
2023,13,kevin_magnussen,11.625
2023,13,lawson,12.852999999999994
2023,13,leclerc,2.0979999999999848
2023,13,max_verstappen,0.0
2023,13,norris,0.5369999999999919
2023,13,ocon,11.542999999999992
2023,13,perez,1.3129999999999882
2023,13,piastri,1.3709999999999951
2023,13,russell,0.7269999999999897
2023,13,sainz,1.1869999999999976
2023,13,sargeant,6.180999999999997
2023,13,stroll,9.553999999999988
2023,13,tsunoda,9.662999999999997
2023,13,zhou,11.5
2023,14,albon,0.4660000000000082
2023,14,alonso,1.1230000000000049
2023,14,bottas,1.6460000000000008
2023,14,gasly,2.2510000000000048
2023,14,hamilton,0.5259999999999962
2023,14,hulkenberg,1.481999999999999
2023,14,kevin_magnussen,2.298000000000002
2023,14,lawson,1.4639999999999986
2023,14,leclerc,0.0670000000000072
2023,14,max_verstappen,0.0130000000000052
2023,14,norris,0.6850000000000023
2023,14,ocon,2.254000000000005
2023,14,perez,0.3940000000000054
2023,14,piastri,0.4909999999999996
2023,14,russell,0.3769999999999953
2023,14,sainz,0.0
2023,14,sargeant,1.63600000000001
2023,14,stroll,2.5660000000000025
2023,14,tsunoda,1.2999999999999972
2023,14,zhou,2.096000000000004
2023,15,albon,1.6839999999999975
2023,15,alonso,0.630999999999986
2023,15,bottas,1.8249999999999889
2023,15,gasly,1.289999999999992
2023,15,hamilton,0.5009999999999906
2023,15,hulkenberg,0.8239999999999839
2023,15,kevin_magnussen,0.590999999999994
2023,15,lawson,1.181999999999988
2023,15,leclerc,0.0789999999999935
2023,15,max_verstappen,1.188999999999993
2023,15,norris,0.2859999999999871
2023,15,ocon,0.688999999999993
2023,15,perez,1.114999999999981
2023,15,piastri,1.917999999999992
2023,15,russell,0.0719999999999885
2023,15,sainz,0.0
2023,15,sargeant,2.2680000000000007
2023,15,stroll,2.4129999999999825
2023,15,tsunoda,1.0069999999999908
2023,15,zhou,2.274000000000001
2023,16,albon,1.6600000000000108
2023,16,alonso,1.588000000000008
2023,16,bottas,2.172000000000012
2023,16,gasly,1.632000000000005
2023,16,hamilton,1.031000000000006
2023,16,hulkenberg,2.422000000000012
2023,16,kevin_magnussen,1.7879999999999967
2023,16,lawson,1.5480000000000018
2023,16,leclerc,0.6650000000000063
2023,16,max_verstappen,0.0
2023,16,norris,0.6159999999999997
2023,16,ocon,1.7090000000000032
2023,16,perez,0.7730000000000103
2023,16,piastri,0.5810000000000031
2023,16,russell,1.3419999999999987
2023,16,sainz,0.972999999999999
2023,16,stroll,2.304000000000002
2023,16,tsunoda,1.3270000000000124
2023,16,zhou,2.521000000000001
2023,17,albon,1.929000000000002
2023,17,alonso,0.5910000000000082
2023,17,bottas,1.2800000000000011
2023,17,gasly,0.7750000000000057
2023,17,hamilton,0.5270000000000152
2023,17,hulkenberg,2.0050000000000097
2023,17,kevin_magnussen,3.2680000000000007
2023,17,lawson,2.857000000000013
2023,17,leclerc,0.646000000000015
2023,17,max_verstappen,0.0
2023,17,norris,0.9070000000000108
2023,17,ocon,0.9850000000000136
2023,17,perez,1.6840000000000117
2023,17,piastri,0.7620000000000005
2023,17,russell,0.4410000000000025
2023,17,sainz,1.5500000000000114
2023,17,sargeant,2.4320000000000164
2023,17,stroll,2.567000000000008
2023,17,tsunoda,1.5230000000000103
2023,17,zhou,3.6540000000000106
2023,18,albon,1.5919999999999987
2023,18,alonso,1.5450000000000017
2023,18,bottas,1.1350000000000051
2023,18,gasly,0.3659999999999996
2023,18,hamilton,0.1389999999999958
2023,18,hulkenberg,1.5120000000000005
2023,18,kevin_magnussen,1.1569999999999965
2023,18,leclerc,0.0
2023,18,max_verstappen,0.2850000000000108
2023,18,norris,0.1300000000000096
2023,18,ocon,0.4309999999999974
2023,18,perez,0.4500000000000028
2023,18,piastri,0.7439999999999998
2023,18,ricciardo,1.2509999999999906
2023,18,russell,0.3560000000000087
2023,18,sainz,0.2219999999999942
2023,18,sargeant,2.103999999999999
2023,18,stroll,1.866
2023,18,tsunoda,0.9740000000000038
2023,18,zhou,0.9750000000000084
2023,19,albon,1.662000000000006
2023,19,alonso,1.5720000000000027
2023,19,bottas,0.8499999999999943
2023,19,gasly,1.355000000000004
2023,19,hamilton,0.2880000000000109
2023,19,hulkenberg,1.358000000000004
2023,19,kevin_magnussen,1.997
2023,19,leclerc,0.0
2023,19,max_verstappen,0.0970000000000084
2023,19,norris,4.388000000000005
2023,19,ocon,1.9140000000000017
2023,19,perez,0.257000000000005
2023,19,piastri,0.4570000000000078
2023,19,ricciardo,0.2160000000000081
2023,19,russell,0.507000000000005
2023,19,sainz,0.0670000000000072
2023,19,stroll,2.061000000000007
2023,19,tsunoda,1.7240000000000038
2023,19,zhou,0.8840000000000003
2023,20,albon,0.5999999999999943
2023,20,alonso,0.2159999999999939
2023,20,bottas,0.9339999999999976
2023,20,gasly,0.5460000000000065
2023,20,hamilton,0.2450000000000045
2023,20,hulkenberg,0.4539999999999935
2023,20,kevin_magnussen,0.5810000000000031
2023,20,leclerc,0.2819999999999965
2023,20,max_verstappen,0.1410000000000053
2023,20,norris,0.0
2023,20,ocon,0.5409999999999968
2023,20,perez,0.1979999999999933
2023,20,piastri,0.3089999999999975
2023,20,ricciardo,0.8220000000000027
2023,20,russell,0.2950000000000017
2023,20,sainz,0.2330000000000041
2023,20,sargeant,1.0139999999999958
2023,20,stroll,0.3539999999999992
2023,20,tsunoda,0.8160000000000025
2023,20,zhou,1.2540000000000049
2023,21,albon,0.5970000000000084
2023,21,alonso,0.8290000000000077
2023,21,bottas,0.7990000000000066
2023,21,gasly,0.5130000000000052
2023,21,hamilton,1.1110000000000042
2023,21,hulkenberg,1.253
2023,21,kevin_magnussen,0.811000000000007
2023,21,leclerc,0.0
2023,21,max_verstappen,0.3780000000000001
2023,21,norris,1.977000000000004
2023,21,ocon,2.108000000000004
2023,21,perez,1.128999999999991
2023,21,piastri,2.1239999999999952
2023,21,ricciardo,1.5819999999999936
2023,21,russell,0.3859999999999957
2023,21,sainz,0.0440000000000111
2023,21,sargeant,0.7870000000000061
2023,21,stroll,1.472999999999999
2023,21,tsunoda,3.721000000000003
2023,21,zhou,2.1229999999999905
2023,22,albon,0.8530000000000086
2023,22,alonso,0.63900000000001
2023,22,bottas,1.3430000000000035
2023,22,gasly,0.6330000000000098
2023,22,hamilton,0.9140000000000156
2023,22,hulkenberg,0.6630000000000109
2023,22,kevin_magnussen,1.3190000000000026
2023,22,leclerc,0.13900000000001
2023,22,max_verstappen,0.0
2023,22,norris,0.3710000000000093
2023,22,ocon,0.945999999999998
2023,22,perez,0.6710000000000065
2023,22,piastri,0.3370000000000033
2023,22,ricciardo,0.997000000000014
2023,22,russell,0.3430000000000035
2023,22,sainz,1.2930000000000064
2023,22,stroll,0.960000000000008
2023,22,tsunoda,0.5230000000000103
2023,22,zhou,1.7139999999999986
2024,1,albon,1.0560000000000116
2024,1,alonso,0.3770000000000095
2024,1,bottas,1.5910000000000082
2024,1,gasly,1.7830000000000157
2024,1,hamilton,0.5450000000000159
2024,1,hulkenberg,0.686000000000007
2024,1,kevin_magnussen,1.3640000000000043
2024,1,leclerc,0.0
2024,1,max_verstappen,0.01400000000001
2024,1,norris,0.4490000000000123
2024,1,ocon,1.6280000000000143
2024,1,perez,0.3720000000000141
2024,1,piastri,0.5180000000000007
2024,1,ricciardo,1.1129999999999995
2024,1,russell,0.3200000000000074
2024,1,sainz,0.3420000000000129
2024,1,sargeant,1.605000000000004
2024,1,stroll,0.8000000000000114
2024,1,tsunoda,0.9640000000000128
2024,1,zhou,1.592000000000013
2024,2,albon,1.5079999999999956
2024,2,alonso,0.3739999999999952
2024,2,bearman,1.1699999999999875
2024,2,bottas,1.7069999999999936
2024,2,gasly,2.006999999999991
2024,2,hamilton,0.9879999999999995
2024,2,hulkenberg,1.5829999999999984
2024,2,kevin_magnussen,1.5479999999999876
2024,2,leclerc,0.3189999999999884
2024,2,max_verstappen,0.0
2024,2,norris,0.6599999999999966
2024,2,ocon,2.002999999999986
2024,2,perez,0.3349999999999937
2024,2,piastri,0.6169999999999902
2024,2,ricciardo,1.5529999999999973
2024,2,russell,0.8439999999999941
2024,2,sargeant,2.053999999999988
2024,2,stroll,0.7779999999999916
2024,2,tsunoda,1.0749999999999886
2024,3,albon,1.2150000000000034
2024,3,alonso,0.7950000000000159
2024,3,bottas,1.4250000000000114
2024,3,gasly,2.067000000000008
2024,3,hamilton,1.045000000000016
2024,3,hulkenberg,2.061000000000007
2024,3,kevin_magnussen,1.5120000000000005
2024,3,leclerc,0.38900000000001
2024,3,max_verstappen,0.0
2024,3,norris,0.4000000000000057
2024,3,ocon,1.7020000000000124
2024,3,perez,0.3590000000000088
2024,3,piastri,0.6570000000000107
2024,3,ricciardo,2.170000000000016
2024,3,russell,0.8090000000000117
2024,3,sainz,0.2700000000000102
2024,3,stroll,0.8650000000000091
2024,3,tsunoda,0.8730000000000047
2024,3,zhou,2.2730000000000103
2024,4,albon,1.516999999999996
2024,4,alonso,0.4890000000000043
2024,4,bottas,1.3960000000000008
2024,4,gasly,1.921999999999997
2024,4,hamilton,0.5689999999999884
2024,4,hulkenberg,1.296999999999997
2024,4,kevin_magnussen,1.9339999999999973
2024,4,leclerc,0.5889999999999986
2024,4,max_verstappen,0.0
2024,4,norris,0.2920000000000016
2024,4,ocon,1.6140000000000043
2024,4,perez,0.0660000000000025
2024,4,piastri,0.5630000000000024
2024,4,ricciardo,1.2750000000000057
2024,4,russell,0.8109999999999928
2024,4,sainz,0.4849999999999994
2024,4,sargeant,1.941999999999993
2024,4,stroll,1.8269999999999984
2024,4,tsunoda,1.215999999999994
2024,4,zhou,1.945999999999998
2024,5,albon,1.581000000000003
2024,5,alonso,0.4879999999999995
2024,5,bottas,1.0049999999999957
2024,5,gasly,1.6270000000000095
2024,5,hamilton,1.913000000000011
2024,5,hulkenberg,0.9440000000000026
2024,5,kevin_magnussen,1.8559999999999943
2024,5,leclerc,0.6290000000000049
2024,5,max_verstappen,0.0
2024,5,norris,0.5049999999999955
2024,5,ocon,1.5630000000000024
2024,5,perez,0.3220000000000027
2024,5,piastri,0.6129999999999995
2024,5,ricciardo,1.274000000000001
2024,5,russell,0.7729999999999961
2024,5,sainz,0.6370000000000005
2024,5,sargeant,2.6980000000000075
2024,5,stroll,1.1779999999999973
2024,5,tsunoda,2.0860000000000127
2024,5,zhou,1.8449999999999989
2024,6,albon,1.102000000000004
2024,6,alonso,1.1859999999999928
2024,6,bottas,1.2219999999999942
2024,6,gasly,0.7349999999999994
2024,6,hamilton,0.456000000000003
2024,6,hulkenberg,0.9050000000000012
2024,6,kevin_magnussen,1.378
2024,6,leclerc,0.1410000000000053
2024,6,max_verstappen,0.0
2024,6,norris,0.3529999999999944
2024,6,ocon,0.9680000000000036
2024,6,perez,0.2190000000000083
2024,6,piastri,0.4339999999999975
2024,6,ricciardo,1.3760000000000048
2024,6,russell,0.8260000000000076
2024,6,sainz,0.2139999999999986
2024,6,sargeant,1.2459999999999951
2024,6,stroll,0.9359999999999928
2024,6,tsunoda,0.926000000000002
2024,6,zhou,1.5829999999999984
2024,7,albon,1.4540000000000075
2024,7,alonso,2.1710000000000065
2024,7,bottas,1.8800000000000097
2024,7,gasly,1.2690000000000057
2024,7,hamilton,0.7580000000000098
2024,7,hulkenberg,0.8230000000000075
2024,7,kevin_magnussen,2.108000000000004
2024,7,leclerc,0.2240000000000037
2024,7,max_verstappen,0.0
2024,7,norris,0.0910000000000081
2024,7,ocon,1.1600000000000108
2024,7,perez,0.960000000000008
2024,7,piastri,0.073999999999998
2024,7,ricciardo,0.9280000000000116
2024,7,russell,0.4879999999999995
2024,7,sainz,0.487000000000009
2024,7,stroll,1.246000000000009
2024,7,tsunoda,0.612000000000009
2024,7,zhou,2.088000000000008
2024,8,albon,0.6780000000000115
2024,8,alonso,1.7490000000000094
2024,8,bottas,2.2420000000000044
2024,8,gasly,0.6260000000000048
2024,8,hamilton,0.3509999999999991
2024,8,hulkenberg,1.1700000000000017
2024,8,kevin_magnussen,1.4549999999999983
2024,8,leclerc,0.0
2024,8,max_verstappen,0.2970000000000112
2024,8,norris,0.2720000000000055
2024,8,ocon,1.0150000000000006
2024,8,perez,1.7900000000000065
2024,8,piastri,0.1540000000000105
2024,8,ricciardo,1.2120000000000033
2024,8,russell,0.2730000000000103
2024,8,sainz,0.2480000000000046
2024,8,sargeant,1.75
2024,8,stroll,1.2930000000000064
2024,8,tsunoda,0.5880000000000081
2024,8,zhou,2.7580000000000098
2024,9,albon,0.742999999999995
2024,9,alonso,0.48599999999999
2024,9,bottas,1.6239999999999952
2024,9,gasly,1.1979999999999933
2024,9,hamilton,0.2369999999999947
2024,9,hulkenberg,2.23599999999999
2024,9,kevin_magnussen,1.1739999999999924
2024,9,leclerc,0.948999999999998
2024,9,max_verstappen,0.2579999999999955
2024,9,norris,0.2789999999999963
2024,9,ocon,1.6929999999999978
2024,9,perez,1.583999999999989
2024,9,piastri,0.36099999999999
2024,9,ricciardo,0.4359999999999928
2024,9,russell,0.0
2024,9,sainz,0.98599999999999
2024,9,sargeant,0.9939999999999998
2024,9,stroll,0.9170000000000016
2024,9,tsunoda,0.5609999999999928
2024,9,zhou,2.549999999999997
2024,10,albon,1.7700000000000102
2024,10,alonso,0.7450000000000045
2024,10,bottas,0.8440000000000083
2024,10,gasly,0.4740000000000037
2024,10,hamilton,0.3179999999999978
2024,10,hulkenberg,0.9270000000000068
2024,10,kevin_magnussen,1.554000000000002
2024,10,leclerc,0.347999999999999
2024,10,max_verstappen,0.0200000000000102
2024,10,norris,0.0
2024,10,ocon,0.7259999999999991
2024,10,perez,0.6710000000000065
2024,10,piastri,0.6280000000000001
2024,10,ricciardo,1.6920000000000073
2024,10,russell,0.3200000000000074
2024,10,sainz,0.3530000000000086
2024,10,sargeant,2.1260000000000048
2024,10,stroll,0.9890000000000044
2024,10,tsunoda,1.602000000000004
2024,10,zhou,1.355000000000004
2024,11,albon,1.4220000000000113
2024,11,alonso,1.3250000000000028
2024,11,bottas,1.5330000000000013
2024,11,gasly,1.0450000000000017
2024,11,hamilton,0.5890000000000128
2024,11,hulkenberg,0.9480000000000076
2024,11,kevin_magnussen,1.0330000000000013
2024,11,leclerc,0.730000000000004
2024,11,max_verstappen,0.0
2024,11,norris,0.4040000000000106
2024,11,ocon,0.960000000000008
2024,11,perez,0.8300000000000125
2024,11,piastri,0.7340000000000089
2024,11,ricciardo,0.9750000000000084
2024,11,russell,0.5260000000000105
2024,11,sainz,0.5370000000000061
2024,11,sargeant,1.5420000000000016
2024,11,stroll,1.5050000000000097
2024,11,tsunoda,1.0980000000000132
2024,11,zhou,1.747000000000014
2024,12,albon,0.820999999999998
2024,12,alonso,0.9110000000000014
2024,12,bottas,6.611999999999995
2024,12,gasly,13.985
2024,12,hamilton,0.1709999999999922
2024,12,hulkenberg,0.5189999999999912
2024,12,kevin_magnussen,7.085999999999999
2024,12,leclerc,1.2780000000000058
2024,12,max_verstappen,0.3840000000000003
2024,12,norris,0.2109999999999985
2024,12,ocon,8.738
2024,12,perez,12.528999999999996
2024,12,piastri,0.4179999999999921
2024,12,ricciardo,2.1299999999999955
2024,12,russell,0.0
2024,12,sainz,0.6899999999999977
2024,12,sargeant,1.3559999999999943
2024,12,stroll,0.7660000000000053
2024,12,tsunoda,1.4500000000000028
2024,12,zhou,2.048000000000002
2024,13,albon,1.2019999999999982
2024,13,alonso,0.8160000000000025
2024,13,bottas,1.1569999999999965
2024,13,gasly,2.938999999999993
2024,13,hamilton,0.6269999999999953
2024,13,hulkenberg,1.0900000000000034
2024,13,kevin_magnussen,1.320999999999998
2024,13,leclerc,0.6640000000000015
2024,13,max_verstappen,0.0459999999999922
2024,13,norris,0.0
2024,13,ocon,2.8220000000000027
2024,13,perez,2.658999999999992
2024,13,piastri,0.0219999999999913
2024,13,ricciardo,0.9749999999999944
2024,13,russell,2.741
2024,13,sainz,0.4689999999999941
2024,13,sargeant,1.3160000000000025
2024,13,stroll,0.847999999999999
2024,13,tsunoda,0.8939999999999912
2024,13,zhou,2.8100000000000023
2024,14,albon,1.3140000000000072
2024,14,alonso,1.099000000000018
2024,14,bottas,1.6050000000000182
2024,14,gasly,1.475999999999999
2024,14,hamilton,0.6760000000000161
2024,14,hulkenberg,3.149000000000001
2024,14,kevin_magnussen,3.341000000000008
2024,14,leclerc,0.5949999999999989
2024,14,max_verstappen,0.0
2024,14,norris,0.8220000000000027
2024,14,ocon,1.301000000000016
2024,14,perez,0.6060000000000088
2024,14,piastri,0.8680000000000092
2024,14,ricciardo,1.5230000000000103
2024,14,russell,0.936000000000007
2024,14,sainz,0.953000000000003
2024,14,sargeant,4.070999999999998
2024,14,stroll,2.5570000000000164
2024,14,tsunoda,3.434000000000012
2024,14,zhou,4.616000000000014
2024,15,albon,0.980000000000004
2024,15,alonso,0.9599999999999936
2024,15,bottas,2.4950000000000045
2024,15,gasly,1.141999999999996
2024,15,hamilton,1.2750000000000057
2024,15,hulkenberg,1.5420000000000016
2024,15,kevin_magnussen,1.622
2024,15,leclerc,0.9089999999999918
2024,15,max_verstappen,0.3559999999999945
2024,15,norris,0.0
2024,15,ocon,2.3220000000000027
2024,15,perez,0.742999999999995
2024,15,piastri,0.4989999999999952
2024,15,ricciardo,2.269999999999996
2024,15,russell,0.570999999999998
2024,15,sainz,1.2409999999999997
2024,15,stroll,0.9879999999999995
2024,15,tsunoda,1.2819999999999965
2024,15,zhou,3.587999999999994
2024,16,albon,0.9720000000000084
2024,16,alonso,1.093999999999994
2024,16,bottas,1.774000000000001
2024,16,colapinto,1.7340000000000089
2024,16,gasly,1.4110000000000014
2024,16,hamilton,0.186000000000007
2024,16,hulkenberg,1.0120000000000005
2024,16,kevin_magnussen,1.371000000000009
2024,16,leclerc,0.1340000000000003
2024,16,max_verstappen,0.3350000000000079
2024,16,norris,0.0
2024,16,ocon,1.4369999999999976
2024,16,perez,0.7349999999999994
2024,16,piastri,0.1090000000000088
2024,16,ricciardo,1.152000000000001
2024,16,russell,0.1129999999999995
2024,16,sainz,0.1400000000000005
2024,16,stroll,1.686000000000007
2024,16,tsunoda,1.617999999999995
2024,16,zhou,2.117999999999995
2024,17,albon,1.4749999999999943
2024,17,alonso,1.003999999999991
2024,17,bearman,1.6029999999999944
2024,17,bottas,2.252999999999986
2024,17,colapinto,1.10799999999999
2024,17,gasly,1.813999999999993
2024,17,hamilton,0.9239999999999924
2024,17,hulkenberg,1.73599999999999
2024,17,leclerc,0.0
2024,17,max_verstappen,0.657999999999987
2024,17,norris,2.244
2024,17,ocon,3.1389999999999816
2024,17,perez,0.4479999999999933
2024,17,piastri,0.3209999999999979
2024,17,ricciardo,2.181999999999988
2024,17,russell,0.5089999999999861
2024,17,sainz,0.4399999999999977
2024,17,stroll,2.0049999999999955
2024,17,tsunoda,1.6699999999999875
2024,17,zhou,2.881
2024,18,albon,0.948999999999998
2024,18,alonso,0.688999999999993
2024,18,bottas,2.046999999999997
2024,18,colapinto,0.9559999999999887
2024,18,gasly,1.786999999999992
2024,18,hamilton,0.3160000000000025
2024,18,hulkenberg,0.5899999999999892
2024,18,kevin_magnussen,1.127999999999986
2024,18,leclerc,0.2219999999999942
2024,18,max_verstappen,0.1550000000000011
2024,18,norris,0.0
2024,18,ocon,1.2439999999999998
2024,18,perez,1.054000000000002
2024,18,piastri,0.1149999999999948
2024,18,ricciardo,1.5600000000000025
2024,18,russell,0.3419999999999987
2024,18,sainz,0.5829999999999984
2024,18,stroll,1.5689999999999884
2024,18,tsunoda,0.7639999999999958
2024,18,zhou,2.5289999999999964
2024,19,albon,1.7210000000000036
2024,19,alonso,0.9789999999999992
2024,19,bottas,1.8220000000000027
2024,19,colapinto,1.731999999999999
2024,19,gasly,0.6880000000000024
2024,19,hamilton,1.823999999999998
2024,19,hulkenberg,1.2139999999999986
2024,19,kevin_magnussen,1.1439999999999912
2024,19,lawson,1.0090000000000003
2024,19,leclerc,0.4100000000000108
2024,19,max_verstappen,0.0309999999999917
2024,19,norris,0.0
2024,19,ocon,1.26700000000001
2024,19,perez,0.6900000000000119
2024,19,piastri,0.6200000000000045
2024,19,russell,0.6439999999999912
2024,19,sainz,0.3220000000000027
2024,19,stroll,1.429000000000002
2024,19,tsunoda,1.176000000000002
2024,19,zhou,1.8980000000000103
2024,20,albon,1.0420000000000016
2024,20,alonso,1.2220000000000084
2024,20,bottas,1.4470000000000027
2024,20,colapinto,1.6119999999999948
2024,20,gasly,0.945999999999998
2024,20,hamilton,0.7049999999999983
2024,20,hulkenberg,1.0490000000000066
2024,20,kevin_magnussen,0.9399999999999976
2024,20,lawson,1.2160000000000082
2024,20,leclerc,0.3190000000000026
2024,20,max_verstappen,0.2249999999999943
2024,20,norris,0.3140000000000071
2024,20,ocon,1.6710000000000065
2024,20,perez,1.6650000000000065
2024,20,piastri,1.6510000000000105
2024,20,russell,0.4099999999999966
2024,20,sainz,0.0
2024,20,stroll,1.347999999999999
2024,20,tsunoda,1.183000000000007
2024,20,zhou,2.1260000000000048
2024,21,albon,1.2519999999999951
2024,21,alonso,5.593000000000004
2024,21,bearman,7.823999999999998
2024,21,bottas,3.067000000000008
2024,21,colapinto,7.864999999999995
2024,21,gasly,6.015000000000001
2024,21,hamilton,7.745000000000003
2024,21,hulkenberg,8.218000000000004
2024,21,lawson,1.0790000000000075
2024,21,leclerc,1.1200000000000043
2024,21,max_verstappen,4.366
2024,21,norris,0.0
2024,21,ocon,1.0699999999999932
2024,21,perez,4.753
2024,21,piastri,1.281000000000006
2024,21,russell,0.1730000000000018
2024,21,sainz,6.001000000000005
2024,21,stroll,2.929000000000002
2024,21,tsunoda,0.7060000000000031
2024,21,zhou,8.858000000000004
2024,22,albon,2.1129999999999995
2024,22,alonso,1.946000000000012
2024,22,bottas,2.118000000000009
2024,22,colapinto,1.4340000000000117
2024,22,gasly,0.3520000000000038
2024,22,hamilton,0.2550000000000096
2024,22,hulkenberg,0.75
2024,22,kevin_magnussen,0.9849999999999994
2024,22,lawson,1.7750000000000057
2024,22,leclerc,0.4710000000000036
2024,22,max_verstappen,0.4849999999999994
2024,22,norris,0.6960000000000122
2024,22,ocon,0.909000000000006
2024,22,perez,1.8430000000000035
2024,22,piastri,0.7120000000000033
2024,22,russell,0.0
2024,22,sainz,0.0979999999999989
2024,22,stroll,2.172000000000012
2024,22,tsunoda,0.7169999999999987
2024,22,zhou,1.2540000000000049
2024,23,albon,1.8700000000000043
2024,23,alonso,0.6880000000000024
2024,23,bottas,1.2109999999999983
2024,23,colapinto,2.073999999999998
2024,23,gasly,0.9170000000000016
2024,23,hamilton,0.4909999999999996
2024,23,hulkenberg,1.922000000000012
2024,23,kevin_magnussen,0.8670000000000044
2024,23,lawson,1.891000000000005
2024,23,leclerc,0.3320000000000078
2024,23,max_verstappen,0.0
2024,23,norris,0.2519999999999953
2024,23,ocon,2.1940000000000026
2024,23,perez,0.9050000000000012
2024,23,piastri,0.3090000000000117
2024,23,russell,0.0550000000000068
2024,23,sainz,0.5210000000000008
2024,23,stroll,1.3910000000000051
2024,23,tsunoda,1.2510000000000048
2024,23,zhou,0.9810000000000088
2024,24,albon,1.225999999999999
2024,24,alonso,0.6009999999999991
2024,24,bottas,0.6090000000000089
2024,24,colapinto,1.3170000000000073
2024,24,doohan,1.5100000000000051
2024,24,gasly,0.38900000000001
2024,24,hamilton,1.2920000000000016
2024,24,hulkenberg,0.2909999999999968
2024,24,kevin_magnussen,1.037000000000006
2024,24,lawson,0.8770000000000095
2024,24,leclerc,0.7069999999999936
2024,24,max_verstappen,0.3499999999999943
2024,24,norris,0.0
2024,24,perez,0.6689999999999969
2024,24,piastri,0.2090000000000031
2024,24,russell,0.5370000000000061
2024,24,sainz,0.2289999999999992
2024,24,stroll,1.1340000000000003
2024,24,tsunoda,0.8239999999999981
2024,24,zhou,1.2849999999999966
2025,1,albon,0.6409999999999911
2025,1,alonso,1.191999999999993
2025,1,antonelli,1.429000000000002
2025,1,bortoleto,1.4199999999999875
2025,1,doohan,1.218999999999994
2025,1,gasly,0.8840000000000003
2025,1,hadjar,1.0789999999999935
2025,1,hamilton,0.8229999999999933
2025,1,hulkenberg,1.483000000000004
2025,1,lawson,1.9979999999999905
2025,1,leclerc,0.6589999999999918
2025,1,max_verstappen,0.3849999999999909
2025,1,norris,0.0
2025,1,ocon,2.050999999999988
2025,1,piastri,0.0840000000000031
2025,1,russell,0.4499999999999886
2025,1,sainz,0.8349999999999937
2025,1,stroll,1.272999999999996
2025,1,tsunoda,0.5739999999999981
2025,2,albon,0.862000000000009
2025,2,alonso,1.0470000000000113
2025,2,antonelli,0.4620000000000175
2025,2,bearman,1.3770000000000095
2025,2,bortoleto,1.5
2025,2,doohan,1.4510000000000076
2025,2,gasly,1.3510000000000133
2025,2,hadjar,0.4380000000000166
2025,2,hamilton,0.2860000000000013
2025,2,hulkenberg,0.991000000000014
2025,2,lawson,1.5330000000000157
2025,2,leclerc,0.3800000000000096
2025,2,max_verstappen,0.1760000000000161
2025,2,norris,0.146000000000015
2025,2,ocon,0.9840000000000088
2025,2,piastri,0.0
2025,2,russell,0.0820000000000078
2025,2,sainz,0.987000000000009
2025,2,stroll,1.132000000000005
2025,2,tsunoda,0.5970000000000084
2025,3,albon,0.6319999999999908
2025,3,alonso,0.9139999999999872
2025,3,antonelli,0.5720000000000027
2025,3,bearman,0.7279999999999944
2025,3,bortoleto,1.6389999999999958
2025,3,doohan,1.8939999999999912
2025,3,gasly,0.8389999999999986
2025,3,hadjar,0.5859999999999985
2025,3,hamilton,0.6269999999999953
2025,3,hulkenberg,1.586999999999989
2025,3,lawson,0.9230000000000018
2025,3,leclerc,0.3160000000000025
2025,3,max_verstappen,0.0
2025,3,norris,0.0120000000000004
2025,3,ocon,1.712999999999994
2025,3,piastri,0.0439999999999969
2025,3,russell,0.3349999999999937
2025,3,sainz,0.8529999999999944
2025,3,stroll,2.2879999999999967
2025,3,tsunoda,0.9839999999999948
2025,4,albon,2.198999999999984
2025,4,alonso,1.7929999999999922
2025,4,antonelli,0.3719999999999857
2025,4,bearman,2.5319999999999823
2025,4,bortoleto,2.344999999999999
2025,4,doohan,1.4039999999999964
2025,4,gasly,0.375
2025,4,hadjar,1.4299999999999926
2025,4,hamilton,0.9309999999999832
2025,4,hulkenberg,2.225999999999999
2025,4,lawson,2.323999999999984
2025,4,leclerc,0.333999999999989
2025,4,max_verstappen,0.5819999999999936
2025,4,norris,0.4259999999999877
2025,4,ocon,1.752999999999986
2025,4,piastri,0.0
2025,4,russell,0.1679999999999921
2025,4,sainz,0.8389999999999986
2025,4,stroll,2.441999999999993
2025,4,tsunoda,1.3870000000000005
2025,5,albon,0.8150000000000119
2025,5,alonso,1.0090000000000003
2025,5,antonelli,0.5040000000000049
2025,5,bearman,1.2420000000000044
2025,5,bortoleto,2.1680000000000064
2025,5,doohan,1.4450000000000074
2025,5,gasly,0.7310000000000088
2025,5,hadjar,1.1240000000000094
2025,5,hamilton,0.8080000000000069
2025,5,hulkenberg,1.4879999999999995
2025,5,lawson,0.8970000000000056
2025,5,leclerc,0.3760000000000048
2025,5,max_verstappen,0.0
2025,5,norris,0.1869999999999976
2025,5,ocon,1.7980000000000018
2025,5,piastri,0.0100000000000051
2025,5,russell,0.1129999999999995
2025,5,sainz,0.730000000000004
2025,5,stroll,1.350999999999999
2025,5,tsunoda,0.695999999999998
2025,6,albon,0.4779999999999944
2025,6,alonso,1.3999999999999917
2025,6,antonelli,0.066999999999993
2025,6,bearman,1.7949999999999875
2025,6,bortoleto,0.9469999999999884
2025,6,doohan,0.9819999999999992
2025,6,gasly,1.5060000000000002
2025,6,hadjar,0.782999999999987
2025,6,hamilton,0.8019999999999925
2025,6,hulkenberg,1.2689999999999912
2025,6,lawson,1.1589999999999918
2025,6,leclerc,0.5499999999999972
2025,6,max_verstappen,0.0
2025,6,norris,0.0649999999999977
2025,6,ocon,0.6199999999999903
2025,6,piastri,0.0649999999999977
2025,6,russell,0.1809999999999973
2025,6,sainz,0.3649999999999949
2025,6,stroll,1.6259999999999906
2025,6,tsunoda,0.7389999999999901
2025,7,albon,0.8029999999999973
2025,7,alonso,0.7609999999999957
2025,7,antonelli,1.102000000000004
2025,7,bearman,2.2480000000000047
2025,7,bortoleto,1.5900000000000034
2025,7,colapinto,1.5859999999999983
2025,7,gasly,0.8349999999999937
2025,7,hadjar,0.8400000000000034
2025,7,hamilton,1.0949999999999989
2025,7,hulkenberg,1.847999999999999
2025,7,lawson,1.7090000000000032
2025,7,leclerc,0.9339999999999976
2025,7,max_verstappen,0.034000000000006
2025,7,norris,0.2920000000000016
2025,7,ocon,1.9429999999999976
2025,7,piastri,0.0
2025,7,russell,0.1370000000000004
2025,7,sainz,0.5280000000000058
2025,7,stroll,0.8269999999999982
2025,8,albon,0.7779999999999916
2025,8,alonso,0.9699999999999988
2025,8,antonelli,1.9259999999999875
2025,8,bearman,2.0249999999999915
2025,8,bortoleto,1.9479999999999933
2025,8,colapinto,2.6429999999999865
2025,8,gasly,2.039999999999992
2025,8,hadjar,0.968999999999994
2025,8,hamilton,0.4279999999999972
2025,8,hulkenberg,1.641999999999996
2025,8,lawson,1.1749999999999972
2025,8,leclerc,0.1089999999999946
2025,8,max_verstappen,0.7149999999999892
2025,8,norris,0.0
2025,8,ocon,0.9879999999999995
2025,8,piastri,0.1749999999999971
2025,8,russell,1.5529999999999973
2025,8,sainz,1.407999999999987
2025,8,stroll,2.6089999999999947
2025,8,tsunoda,1.4609999999999843
2025,9,albon,1.095000000000013
2025,9,alonso,0.7380000000000138
2025,9,antonelli,0.5650000000000119
2025,9,bearman,1.5280000000000058
2025,9,bortoleto,1.210000000000008
2025,9,colapinto,1.788000000000011
2025,9,gasly,0.6530000000000058
2025,9,hadjar,0.7060000000000031
2025,9,hamilton,0.4990000000000094
2025,9,hulkenberg,1.6440000000000057
2025,9,lawson,1.217000000000013
2025,9,leclerc,0.585000000000008
2025,9,max_verstappen,0.3020000000000067
2025,9,norris,0.2090000000000031
2025,9,ocon,1.6550000000000011
2025,9,piastri,0.0
2025,9,russell,0.3020000000000067
2025,9,sainz,1.657000000000011
2025,9,stroll,1.4920000000000044
2025,9,tsunoda,1.8390000000000128
2025,10,albon,0.992999999999995
2025,10,alonso,0.6869999999999976
2025,10,antonelli,0.4920000000000044
2025,10,bearman,1.4069999999999965
2025,10,bortoleto,1.4860000000000042
2025,10,colapinto,1.242999999999995
2025,10,gasly,1.768000000000001
2025,10,hadjar,0.9680000000000036
2025,10,hamilton,0.6269999999999953
2025,10,hulkenberg,1.2839999999999918
2025,10,lawson,1.6260000000000048
2025,10,leclerc,0.7270000000000039
2025,10,max_verstappen,0.1599999999999966
2025,10,norris,0.7000000000000028
2025,10,ocon,1.4789999999999992
2025,10,piastri,0.2210000000000036
2025,10,russell,0.0
2025,10,sainz,1.4989999999999952
2025,10,stroll,1.617999999999995
2025,10,tsunoda,1.203000000000003
2025,11,albon,1.171999999999997
2025,11,alonso,1.1569999999999965
2025,11,antonelli,1.0809999999999889
2025,11,bearman,1.247
2025,11,bortoleto,0.875
2025,11,colapinto,1.3070000000000022
2025,11,gasly,0.875
2025,11,hadjar,1.0919999999999987
2025,11,hamilton,0.61099999999999
2025,11,hulkenberg,1.634999999999991
2025,11,lawson,0.9549999999999984
2025,11,leclerc,0.5210000000000008
2025,11,max_verstappen,0.8649999999999949
2025,11,norris,0.0
2025,11,ocon,1.393000000000001
2025,11,piastri,0.5829999999999984
2025,11,russell,0.7920000000000016
2025,11,sainz,1.61099999999999
2025,11,stroll,1.35799999999999
2025,11,tsunoda,1.397999999999996
2025,12,albon,0.997
2025,12,alonso,0.7010000000000076
2025,12,antonelli,0.4819999999999993
2025,12,bearman,0.5790000000000077
2025,12,bortoleto,1.554000000000002
2025,12,colapinto,2.1680000000000064
2025,12,gasly,0.8190000000000026
2025,12,hadjar,0.9720000000000084
2025,12,hamilton,0.1920000000000072
2025,12,hulkenberg,1.6820000000000022
2025,12,lawson,1.5480000000000018
2025,12,leclerc,0.2289999999999992
2025,12,max_verstappen,0.0
2025,12,norris,0.1180000000000092
2025,12,ocon,1.058000000000007
2025,12,piastri,0.1030000000000086
2025,12,russell,0.1370000000000004
2025,12,sainz,0.8539999999999992
2025,12,stroll,1.612000000000009
2025,12,tsunoda,0.9339999999999976
2025,13,albon,0.6389999999999958
2025,13,alonso,1.8229999999999933
2025,13,antonelli,1.5770000000000124
2025,13,bearman,1.0549999999999926
2025,13,bortoleto,0.7740000000000009
2025,13,colapinto,1.4599999999999935
2025,13,gasly,1.0710000000000122
2025,13,hadjar,0.7190000000000083
2025,13,hamilton,1.3769999999999951
2025,13,hulkenberg,1.144999999999996
2025,13,lawson,0.7349999999999994
2025,13,leclerc,0.338000000000008
2025,13,max_verstappen,0.340999999999994
2025,13,norris,0.0
2025,13,ocon,0.963000000000008
2025,13,piastri,0.0640000000000071
2025,13,russell,0.6919999999999931
2025,13,sainz,1.1290000000000049
2025,13,stroll,1.940000000000012
2025,13,tsunoda,0.6830000000000069
2025,14,albon,1.3329999999999984
2025,14,alonso,0.3910000000000053
2025,14,antonelli,0.8919999999999959
2025,14,bearman,0.804000000000002
2025,14,bortoleto,0.695999999999998
2025,14,colapinto,0.9849999999999994
2025,14,gasly,1.0759999999999934
2025,14,hadjar,0.5789999999999935
2025,14,hamilton,0.8119999999999976
2025,14,hulkenberg,1.1910000000000025
2025,14,lawson,0.7399999999999949
2025,14,leclerc,0.4819999999999993
2025,14,max_verstappen,0.6569999999999965
2025,14,norris,0.0
2025,14,ocon,1.1329999999999956
2025,14,piastri,0.0510000000000019
2025,14,russell,0.3109999999999928
2025,14,sainz,0.7620000000000005
2025,14,stroll,0.2390000000000043
2025,14,tsunoda,1.0090000000000003
2025,15,albon,0.9899999999999948
2025,15,alonso,0.7039999999999935
2025,15,antonelli,0.8309999999999889
2025,15,bearman,1.5999999999999943
2025,15,bortoleto,0.9599999999999936
2025,15,colapinto,1.441999999999993
2025,15,gasly,0.9749999999999944
2025,15,hadjar,0.5459999999999923
2025,15,hamilton,0.5989999999999895
2025,15,hulkenberg,1.532999999999987
2025,15,lawson,0.7209999999999894
2025,15,leclerc,0.6419999999999959
2025,15,max_verstappen,0.262999999999991
2025,15,norris,0.0120000000000004
2025,15,ocon,1.5349999999999966
2025,15,piastri,0.0
2025,15,russell,0.5929999999999893
2025,15,sainz,0.8099999999999881
2025,15,tsunoda,0.9599999999999936
2025,16,albon,0.7909999999999968
2025,16,alonso,0.5699999999999932
2025,16,antonelli,0.4080000000000012
2025,16,bearman,0.6539999999999964
2025,16,bortoleto,0.5310000000000059
2025,16,colapinto,1.2000000000000028
2025,16,gasly,1.311000000000007
2025,16,hadjar,1.125
2025,16,hamilton,0.3319999999999936
2025,16,hulkenberg,0.7060000000000031
2025,16,lawson,1.4869999999999948
2025,16,leclerc,0.2150000000000034
2025,16,max_verstappen,0.0
2025,16,norris,0.0769999999999981
2025,16,ocon,0.914999999999992
2025,16,piastri,0.1899999999999977
2025,16,russell,0.3649999999999949
2025,16,sainz,0.73599999999999
2025,16,stroll,1.156000000000006
2025,16,tsunoda,0.6409999999999911
2025,17,albon,2.661000000000002
2025,17,alonso,0.7400000000000091
2025,17,antonelli,0.3470000000000084
2025,17,bearman,1.5490000000000066
2025,17,bortoleto,1.1600000000000108
2025,17,colapinto,1.662000000000006
2025,17,gasly,2.02200000000002
2025,17,hadjar,0.5300000000000011
2025,17,hamilton,0.7040000000000077
2025,17,hulkenberg,1.7990000000000066
2025,17,lawson,0.4200000000000159
2025,17,leclerc,0.3410000000000082
2025,17,max_verstappen,0.0
2025,17,norris,0.2050000000000125
2025,17,piastri,0.2970000000000112
2025,17,russell,0.338000000000008
2025,17,sainz,0.4780000000000086
2025,17,stroll,0.9840000000000088
2025,17,tsunoda,0.6710000000000065
2025,18,alonso,0.796999999999997
2025,18,antonelli,0.3790000000000049
2025,18,bearman,0.7099999999999937
2025,18,bortoleto,1.661999999999992
2025,18,colapinto,1.823999999999998
2025,18,gasly,2.1029999999999944
2025,18,hadjar,0.6880000000000024
2025,18,hamilton,0.5300000000000011
2025,18,hulkenberg,0.98299999999999
2025,18,lawson,1.161999999999992
2025,18,leclerc,0.6259999999999906
2025,18,max_verstappen,0.1820000000000021
2025,18,norris,0.4279999999999972
2025,18,ocon,1.831000000000003
2025,18,piastri,0.3659999999999996
2025,18,russell,0.0
2025,18,stroll,1.7909999999999968
2025,18,tsunoda,1.1950000000000074
2025,19,albon,2.180000000000007
2025,19,alonso,0.6500000000000057
2025,19,antonelli,0.534000000000006
2025,19,bearman,0.6290000000000191
2025,19,bortoleto,1.615000000000009
2025,19,colapinto,1.5290000000000106
2025,19,gasly,1.0889999999999986
2025,19,hamilton,0.4020000000000152
2025,19,hulkenberg,0.8240000000000123
2025,19,lawson,0.8500000000000085
2025,19,leclerc,0.2970000000000112
2025,19,max_verstappen,0.0
2025,19,norris,0.291000000000011
2025,19,ocon,1.6260000000000048
2025,19,piastri,0.5740000000000123
2025,19,russell,0.3160000000000025
2025,19,sainz,0.6140000000000043
2025,19,stroll,2.030000000000001
2025,19,tsunoda,0.9560000000000172
2025,20,albon,1.9039999999999964
2025,20,alonso,1.51700000000001
2025,20,antonelli,0.5319999999999965
2025,20,bearman,0.8740000000000094
2025,20,bortoleto,1.826000000000008
2025,20,colapinto,2.084000000000003
2025,20,gasly,1.9599999999999933
2025,20,hadjar,0.6659999999999968
2025,20,hamilton,0.3520000000000038
2025,20,hulkenberg,1.4299999999999926
2025,20,lawson,1.375
2025,20,leclerc,0.2620000000000004
2025,20,max_verstappen,0.4839999999999946
2025,20,norris,0.0
2025,20,ocon,1.2510000000000048
2025,20,piastri,0.5880000000000081
2025,20,russell,0.4479999999999933
2025,20,sainz,0.5859999999999985
2025,20,stroll,2.019999999999996
2025,20,tsunoda,1.230000000000004
2025,21,albon,0.5420000000000016
2025,21,alonso,0.4900000000000091
2025,21,antonelli,0.1740000000000066
2025,21,bearman,0.2439999999999997
2025,21,colapinto,1.121000000000009
2025,21,gasly,0.3460000000000036
2025,21,hadjar,0.4200000000000017
2025,21,hamilton,0.5050000000000097
2025,21,hulkenberg,0.4740000000000037
2025,21,lawson,0.4390000000000071
2025,21,leclerc,0.2900000000000062
2025,21,max_verstappen,0.8920000000000101
2025,21,norris,0.0
2025,21,ocon,0.9270000000000068
2025,21,piastri,0.3240000000000123
2025,21,russell,0.3689999999999998
2025,21,sainz,0.6730000000000018
2025,21,stroll,0.5300000000000011
2025,21,tsunoda,1.2000000000000028
2025,22,albon,8.286000000000001
2025,22,alonso,1.532000000000011
2025,22,antonelli,8.379999999999995
2025,22,bearman,5.159999999999997
2025,22,bortoleto,8.740000000000009
2025,22,colapinto,5.748999999999995
2025,22,gasly,3.6059999999999945
2025,22,hadjar,1.6200000000000043
2025,22,hamilton,9.181000000000012
2025,22,hulkenberg,4.847000000000008
2025,22,lawson,1.128
2025,22,leclerc,1.9380000000000024
2025,22,max_verstappen,0.3230000000000075
2025,22,norris,0.0
2025,22,ocon,5.052999999999997
2025,22,piastri,1.027000000000001
2025,22,russell,0.8689999999999998
2025,22,sainz,0.3619999999999947
2025,22,stroll,4.915999999999997
2025,22,tsunoda,8.864000000000004
2025,23,albon,1.2420000000000044
2025,23,alonso,0.8319999999999936
2025,23,antonelli,0.4590000000000032
2025,23,bearman,1.051000000000002
2025,23,bortoleto,1.1469999999999914
2025,23,colapinto,1.75
2025,23,gasly,0.9369999999999976
2025,23,hadjar,0.7270000000000039
2025,23,hamilton,1.519999999999996
2025,23,hulkenberg,0.9660000000000082
2025,23,lawson,1.0459999999999925
2025,23,leclerc,0.9560000000000032
2025,23,max_verstappen,0.2639999999999958
2025,23,norris,0.108000000000004
2025,23,ocon,1.477000000000004
2025,23,piastri,0.0
2025,23,russell,0.2750000000000057
2025,23,sainz,0.8640000000000043
2025,23,stroll,1.6709999999999925
2025,23,tsunoda,1.3739999999999952
2025,24,albon,1.2090000000000032
2025,24,alonso,0.6540000000000106
2025,24,antonelli,0.6870000000000118
2025,24,bearman,0.8340000000000032
2025,24,bortoleto,0.6670000000000016
2025,24,colapinto,1.683000000000007
2025,24,gasly,1.26100000000001
2025,24,hadjar,0.7900000000000063
2025,24,hamilton,1.1870000000000118
2025,24,hulkenberg,1.2430000000000092
2025,24,lawson,0.8700000000000045
2025,24,leclerc,0.5230000000000103
2025,24,max_verstappen,0.0
2025,24,norris,0.2010000000000076
2025,24,ocon,0.7060000000000031
2025,24,piastri,0.2300000000000039
2025,24,russell,0.4380000000000024
2025,24,sainz,0.835000000000008
2025,24,stroll,0.8900000000000148
2025,24,tsunoda,0.8269999999999982
2026,1,albon,2.423000000000002
2026,1,alonso,3.4509999999999934
2026,1,antonelli,0.29300000000000637
2026,1,arvid_lindblad,1.453000000000003
2026,1,bearman,1.7930000000000064
2026,1,bortoleto,1.703000000000003
2026,1,bottas,4.725999999999999
2026,1,colapinto,2.682000000000002
2026,1,gasly,1.983000000000004
2026,1,hadjar,0.7849999999999966
2026,1,hamilton,0.960000000000008
2026,1,hulkenberg,1.7849999999999966
2026,1,lawson,1.475999999999999
2026,1,leclerc,0.8089999999999975
2026,1,norris,0.9569999999999936
2026,1,ocon,1.972999999999999
2026,1,perez,4.087000000000003
2026,1,piastri,0.8619999999999948
2026,1,russell,0.0
2026,2,albon,2.7079999999999984
2026,2,alonso,3.13900000000001
2026,2,antonelli,0.0
2026,2,arvid_lindblad,1.7199999999999989
2026,2,bearman,1.1330000000000098
2026,2,bortoleto,1.4850000000000136
2026,2,bottas,3.372000000000014
2026,2,colapinto,1.2930000000000064
2026,2,gasly,0.8089999999999975
2026,2,hadjar,1.0570000000000164
2026,2,hamilton,0.3509999999999991
2026,2,hulkenberg,1.2900000000000063
2026,2,lawson,1.7010000000000076
2026,2,leclerc,0.3640000000000043
2026,2,max_verstappen,0.9380000000000166
2026,2,norris,0.5440000000000111
2026,2,ocon,1.4740000000000038
2026,2,perez,4.842000000000013
2026,2,piastri,0.4860000000000042
2026,2,russell,0.2220000000000084
2026,2,sainz,2.2530000000000143
2026,2,stroll,3.9310000000000116
2026,3,albon,2.3100000000000023
2026,3,alonso,3.868000000000009
2026,3,antonelli,0.0
2026,3,arvid_lindblad,1.3310000000000173
2026,3,bearman,2.312000000000012
2026,3,bortoleto,1.2120000000000033
2026,3,bottas,3.5520000000000067
2026,3,colapinto,1.8490000000000038
2026,3,gasly,0.9130000000000109
2026,3,hadjar,1.200000000000017
2026,3,hamilton,0.7890000000000157
2026,3,hulkenberg,1.5800000000000125
2026,3,lawson,1.717000000000013
2026,3,leclerc,0.5250000000000057
2026,3,max_verstappen,1.4840000000000089
2026,3,norris,0.6310000000000002
2026,3,ocon,1.531000000000006
2026,3,perez,3.4280000000000115
2026,3,piastri,0.3540000000000134
2026,3,russell,0.2980000000000018
2026,3,sainz,2.149000000000001
2026,3,stroll,4.14200000000001
2026,4,albon,1.921999999999997
2026,4,alonso,3.299999999999997
2026,4,antonelli,0.0
2026,4,arvid_lindblad,2.3349999999999937
2026,4,bearman,1.5420000000000016
2026,4,bortoleto,5.938999999999993
2026,4,bottas,3.831000000000003
2026,4,colapinto,0.9639999999999986
2026,4,gasly,1.0120000000000005
2026,4,hamilton,0.5210000000000008
2026,4,hulkenberg,1.6409999999999911
2026,4,lawson,1.7009999999999934
2026,4,leclerc,0.34499999999999886
2026,4,max_verstappen,0.16599999999999682
2026,4,norris,0.3849999999999909
2026,4,ocon,1.9739999999999895
2026,4,perez,4.168999999999997
2026,4,piastri,0.5339999999999918
2026,4,russell,0.3990000000000009
2026,4,sainz,1.7419999999999902
2026,4,stroll,3.3659999999999997
2026,5,antonelli,0.06799999999999784
2026,5,arvid_lindblad,0.7019999999999982
2026,5,bearman,1.8379999999999939
2026,5,bortoleto,1.492999999999995
2026,5,colapinto,1.1189999999999998
2026,5,hadjar,0.3569999999999993
2026,5,hamilton,0.28999999999999204
2026,5,hulkenberg,1.3079999999999927
2026,5,lawson,1.3190000000000026
2026,5,leclerc,0.39799999999999613
2026,5,max_verstappen,0.3289999999999935
2026,5,norris,0.15099999999999625
2026,5,piastri,0.20300000000000296
2026,5,russell,0.0
2026,5,sainz,1.6949999999999932
