year,round,circuit,driver,team,grid,position,won,points,laps,status
2015,1,albert_park,hamilton,mercedes,1,1,1,25.0,58,Finished
2015,1,albert_park,rosberg,mercedes,2,2,0,18.0,58,Finished
2015,1,albert_park,vettel,ferrari,4,3,0,15.0,58,Finished
2015,1,albert_park,massa,williams,3,4,0,12.0,58,Finished
2015,1,albert_park,nasr,sauber,10,5,0,10.0,58,Finished
2015,1,albert_park,ricciardo,red_bull,6,6,0,8.0,57,+1 Lap
2015,1,albert_park,hulkenberg,force_india,13,7,0,6.0,57,+1 Lap
2015,1,albert_park,ericsson,sauber,15,8,0,4.0,57,+1 Lap
2015,1,albert_park,sainz,toro_rosso,7,9,0,2.0,57,+1 Lap
2015,1,albert_park,perez,force_india,14,10,0,1.0,57,+1 Lap
2015,1,albert_park,button,mclaren,16,11,0,0.0,56,+2 Laps
2015,1,albert_park,raikkonen,ferrari,5,12,0,0.0,40,Wheel
2015,1,albert_park,max_verstappen,toro_rosso,11,13,0,0.0,32,Engine
2015,1,albert_park,grosjean,lotus_f1,8,14,0,0.0,0,Power loss
2015,1,albert_park,maldonado,lotus_f1,9,15,0,0.0,0,Accident
2015,1,albert_park,kvyat,red_bull,12,16,0,0.0,0,Withdrew
2015,1,albert_park,kevin_magnussen,mclaren,17,17,0,0.0,0,Withdrew
2015,1,albert_park,bottas,williams,0,18,0,0.0,0,Withdrew
2015,2,sepang,vettel,ferrari,2,1,1,25.0,56,Finished
2015,2,sepang,hamilton,mercedes,1,2,0,18.0,56,Finished
2015,2,sepang,rosberg,mercedes,3,3,0,15.0,56,Finished
2015,2,sepang,raikkonen,ferrari,11,4,0,12.0,56,Finished
2015,2,sepang,bottas,williams,8,5,0,10.0,56,Finished
2015,2,sepang,massa,williams,7,6,0,8.0,56,Finished
2015,2,sepang,max_verstappen,toro_rosso,6,7,0,6.0,56,Finished
2015,2,sepang,sainz,toro_rosso,15,8,0,4.0,55,+1 Lap
2015,2,sepang,kvyat,red_bull,5,9,0,2.0,55,+1 Lap
2015,2,sepang,ricciardo,red_bull,4,10,0,1.0,55,+1 Lap
2015,2,sepang,grosjean,lotus_f1,10,11,0,0.0,55,+1 Lap
2015,2,sepang,nasr,sauber,16,12,0,0.0,55,+1 Lap
2015,2,sepang,perez,force_india,14,13,0,0.0,55,+1 Lap
2015,2,sepang,hulkenberg,force_india,13,14,0,0.0,55,+1 Lap
2015,2,sepang,merhi,manor,19,15,0,0.0,53,+3 Laps
2015,2,sepang,maldonado,lotus_f1,12,16,0,0.0,47,Retired
2015,2,sepang,button,mclaren,17,17,0,0.0,41,Turbo
2015,2,sepang,alonso,mclaren,18,18,0,0.0,21,ERS
2015,2,sepang,ericsson,sauber,9,19,0,0.0,3,Spun off
2015,2,sepang,stevens,manor,0,20,0,0.0,0,Fuel system
2015,3,shanghai,hamilton,mercedes,1,1,1,25.0,56,Finished
2015,3,shanghai,rosberg,mercedes,2,2,0,18.0,56,Finished
2015,3,shanghai,vettel,ferrari,3,3,0,15.0,56,Finished
2015,3,shanghai,raikkonen,ferrari,6,4,0,12.0,56,Finished
2015,3,shanghai,massa,williams,4,5,0,10.0,56,Finished
2015,3,shanghai,bottas,williams,5,6,0,8.0,56,Finished
2015,3,shanghai,grosjean,lotus_f1,8,7,0,6.0,56,Finished
2015,3,shanghai,nasr,sauber,9,8,0,4.0,56,Finished
2015,3,shanghai,ricciardo,red_bull,7,9,0,2.0,56,Finished
2015,3,shanghai,ericsson,sauber,10,10,0,1.0,55,+1 Lap
2015,3,shanghai,perez,force_india,15,11,0,0.0,55,+1 Lap
2015,3,shanghai,alonso,mclaren,18,12,0,0.0,55,+1 Lap
2015,3,shanghai,sainz,toro_rosso,14,13,0,0.0,55,+1 Lap
2015,3,shanghai,button,mclaren,17,14,0,0.0,55,+1 Lap
2015,3,shanghai,stevens,manor,19,15,0,0.0,54,+2 Laps
2015,3,shanghai,merhi,manor,20,16,0,0.0,54,+2 Laps
2015,3,shanghai,max_verstappen,toro_rosso,13,17,0,0.0,52,Transmission
2015,3,shanghai,maldonado,lotus_f1,11,18,0,0.0,49,Brakes
2015,3,shanghai,kvyat,red_bull,12,19,0,0.0,15,Power Unit
2015,3,shanghai,hulkenberg,force_india,16,20,0,0.0,9,Gearbox
2015,4,bahrain,hamilton,mercedes,1,1,1,25.0,57,Finished
2015,4,bahrain,raikkonen,ferrari,4,2,0,18.0,57,Finished
2015,4,bahrain,rosberg,mercedes,3,3,0,15.0,57,Finished
2015,4,bahrain,bottas,williams,5,4,0,12.0,57,Finished
2015,4,bahrain,vettel,ferrari,2,5,0,10.0,57,Finished
2015,4,bahrain,ricciardo,red_bull,7,6,0,8.0,57,Finished
2015,4,bahrain,grosjean,lotus_f1,10,7,0,6.0,57,Finished
2015,4,bahrain,perez,force_india,11,8,0,4.0,56,+1 Lap
2015,4,bahrain,kvyat,red_bull,17,9,0,2.0,56,+1 Lap
2015,4,bahrain,massa,williams,6,10,0,1.0,56,+1 Lap
2015,4,bahrain,alonso,mclaren,14,11,0,0.0,56,+1 Lap
2015,4,bahrain,nasr,sauber,12,12,0,0.0,56,+1 Lap
2015,4,bahrain,hulkenberg,force_india,8,13,0,0.0,56,+1 Lap
2015,4,bahrain,ericsson,sauber,13,14,0,0.0,56,+1 Lap
2015,4,bahrain,maldonado,lotus_f1,16,15,0,0.0,56,+1 Lap
2015,4,bahrain,stevens,manor,18,16,0,0.0,55,+2 Laps
2015,4,bahrain,merhi,manor,19,17,0,0.0,54,+3 Laps
2015,4,bahrain,max_verstappen,toro_rosso,15,18,0,0.0,34,Electrical
2015,4,bahrain,sainz,toro_rosso,9,19,0,0.0,29,Engine
2015,4,bahrain,button,mclaren,20,20,0,0.0,0,ERS
2015,5,catalunya,rosberg,mercedes,1,1,1,25.0,66,Finished
2015,5,catalunya,hamilton,mercedes,2,2,0,18.0,66,Finished
2015,5,catalunya,vettel,ferrari,3,3,0,15.0,66,Finished
2015,5,catalunya,bottas,williams,4,4,0,12.0,66,Finished
2015,5,catalunya,raikkonen,ferrari,7,5,0,10.0,66,Finished
2015,5,catalunya,massa,williams,9,6,0,8.0,66,Finished
2015,5,catalunya,ricciardo,red_bull,10,7,0,6.0,65,+1 Lap
2015,5,catalunya,grosjean,lotus_f1,11,8,0,4.0,65,+1 Lap
2015,5,catalunya,sainz,toro_rosso,5,9,0,2.0,65,+1 Lap
2015,5,catalunya,kvyat,red_bull,8,10,0,1.0,65,+1 Lap
2015,5,catalunya,max_verstappen,toro_rosso,6,11,0,0.0,65,+1 Lap
2015,5,catalunya,nasr,sauber,15,12,0,0.0,65,+1 Lap
2015,5,catalunya,perez,force_india,18,13,0,0.0,65,+1 Lap
2015,5,catalunya,ericsson,sauber,16,14,0,0.0,65,+1 Lap
2015,5,catalunya,hulkenberg,force_india,17,15,0,0.0,65,+1 Lap
2015,5,catalunya,button,mclaren,14,16,0,0.0,65,+1 Lap
2015,5,catalunya,stevens,manor,19,17,0,0.0,63,+3 Laps
2015,5,catalunya,merhi,manor,20,18,0,0.0,62,+4 Laps
2015,5,catalunya,maldonado,lotus_f1,12,19,0,0.0,45,Accident
2015,5,catalunya,alonso,mclaren,13,20,0,0.0,26,Brakes
2015,6,monaco,rosberg,mercedes,2,1,1,25.0,78,Finished
2015,6,monaco,vettel,ferrari,3,2,0,18.0,78,Finished
2015,6,monaco,hamilton,mercedes,1,3,0,15.0,78,Finished
2015,6,monaco,kvyat,red_bull,5,4,0,12.0,78,Finished
2015,6,monaco,ricciardo,red_bull,4,5,0,10.0,78,Finished
2015,6,monaco,raikkonen,ferrari,6,6,0,8.0,78,Finished
2015,6,monaco,perez,force_india,7,7,0,6.0,78,Finished
2015,6,monaco,button,mclaren,10,8,0,4.0,78,Finished
2015,6,monaco,nasr,sauber,14,9,0,2.0,78,Finished
2015,6,monaco,sainz,toro_rosso,0,10,0,1.0,78,Finished
2015,6,monaco,hulkenberg,force_india,11,11,0,0.0,78,Finished
2015,6,monaco,grosjean,lotus_f1,15,12,0,0.0,78,Finished
2015,6,monaco,ericsson,sauber,17,13,0,0.0,78,Finished
2015,6,monaco,bottas,williams,16,14,0,0.0,78,Finished
2015,6,monaco,massa,williams,12,15,0,0.0,77,+1 Lap
2015,6,monaco,merhi,manor,19,16,0,0.0,76,+2 Laps
2015,6,monaco,stevens,manor,18,17,0,0.0,76,+2 Laps
2015,6,monaco,max_verstappen,toro_rosso,9,18,0,0.0,62,Accident
2015,6,monaco,alonso,mclaren,13,19,0,0.0,41,Gearbox
2015,6,monaco,maldonado,lotus_f1,8,20,0,0.0,5,Brakes
2015,7,villeneuve,hamilton,mercedes,1,1,1,25.0,70,Finished
2015,7,villeneuve,rosberg,mercedes,2,2,0,18.0,70,Finished
2015,7,villeneuve,bottas,williams,4,3,0,15.0,70,Finished
2015,7,villeneuve,raikkonen,ferrari,3,4,0,12.0,70,Finished
2015,7,villeneuve,vettel,ferrari,18,5,0,10.0,70,Finished
2015,7,villeneuve,massa,williams,15,6,0,8.0,70,Finished
2015,7,villeneuve,maldonado,lotus_f1,6,7,0,6.0,70,Finished
2015,7,villeneuve,hulkenberg,force_india,7,8,0,4.0,69,+1 Lap
2015,7,villeneuve,kvyat,red_bull,8,9,0,2.0,69,+1 Lap
2015,7,villeneuve,grosjean,lotus_f1,5,10,0,1.0,69,+1 Lap
2015,7,villeneuve,perez,force_india,10,11,0,0.0,69,+1 Lap
2015,7,villeneuve,sainz,toro_rosso,11,12,0,0.0,69,+1 Lap
2015,7,villeneuve,ricciardo,red_bull,9,13,0,0.0,69,+1 Lap
2015,7,villeneuve,ericsson,sauber,12,14,0,0.0,69,+1 Lap
2015,7,villeneuve,max_verstappen,toro_rosso,19,15,0,0.0,69,+1 Lap
2015,7,villeneuve,nasr,sauber,14,16,0,0.0,68,+2 Laps
2015,7,villeneuve,stevens,manor,17,17,0,0.0,66,+4 Laps
2015,7,villeneuve,merhi,manor,16,18,0,0.0,57,Retired
2015,7,villeneuve,button,mclaren,20,19,0,0.0,54,Retired
2015,7,villeneuve,alonso,mclaren,13,20,0,0.0,44,Engine
2015,8,red_bull_ring,rosberg,mercedes,2,1,1,25.0,71,Finished
2015,8,red_bull_ring,hamilton,mercedes,1,2,0,18.0,71,Finished
2015,8,red_bull_ring,massa,williams,4,3,0,15.0,71,Finished
2015,8,red_bull_ring,vettel,ferrari,3,4,0,12.0,71,Finished
2015,8,red_bull_ring,bottas,williams,6,5,0,10.0,71,Finished
2015,8,red_bull_ring,hulkenberg,force_india,5,6,0,8.0,71,Finished
2015,8,red_bull_ring,maldonado,lotus_f1,10,7,0,6.0,70,+1 Lap
2015,8,red_bull_ring,max_verstappen,toro_rosso,7,8,0,4.0,70,+1 Lap
2015,8,red_bull_ring,perez,force_india,13,9,0,2.0,70,+1 Lap
2015,8,red_bull_ring,ricciardo,red_bull,18,10,0,1.0,70,+1 Lap
2015,8,red_bull_ring,nasr,sauber,8,11,0,0.0,70,+1 Lap
2015,8,red_bull_ring,kvyat,red_bull,15,12,0,0.0,70,+1 Lap
2015,8,red_bull_ring,ericsson,sauber,11,13,0,0.0,69,+2 Laps
2015,8,red_bull_ring,merhi,manor,16,14,0,0.0,68,+3 Laps
2015,8,red_bull_ring,grosjean,lotus_f1,9,15,0,0.0,35,Gearbox
2015,8,red_bull_ring,sainz,toro_rosso,12,16,0,0.0,35,Power loss
2015,8,red_bull_ring,button,mclaren,20,17,0,0.0,8,Retired
2015,8,red_bull_ring,stevens,manor,17,18,0,0.0,1,Oil leak
2015,8,red_bull_ring,raikkonen,ferrari,14,19,0,0.0,0,Collision
2015,8,red_bull_ring,alonso,mclaren,19,20,0,0.0,0,Collision
2015,9,silverstone,hamilton,mercedes,1,1,1,25.0,52,Finished
2015,9,silverstone,rosberg,mercedes,2,2,0,18.0,52,Finished
2015,9,silverstone,vettel,ferrari,6,3,0,15.0,52,Finished
2015,9,silverstone,massa,williams,3,4,0,12.0,52,Finished
2015,9,silverstone,bottas,williams,4,5,0,10.0,52,Finished
2015,9,silverstone,kvyat,red_bull,7,6,0,8.0,52,Finished
2015,9,silverstone,hulkenberg,force_india,9,7,0,6.0,52,Finished
2015,9,silverstone,raikkonen,ferrari,5,8,0,4.0,51,+1 Lap
2015,9,silverstone,perez,force_india,11,9,0,2.0,51,+1 Lap
2015,9,silverstone,alonso,mclaren,17,10,0,1.0,51,+1 Lap
2015,9,silverstone,ericsson,sauber,15,11,0,0.0,51,+1 Lap
2015,9,silverstone,merhi,manor,20,12,0,0.0,49,+3 Laps
2015,9,silverstone,stevens,manor,19,13,0,0.0,49,+3 Laps
2015,9,silverstone,sainz,toro_rosso,8,14,0,0.0,31,Electrical
2015,9,silverstone,ricciardo,red_bull,10,15,0,0.0,21,Electrical
2015,9,silverstone,max_verstappen,toro_rosso,13,16,0,0.0,3,Spun off
2015,9,silverstone,grosjean,lotus_f1,12,17,0,0.0,0,Collision
2015,9,silverstone,maldonado,lotus_f1,14,18,0,0.0,0,Collision
2015,9,silverstone,button,mclaren,18,19,0,0.0,0,Collision
2015,9,silverstone,nasr,sauber,16,20,0,0.0,0,Gearbox
2015,10,hungaroring,vettel,ferrari,3,1,1,25.0,69,Finished
2015,10,hungaroring,kvyat,red_bull,7,2,0,18.0,69,Finished
2015,10,hungaroring,ricciardo,red_bull,4,3,0,15.0,69,Finished
2015,10,hungaroring,max_verstappen,toro_rosso,9,4,0,12.0,69,Finished
2015,10,hungaroring,alonso,mclaren,15,5,0,10.0,69,Finished
2015,10,hungaroring,hamilton,mercedes,1,6,0,8.0,69,Finished
2015,10,hungaroring,grosjean,lotus_f1,10,7,0,6.0,69,Finished
2015,10,hungaroring,rosberg,mercedes,2,8,0,4.0,69,Finished
2015,10,hungaroring,button,mclaren,16,9,0,2.0,69,Finished
2015,10,hungaroring,ericsson,sauber,17,10,0,1.0,69,Finished
2015,10,hungaroring,nasr,sauber,18,11,0,0.0,69,Finished
2015,10,hungaroring,massa,williams,8,12,0,0.0,69,Finished
2015,10,hungaroring,bottas,williams,6,13,0,0.0,69,Finished
2015,10,hungaroring,maldonado,lotus_f1,14,14,0,0.0,69,Finished
2015,10,hungaroring,merhi,manor,19,15,0,0.0,67,+2 Laps
2015,10,hungaroring,stevens,manor,20,16,0,0.0,65,+4 Laps
2015,10,hungaroring,sainz,toro_rosso,12,17,0,0.0,60,Electrical
2015,10,hungaroring,raikkonen,ferrari,5,18,0,0.0,55,Power Unit
2015,10,hungaroring,perez,force_india,13,19,0,0.0,53,Suspension
2015,10,hungaroring,hulkenberg,force_india,11,20,0,0.0,41,Front wing
2015,11,spa,hamilton,mercedes,1,1,1,25.0,43,Finished
2015,11,spa,rosberg,mercedes,2,2,0,18.0,43,Finished
2015,11,spa,grosjean,lotus_f1,9,3,0,15.0,43,Finished
2015,11,spa,kvyat,red_bull,12,4,0,12.0,43,Finished
2015,11,spa,perez,force_india,4,5,0,10.0,43,Finished
2015,11,spa,massa,williams,6,6,0,8.0,43,Finished
2015,11,spa,raikkonen,ferrari,16,7,0,6.0,43,Finished
2015,11,spa,max_verstappen,toro_rosso,18,8,0,4.0,43,Finished
2015,11,spa,bottas,williams,3,9,0,2.0,43,Power Unit
2015,11,spa,ericsson,sauber,13,10,0,1.0,43,Finished
2015,11,spa,nasr,sauber,14,11,0,0.0,43,Finished
2015,11,spa,vettel,ferrari,8,12,0,0.0,42,Tyre
2015,11,spa,alonso,mclaren,20,13,0,0.0,42,+1 Lap
2015,11,spa,button,mclaren,19,14,0,0.0,42,+1 Lap
2015,11,spa,merhi,manor,17,15,0,0.0,42,+1 Lap
2015,11,spa,stevens,manor,15,16,0,0.0,42,+1 Lap
2015,11,spa,sainz,toro_rosso,10,17,0,0.0,32,Power Unit
2015,11,spa,ricciardo,red_bull,5,18,0,0.0,19,Power Unit
2015,11,spa,maldonado,lotus_f1,7,19,0,0.0,2,Engine
2015,11,spa,hulkenberg,force_india,11,20,0,0.0,0,Power loss
2015,12,monza,hamilton,mercedes,1,1,1,25.0,53,Finished
2015,12,monza,vettel,ferrari,3,2,0,18.0,53,Finished
2015,12,monza,massa,williams,5,3,0,15.0,53,Finished
2015,12,monza,bottas,williams,6,4,0,12.0,53,Finished
2015,12,monza,raikkonen,ferrari,2,5,0,10.0,53,Finished
2015,12,monza,perez,force_india,7,6,0,8.0,53,Finished
2015,12,monza,hulkenberg,force_india,9,7,0,6.0,52,+1 Lap
2015,12,monza,ricciardo,red_bull,19,8,0,4.0,52,+1 Lap
2015,12,monza,ericsson,sauber,12,9,0,2.0,52,+1 Lap
2015,12,monza,kvyat,red_bull,18,10,0,1.0,52,+1 Lap
2015,12,monza,sainz,toro_rosso,17,11,0,0.0,52,+1 Lap
2015,12,monza,max_verstappen,toro_rosso,20,12,0,0.0,52,+1 Lap
2015,12,monza,nasr,sauber,17,13,0,0.0,52,+1 Lap
2015,12,monza,button,mclaren,15,14,0,0.0,52,+1 Lap
2015,12,monza,stevens,manor,13,15,0,0.0,51,+2 Laps
2015,12,monza,merhi,manor,14,16,0,0.0,51,+2 Laps
2015,12,monza,rosberg,mercedes,4,17,0,0.0,50,+3 Laps
2015,12,monza,alonso,mclaren,16,18,0,0.0,47,+6 Laps
2015,12,monza,grosjean,lotus_f1,8,19,0,0.0,1,Collision damage
2015,12,monza,maldonado,lotus_f1,10,20,0,0.0,1,Collision damage
2015,13,marina_bay,vettel,ferrari,1,1,1,25.0,61,Finished
2015,13,marina_bay,ricciardo,red_bull,2,2,0,18.0,61,Finished
2015,13,marina_bay,raikkonen,ferrari,3,3,0,15.0,61,Finished
2015,13,marina_bay,rosberg,mercedes,6,4,0,12.0,61,Finished
2015,13,marina_bay,bottas,williams,7,5,0,10.0,61,Finished
2015,13,marina_bay,kvyat,red_bull,4,6,0,8.0,61,Finished
2015,13,marina_bay,perez,force_india,13,7,0,6.0,61,Finished
2015,13,marina_bay,max_verstappen,toro_rosso,8,8,0,4.0,61,Finished
2015,13,marina_bay,sainz,toro_rosso,14,9,0,2.0,61,Finished
2015,13,marina_bay,nasr,sauber,16,10,0,1.0,61,Finished
2015,13,marina_bay,ericsson,sauber,17,11,0,0.0,61,Finished
2015,13,marina_bay,maldonado,lotus_f1,18,12,0,0.0,61,Finished
2015,13,marina_bay,grosjean,lotus_f1,10,13,0,0.0,59,Tyre
2015,13,marina_bay,rossi,manor,20,14,0,0.0,59,+2 Laps
2015,13,marina_bay,stevens,manor,19,15,0,0.0,59,+2 Laps
2015,13,marina_bay,button,mclaren,15,16,0,0.0,52,Gearbox
2015,13,marina_bay,alonso,mclaren,12,17,0,0.0,33,Gearbox
2015,13,marina_bay,hamilton,mercedes,5,18,0,0.0,32,Throttle
2015,13,marina_bay,massa,williams,9,19,0,0.0,30,Gearbox
2015,13,marina_bay,hulkenberg,force_india,11,20,0,0.0,12,Collision
2015,14,suzuka,hamilton,mercedes,2,1,1,25.0,53,Finished
2015,14,suzuka,rosberg,mercedes,1,2,0,18.0,53,Finished
2015,14,suzuka,vettel,ferrari,4,3,0,15.0,53,Finished
2015,14,suzuka,raikkonen,ferrari,6,4,0,12.0,53,Finished
2015,14,suzuka,bottas,williams,3,5,0,10.0,53,Finished
2015,14,suzuka,hulkenberg,force_india,13,6,0,8.0,53,Finished
2015,14,suzuka,grosjean,lotus_f1,8,7,0,6.0,53,Finished
2015,14,suzuka,maldonado,lotus_f1,11,8,0,4.0,53,Finished
2015,14,suzuka,max_verstappen,toro_rosso,17,9,0,2.0,53,Finished
2015,14,suzuka,sainz,toro_rosso,10,10,0,1.0,52,+1 Lap
2015,14,suzuka,alonso,mclaren,12,11,0,0.0,52,+1 Lap
2015,14,suzuka,perez,force_india,9,12,0,0.0,52,+1 Lap
2015,14,suzuka,kvyat,red_bull,20,13,0,0.0,52,+1 Lap
2015,14,suzuka,ericsson,sauber,15,14,0,0.0,52,+1 Lap
2015,14,suzuka,ricciardo,red_bull,7,15,0,0.0,52,+1 Lap
2015,14,suzuka,button,mclaren,14,16,0,0.0,52,+1 Lap
2015,14,suzuka,massa,williams,5,17,0,0.0,51,+2 Laps
2015,14,suzuka,rossi,manor,19,18,0,0.0,51,+2 Laps
2015,14,suzuka,stevens,manor,18,19,0,0.0,50,+3 Laps
2015,14,suzuka,nasr,sauber,16,20,0,0.0,49,Retired
2015,15,sochi,hamilton,mercedes,2,1,1,25.0,53,Finished
2015,15,sochi,vettel,ferrari,4,2,0,18.0,53,Finished
2015,15,sochi,perez,force_india,7,3,0,15.0,53,Finished
2015,15,sochi,massa,williams,15,4,0,12.0,53,Finished
2015,15,sochi,kvyat,red_bull,11,5,0,10.0,53,Finished
2015,15,sochi,nasr,sauber,12,6,0,8.0,53,Finished
2015,15,sochi,maldonado,lotus_f1,14,7,0,6.0,53,Finished
2015,15,sochi,raikkonen,ferrari,5,8,0,4.0,53,Finished
2015,15,sochi,button,mclaren,13,9,0,2.0,53,Finished
2015,15,sochi,max_verstappen,toro_rosso,9,10,0,1.0,53,Finished
2015,15,sochi,alonso,mclaren,19,11,0,0.0,53,Finished
2015,15,sochi,bottas,williams,3,12,0,0.0,52,Collision
2015,15,sochi,merhi,manor,18,13,0,0.0,52,+1 Lap
2015,15,sochi,stevens,manor,17,14,0,0.0,51,+2 Laps
2015,15,sochi,ricciardo,red_bull,10,15,0,0.0,47,Suspension
2015,15,sochi,sainz,toro_rosso,20,16,0,0.0,45,Brakes
2015,15,sochi,grosjean,lotus_f1,8,17,0,0.0,11,Accident
2015,15,sochi,rosberg,mercedes,1,18,0,0.0,7,Throttle
2015,15,sochi,hulkenberg,force_india,6,19,0,0.0,0,Collision
2015,15,sochi,ericsson,sauber,17,20,0,0.0,0,Collision
2015,16,americas,hamilton,mercedes,2,1,1,25.0,56,Finished
2015,16,americas,rosberg,mercedes,1,2,0,18.0,56,Finished
2015,16,americas,vettel,ferrari,13,3,0,15.0,56,Finished
2015,16,americas,max_verstappen,toro_rosso,8,4,0,12.0,56,Finished
2015,16,americas,perez,force_india,5,5,0,10.0,56,Finished
2015,16,americas,button,mclaren,11,6,0,8.0,56,Finished
2015,16,americas,sainz,toro_rosso,20,7,0,6.0,56,Finished
2015,16,americas,maldonado,lotus_f1,12,8,0,4.0,56,Finished
2015,16,americas,nasr,sauber,15,9,0,2.0,56,Finished
2015,16,americas,ricciardo,red_bull,3,10,0,1.0,56,Finished
2015,16,americas,alonso,mclaren,9,11,0,0.0,56,Finished
2015,16,americas,rossi,manor,17,12,0,0.0,56,Finished
2015,16,americas,kvyat,red_bull,4,13,0,0.0,41,Accident
2015,16,americas,hulkenberg,force_india,6,14,0,0.0,35,Accident
2015,16,americas,ericsson,sauber,14,15,0,0.0,25,Retired
2015,16,americas,raikkonen,ferrari,18,16,0,0.0,25,Brake duct
2015,16,americas,massa,williams,7,17,0,0.0,23,Retired
2015,16,americas,grosjean,lotus_f1,10,18,0,0.0,10,Retired
2015,16,americas,bottas,williams,16,19,0,0.0,5,Retired
2015,16,americas,stevens,manor,19,20,0,0.0,1,Retired
2015,17,rodriguez,rosberg,mercedes,1,1,1,25.0,71,Finished
2015,17,rodriguez,hamilton,mercedes,2,2,0,18.0,71,Finished
2015,17,rodriguez,bottas,williams,6,3,0,15.0,71,Finished
2015,17,rodriguez,kvyat,red_bull,4,4,0,12.0,71,Finished
2015,17,rodriguez,ricciardo,red_bull,5,5,0,10.0,71,Finished
2015,17,rodriguez,massa,williams,7,6,0,8.0,71,Finished
2015,17,rodriguez,hulkenberg,force_india,10,7,0,6.0,71,Finished
2015,17,rodriguez,perez,force_india,9,8,0,4.0,71,Finished
2015,17,rodriguez,max_verstappen,toro_rosso,8,9,0,2.0,71,Finished
2015,17,rodriguez,grosjean,lotus_f1,12,10,0,1.0,71,Finished
2015,17,rodriguez,maldonado,lotus_f1,13,11,0,0.0,71,Finished
2015,17,rodriguez,ericsson,sauber,14,12,0,0.0,71,Finished
2015,17,rodriguez,sainz,toro_rosso,11,13,0,0.0,71,Finished
2015,17,rodriguez,button,mclaren,20,14,0,0.0,71,Finished
2015,17,rodriguez,rossi,manor,16,15,0,0.0,69,+2 Laps
2015,17,rodriguez,stevens,manor,17,16,0,0.0,69,+2 Laps
2015,17,rodriguez,nasr,sauber,15,17,0,0.0,57,Brakes
2015,17,rodriguez,vettel,ferrari,3,18,0,0.0,50,Accident
2015,17,rodriguez,raikkonen,ferrari,19,19,0,0.0,21,Collision
2015,17,rodriguez,alonso,mclaren,18,20,0,0.0,1,Retired
2015,18,interlagos,rosberg,mercedes,1,1,1,25.0,71,Finished
2015,18,interlagos,hamilton,mercedes,2,2,0,18.0,71,Finished
2015,18,interlagos,vettel,ferrari,3,3,0,15.0,71,Finished
2015,18,interlagos,raikkonen,ferrari,4,4,0,12.0,71,Finished
2015,18,interlagos,bottas,williams,7,5,0,10.0,70,+1 Lap
2015,18,interlagos,hulkenberg,force_india,5,6,0,8.0,70,+1 Lap
2015,18,interlagos,kvyat,red_bull,6,7,0,6.0,70,+1 Lap
2015,18,interlagos,grosjean,lotus_f1,14,8,0,4.0,70,+1 Lap
2015,18,interlagos,max_verstappen,toro_rosso,9,9,0,2.0,70,+1 Lap
2015,18,interlagos,maldonado,lotus_f1,15,10,0,1.0,70,+1 Lap
2015,18,interlagos,ricciardo,red_bull,19,11,0,0.0,70,+1 Lap
2015,18,interlagos,perez,force_india,11,12,0,0.0,70,+1 Lap
2015,18,interlagos,nasr,sauber,13,13,0,0.0,70,+1 Lap
2015,18,interlagos,button,mclaren,16,14,0,0.0,70,+1 Lap
2015,18,interlagos,alonso,mclaren,20,15,0,0.0,70,+1 Lap
2015,18,interlagos,ericsson,sauber,12,16,0,0.0,69,+2 Laps
2015,18,interlagos,stevens,manor,18,17,0,0.0,67,+4 Laps
2015,18,interlagos,rossi,manor,17,18,0,0.0,67,+4 Laps
2015,18,interlagos,sainz,toro_rosso,10,19,0,0.0,0,Retired
2015,18,interlagos,massa,williams,8,20,0,0.0,70,Excluded
2015,19,yas_marina,rosberg,mercedes,1,1,1,25.0,55,Finished
2015,19,yas_marina,hamilton,mercedes,2,2,0,18.0,55,Finished
2015,19,yas_marina,raikkonen,ferrari,3,3,0,15.0,55,Finished
2015,19,yas_marina,vettel,ferrari,15,4,0,12.0,55,Finished
2015,19,yas_marina,perez,force_india,4,5,0,10.0,55,Finished
2015,19,yas_marina,ricciardo,red_bull,5,6,0,8.0,55,Finished
2015,19,yas_marina,hulkenberg,force_india,7,7,0,6.0,55,Finished
2015,19,yas_marina,massa,williams,8,8,0,4.0,55,Finished
2015,19,yas_marina,grosjean,lotus_f1,18,9,0,2.0,55,Finished
2015,19,yas_marina,kvyat,red_bull,9,10,0,1.0,55,Finished
2015,19,yas_marina,sainz,toro_rosso,10,11,0,0.0,55,Finished
2015,19,yas_marina,button,mclaren,12,12,0,0.0,54,+1 Lap
2015,19,yas_marina,bottas,williams,6,13,0,0.0,54,+1 Lap
2015,19,yas_marina,ericsson,sauber,17,14,0,0.0,54,+1 Lap
2015,19,yas_marina,nasr,sauber,14,15,0,0.0,54,+1 Lap
2015,19,yas_marina,max_verstappen,toro_rosso,11,16,0,0.0,54,+1 Lap
2015,19,yas_marina,alonso,mclaren,16,17,0,0.0,53,+2 Laps
2015,19,yas_marina,stevens,manor,19,18,0,0.0,53,+2 Laps
2015,19,yas_marina,merhi,manor,20,19,0,0.0,52,+3 Laps
2015,19,yas_marina,maldonado,lotus_f1,13,20,0,0.0,0,Collision
2016,1,albert_park,rosberg,mercedes,2,1,1,25.0,57,Finished
2016,1,albert_park,hamilton,mercedes,1,2,0,18.0,57,Finished
2016,1,albert_park,vettel,ferrari,3,3,0,15.0,57,Finished
2016,1,albert_park,ricciardo,red_bull,8,4,0,12.0,57,Finished
2016,1,albert_park,massa,williams,6,5,0,10.0,57,Finished
2016,1,albert_park,grosjean,haas,19,6,0,8.0,57,Finished
2016,1,albert_park,hulkenberg,force_india,10,7,0,6.0,57,Finished
2016,1,albert_park,bottas,williams,16,8,0,4.0,57,Finished
2016,1,albert_park,sainz,toro_rosso,7,9,0,2.0,57,Finished
2016,1,albert_park,max_verstappen,toro_rosso,5,10,0,1.0,57,Finished
2016,1,albert_park,jolyon_palmer,renault,13,11,0,0.0,57,Finished
2016,1,albert_park,kevin_magnussen,renault,14,12,0,0.0,57,Finished
2016,1,albert_park,perez,force_india,9,13,0,0.0,57,Finished
2016,1,albert_park,button,mclaren,12,14,0,0.0,56,+1 Lap
2016,1,albert_park,nasr,sauber,17,15,0,0.0,56,+1 Lap
2016,1,albert_park,wehrlein,manor,21,16,0,0.0,56,+1 Lap
2016,1,albert_park,ericsson,sauber,15,17,0,0.0,38,Engine
2016,1,albert_park,raikkonen,ferrari,4,18,0,0.0,21,Engine
2016,1,albert_park,haryanto,manor,22,19,0,0.0,17,Mechanical
2016,1,albert_park,gutierrez,haas,20,20,0,0.0,16,Collision
2016,1,albert_park,alonso,mclaren,11,21,0,0.0,16,Collision
2016,1,albert_park,kvyat,red_bull,18,22,0,0.0,0,Retired
2016,2,bahrain,rosberg,mercedes,2,1,1,25.0,57,Finished
2016,2,bahrain,raikkonen,ferrari,4,2,0,18.0,57,Finished
2016,2,bahrain,hamilton,mercedes,1,3,0,15.0,57,Finished
2016,2,bahrain,ricciardo,red_bull,5,4,0,12.0,57,Finished
2016,2,bahrain,grosjean,haas,9,5,0,10.0,57,Finished
2016,2,bahrain,max_verstappen,toro_rosso,10,6,0,8.0,57,Finished
2016,2,bahrain,kvyat,red_bull,15,7,0,6.0,56,+1 Lap
2016,2,bahrain,massa,williams,7,8,0,4.0,56,+1 Lap
2016,2,bahrain,bottas,williams,6,9,0,2.0,56,+1 Lap
2016,2,bahrain,vandoorne,mclaren,12,10,0,1.0,56,+1 Lap
2016,2,bahrain,kevin_magnussen,renault,22,11,0,0.0,56,+1 Lap
2016,2,bahrain,ericsson,sauber,17,12,0,0.0,56,+1 Lap
2016,2,bahrain,wehrlein,manor,16,13,0,0.0,56,+1 Lap
2016,2,bahrain,nasr,sauber,21,14,0,0.0,56,+1 Lap
2016,2,bahrain,hulkenberg,force_india,8,15,0,0.0,56,+1 Lap
2016,2,bahrain,perez,force_india,18,16,0,0.0,56,+1 Lap
2016,2,bahrain,haryanto,manor,20,17,0,0.0,56,+1 Lap
2016,2,bahrain,sainz,toro_rosso,11,18,0,0.0,29,Retired
2016,2,bahrain,gutierrez,haas,13,19,0,0.0,9,Retired
2016,2,bahrain,button,mclaren,14,20,0,0.0,6,Power Unit
2016,2,bahrain,vettel,ferrari,3,21,0,0.0,0,Engine
2016,2,bahrain,jolyon_palmer,renault,19,22,0,0.0,0,Hydraulics
2016,3,shanghai,rosberg,mercedes,1,1,1,25.0,56,Finished
2016,3,shanghai,vettel,ferrari,4,2,0,18.0,56,Finished
2016,3,shanghai,kvyat,red_bull,6,3,0,15.0,56,Finished
2016,3,shanghai,ricciardo,red_bull,2,4,0,12.0,56,Finished
2016,3,shanghai,raikkonen,ferrari,3,5,0,10.0,56,Finished
2016,3,shanghai,massa,williams,10,6,0,8.0,56,Finished
2016,3,shanghai,hamilton,mercedes,22,7,0,6.0,56,Finished
2016,3,shanghai,max_verstappen,toro_rosso,9,8,0,4.0,56,Finished
2016,3,shanghai,sainz,toro_rosso,8,9,0,2.0,56,Finished
2016,3,shanghai,bottas,williams,5,10,0,1.0,56,Finished
2016,3,shanghai,perez,force_india,7,11,0,0.0,56,Finished
2016,3,shanghai,alonso,mclaren,11,12,0,0.0,56,Finished
2016,3,shanghai,button,mclaren,12,13,0,0.0,56,Finished
2016,3,shanghai,gutierrez,haas,18,14,0,0.0,55,+1 Lap
2016,3,shanghai,hulkenberg,force_india,13,15,0,0.0,55,+1 Lap
2016,3,shanghai,ericsson,sauber,15,16,0,0.0,55,+1 Lap
2016,3,shanghai,kevin_magnussen,renault,17,17,0,0.0,55,+1 Lap
2016,3,shanghai,wehrlein,manor,21,18,0,0.0,55,+1 Lap
2016,3,shanghai,grosjean,haas,14,19,0,0.0,55,+1 Lap
2016,3,shanghai,nasr,sauber,16,20,0,0.0,55,+1 Lap
2016,3,shanghai,haryanto,manor,20,21,0,0.0,55,+1 Lap
2016,3,shanghai,jolyon_palmer,renault,19,22,0,0.0,55,+1 Lap
2016,4,sochi,rosberg,mercedes,1,1,1,25.0,53,Finished
2016,4,sochi,hamilton,mercedes,10,2,0,18.0,53,Finished
2016,4,sochi,raikkonen,ferrari,3,3,0,15.0,53,Finished
2016,4,sochi,bottas,williams,2,4,0,12.0,53,Finished
2016,4,sochi,massa,williams,4,5,0,10.0,53,Finished
2016,4,sochi,alonso,mclaren,14,6,0,8.0,52,+1 Lap
2016,4,sochi,kevin_magnussen,renault,17,7,0,6.0,52,+1 Lap
2016,4,sochi,grosjean,haas,15,8,0,4.0,52,+1 Lap
2016,4,sochi,perez,force_india,6,9,0,2.0,52,+1 Lap
2016,4,sochi,button,mclaren,12,10,0,1.0,52,+1 Lap
2016,4,sochi,ricciardo,red_bull,5,11,0,0.0,52,+1 Lap
2016,4,sochi,sainz,toro_rosso,11,12,0,0.0,52,+1 Lap
2016,4,sochi,jolyon_palmer,renault,18,13,0,0.0,52,+1 Lap
2016,4,sochi,ericsson,sauber,22,14,0,0.0,52,+1 Lap
2016,4,sochi,kvyat,red_bull,8,15,0,0.0,52,+1 Lap
2016,4,sochi,nasr,sauber,19,16,0,0.0,52,+1 Lap
2016,4,sochi,gutierrez,haas,16,17,0,0.0,52,+1 Lap
2016,4,sochi,wehrlein,manor,20,18,0,0.0,51,+2 Laps
2016,4,sochi,max_verstappen,toro_rosso,9,19,0,0.0,33,Power Unit
2016,4,sochi,vettel,ferrari,7,20,0,0.0,0,Collision
2016,4,sochi,hulkenberg,force_india,13,21,0,0.0,0,Collision
2016,4,sochi,haryanto,manor,21,22,0,0.0,0,Collision
2016,5,catalunya,max_verstappen,red_bull,4,1,1,25.0,66,Finished
2016,5,catalunya,raikkonen,ferrari,5,2,0,18.0,66,Finished
2016,5,catalunya,vettel,ferrari,6,3,0,15.0,66,Finished
2016,5,catalunya,ricciardo,red_bull,3,4,0,12.0,66,Finished
2016,5,catalunya,bottas,williams,7,5,0,10.0,66,Finished
2016,5,catalunya,sainz,toro_rosso,8,6,0,8.0,66,Finished
2016,5,catalunya,perez,force_india,9,7,0,6.0,66,Finished
2016,5,catalunya,massa,williams,18,8,0,4.0,66,Finished
2016,5,catalunya,button,mclaren,12,9,0,2.0,65,+1 Lap
2016,5,catalunya,kvyat,toro_rosso,13,10,0,1.0,65,+1 Lap
2016,5,catalunya,gutierrez,haas,16,11,0,0.0,65,+1 Lap
2016,5,catalunya,ericsson,sauber,19,12,0,0.0,65,+1 Lap
2016,5,catalunya,jolyon_palmer,renault,17,13,0,0.0,65,+1 Lap
2016,5,catalunya,kevin_magnussen,renault,15,14,0,0.0,65,+1 Lap
2016,5,catalunya,nasr,sauber,20,15,0,0.0,65,+1 Lap
2016,5,catalunya,wehrlein,manor,21,16,0,0.0,65,+1 Lap
2016,5,catalunya,haryanto,manor,22,17,0,0.0,65,+1 Lap
2016,5,catalunya,grosjean,haas,14,18,0,0.0,56,Engine
2016,5,catalunya,alonso,mclaren,10,19,0,0.0,45,Engine
2016,5,catalunya,hulkenberg,force_india,11,20,0,0.0,20,Engine
2016,5,catalunya,hamilton,mercedes,1,21,0,0.0,0,Collision
2016,5,catalunya,rosberg,mercedes,2,22,0,0.0,0,Collision
2016,6,monaco,hamilton,mercedes,3,1,1,25.0,78,Finished
2016,6,monaco,ricciardo,red_bull,1,2,0,18.0,78,Finished
2016,6,monaco,perez,force_india,7,3,0,15.0,78,Finished
2016,6,monaco,vettel,ferrari,4,4,0,12.0,78,Finished
2016,6,monaco,alonso,mclaren,9,5,0,10.0,78,Finished
2016,6,monaco,hulkenberg,force_india,5,6,0,8.0,78,Finished
2016,6,monaco,rosberg,mercedes,2,7,0,6.0,78,Finished
2016,6,monaco,sainz,toro_rosso,6,8,0,4.0,77,+1 Lap
2016,6,monaco,button,mclaren,13,9,0,2.0,77,+1 Lap
2016,6,monaco,massa,williams,14,10,0,1.0,77,+1 Lap
2016,6,monaco,gutierrez,haas,12,11,0,0.0,77,+1 Lap
2016,6,monaco,bottas,williams,10,12,0,0.0,77,+1 Lap
2016,6,monaco,grosjean,haas,15,13,0,0.0,76,+2 Laps
2016,6,monaco,wehrlein,manor,20,14,0,0.0,76,+2 Laps
2016,6,monaco,haryanto,manor,19,15,0,0.0,74,+4 Laps
2016,6,monaco,ericsson,sauber,17,16,0,0.0,51,Collision
2016,6,monaco,nasr,sauber,0,17,0,0.0,48,Retired
2016,6,monaco,max_verstappen,red_bull,0,18,0,0.0,34,Accident
2016,6,monaco,kevin_magnussen,renault,16,19,0,0.0,32,Retired
2016,6,monaco,kvyat,toro_rosso,8,20,0,0.0,18,Accident
2016,6,monaco,raikkonen,ferrari,11,21,0,0.0,10,Accident
2016,6,monaco,jolyon_palmer,renault,18,22,0,0.0,7,Accident
2016,7,villeneuve,hamilton,mercedes,1,1,1,25.0,70,Finished
2016,7,villeneuve,vettel,ferrari,3,2,0,18.0,70,Finished
2016,7,villeneuve,bottas,williams,7,3,0,15.0,70,Finished
2016,7,villeneuve,max_verstappen,red_bull,5,4,0,12.0,70,Finished
2016,7,villeneuve,rosberg,mercedes,2,5,0,10.0,70,Finished
2016,7,villeneuve,raikkonen,ferrari,6,6,0,8.0,70,Finished
2016,7,villeneuve,ricciardo,red_bull,4,7,0,6.0,70,Finished
2016,7,villeneuve,hulkenberg,force_india,9,8,0,4.0,69,+1 Lap
2016,7,villeneuve,sainz,toro_rosso,20,9,0,2.0,69,+1 Lap
2016,7,villeneuve,perez,force_india,11,10,0,1.0,69,+1 Lap
2016,7,villeneuve,alonso,mclaren,10,11,0,0.0,69,+1 Lap
2016,7,villeneuve,kvyat,toro_rosso,15,12,0,0.0,69,+1 Lap
2016,7,villeneuve,gutierrez,haas,13,13,0,0.0,68,+2 Laps
2016,7,villeneuve,grosjean,haas,14,14,0,0.0,68,+2 Laps
2016,7,villeneuve,ericsson,sauber,21,15,0,0.0,68,+2 Laps
2016,7,villeneuve,kevin_magnussen,renault,22,16,0,0.0,68,+2 Laps
2016,7,villeneuve,wehrlein,manor,17,17,0,0.0,68,+2 Laps
2016,7,villeneuve,nasr,sauber,18,18,0,0.0,68,+2 Laps
2016,7,villeneuve,haryanto,manor,19,19,0,0.0,68,+2 Laps
2016,7,villeneuve,massa,williams,8,20,0,0.0,35,Retired
2016,7,villeneuve,jolyon_palmer,renault,16,21,0,0.0,16,Retired
2016,7,villeneuve,button,mclaren,12,22,0,0.0,9,Power Unit
2016,8,baku,rosberg,mercedes,1,1,1,25.0,51,Finished
2016,8,baku,vettel,ferrari,3,2,0,18.0,51,Finished
2016,8,baku,perez,force_india,7,3,0,15.0,51,Finished
2016,8,baku,raikkonen,ferrari,4,4,0,12.0,51,Finished
2016,8,baku,hamilton,mercedes,10,5,0,10.0,51,Finished
2016,8,baku,bottas,williams,8,6,0,8.0,51,Finished
2016,8,baku,ricciardo,red_bull,2,7,0,6.0,51,Finished
2016,8,baku,max_verstappen,red_bull,9,8,0,4.0,51,Finished
2016,8,baku,hulkenberg,force_india,12,9,0,2.0,51,Finished
2016,8,baku,massa,williams,5,10,0,1.0,51,Finished
2016,8,baku,button,mclaren,19,11,0,0.0,51,Finished
2016,8,baku,nasr,sauber,15,12,0,0.0,50,+1 Lap
2016,8,baku,grosjean,haas,11,13,0,0.0,50,+1 Lap
2016,8,baku,kevin_magnussen,renault,22,14,0,0.0,50,+1 Lap
2016,8,baku,jolyon_palmer,renault,21,15,0,0.0,50,+1 Lap
2016,8,baku,gutierrez,haas,14,16,0,0.0,50,+1 Lap
2016,8,baku,ericsson,sauber,20,17,0,0.0,50,+1 Lap
2016,8,baku,haryanto,manor,16,18,0,0.0,49,+2 Laps
2016,8,baku,alonso,mclaren,13,19,0,0.0,42,Gearbox
2016,8,baku,wehrlein,manor,17,20,0,0.0,39,Brakes
2016,8,baku,sainz,toro_rosso,18,21,0,0.0,31,Suspension
2016,8,baku,kvyat,toro_rosso,6,22,0,0.0,6,Suspension
2016,9,red_bull_ring,hamilton,mercedes,1,1,1,25.0,71,Finished
2016,9,red_bull_ring,max_verstappen,red_bull,8,2,0,18.0,71,Finished
2016,9,red_bull_ring,raikkonen,ferrari,4,3,0,15.0,71,Finished
2016,9,red_bull_ring,rosberg,mercedes,6,4,0,12.0,71,Finished
2016,9,red_bull_ring,ricciardo,red_bull,5,5,0,10.0,71,Finished
2016,9,red_bull_ring,button,mclaren,3,6,0,8.0,71,Finished
2016,9,red_bull_ring,grosjean,haas,13,7,0,6.0,71,Finished
2016,9,red_bull_ring,sainz,toro_rosso,15,8,0,4.0,71,Finished
2016,9,red_bull_ring,bottas,williams,7,9,0,2.0,70,+1 Lap
2016,9,red_bull_ring,wehrlein,manor,12,10,0,1.0,70,+1 Lap
2016,9,red_bull_ring,gutierrez,haas,11,11,0,0.0,70,+1 Lap
2016,9,red_bull_ring,jolyon_palmer,renault,19,12,0,0.0,70,+1 Lap
2016,9,red_bull_ring,nasr,sauber,21,13,0,0.0,70,+1 Lap
2016,9,red_bull_ring,kevin_magnussen,renault,17,14,0,0.0,70,+1 Lap
2016,9,red_bull_ring,ericsson,sauber,18,15,0,0.0,70,+1 Lap
2016,9,red_bull_ring,haryanto,manor,20,16,0,0.0,70,+1 Lap
2016,9,red_bull_ring,perez,force_india,16,17,0,0.0,69,Brakes
2016,9,red_bull_ring,alonso,mclaren,14,18,0,0.0,64,Battery
2016,9,red_bull_ring,hulkenberg,force_india,2,19,0,0.0,64,Brakes
2016,9,red_bull_ring,massa,williams,0,20,0,0.0,63,Brakes
2016,9,red_bull_ring,vettel,ferrari,9,21,0,0.0,26,Tyre
2016,9,red_bull_ring,kvyat,toro_rosso,0,22,0,0.0,2,Retired
2016,10,silverstone,hamilton,mercedes,1,1,1,25.0,52,Finished
2016,10,silverstone,max_verstappen,red_bull,3,2,0,18.0,52,Finished
2016,10,silverstone,rosberg,mercedes,2,3,0,15.0,52,Finished
2016,10,silverstone,ricciardo,red_bull,4,4,0,12.0,52,Finished
2016,10,silverstone,raikkonen,ferrari,5,5,0,10.0,52,Finished
2016,10,silverstone,perez,force_india,10,6,0,8.0,52,Finished
2016,10,silverstone,hulkenberg,force_india,8,7,0,6.0,52,Finished
2016,10,silverstone,sainz,toro_rosso,7,8,0,4.0,52,Finished
2016,10,silverstone,vettel,ferrari,11,9,0,2.0,52,Finished
2016,10,silverstone,kvyat,toro_rosso,15,10,0,1.0,52,Finished
2016,10,silverstone,massa,williams,12,11,0,0.0,51,+1 Lap
2016,10,silverstone,button,mclaren,17,12,0,0.0,51,+1 Lap
2016,10,silverstone,alonso,mclaren,9,13,0,0.0,51,+1 Lap
2016,10,silverstone,bottas,williams,6,14,0,0.0,51,+1 Lap
2016,10,silverstone,nasr,sauber,21,15,0,0.0,51,+1 Lap
2016,10,silverstone,gutierrez,haas,14,16,0,0.0,51,+1 Lap
2016,10,silverstone,kevin_magnussen,renault,16,17,0,0.0,49,Gearbox
2016,10,silverstone,jolyon_palmer,renault,18,18,0,0.0,37,Gearbox
2016,10,silverstone,haryanto,manor,19,19,0,0.0,24,Spun off
2016,10,silverstone,grosjean,haas,13,20,0,0.0,17,Retired
2016,10,silverstone,ericsson,sauber,22,21,0,0.0,11,Power Unit
2016,10,silverstone,wehrlein,manor,20,22,0,0.0,6,Spun off
2016,11,hungaroring,hamilton,mercedes,2,1,1,25.0,70,Finished
2016,11,hungaroring,rosberg,mercedes,1,2,0,18.0,70,Finished
2016,11,hungaroring,ricciardo,red_bull,3,3,0,15.0,70,Finished
2016,11,hungaroring,vettel,ferrari,5,4,0,12.0,70,Finished
2016,11,hungaroring,max_verstappen,red_bull,4,5,0,10.0,70,Finished
2016,11,hungaroring,raikkonen,ferrari,14,6,0,8.0,70,Finished
2016,11,hungaroring,alonso,mclaren,7,7,0,6.0,69,+1 Lap
2016,11,hungaroring,sainz,toro_rosso,6,8,0,4.0,69,+1 Lap
2016,11,hungaroring,bottas,williams,10,9,0,2.0,69,+1 Lap
2016,11,hungaroring,hulkenberg,force_india,9,10,0,1.0,69,+1 Lap
2016,11,hungaroring,perez,force_india,13,11,0,0.0,69,+1 Lap
2016,11,hungaroring,jolyon_palmer,renault,17,12,0,0.0,69,+1 Lap
2016,11,hungaroring,gutierrez,haas,15,13,0,0.0,69,+1 Lap
2016,11,hungaroring,grosjean,haas,11,14,0,0.0,69,+1 Lap
2016,11,hungaroring,kevin_magnussen,renault,19,15,0,0.0,69,+1 Lap
2016,11,hungaroring,kvyat,toro_rosso,12,16,0,0.0,69,+1 Lap
2016,11,hungaroring,nasr,sauber,16,17,0,0.0,69,+1 Lap
2016,11,hungaroring,massa,williams,18,18,0,0.0,68,+2 Laps
2016,11,hungaroring,wehrlein,manor,20,19,0,0.0,68,+2 Laps
2016,11,hungaroring,ericsson,sauber,22,20,0,0.0,68,+2 Laps
2016,11,hungaroring,haryanto,manor,21,21,0,0.0,68,+2 Laps
2016,11,hungaroring,button,mclaren,8,22,0,0.0,60,Oil leak
2016,12,hockenheimring,hamilton,mercedes,2,1,1,25.0,67,Finished
2016,12,hockenheimring,ricciardo,red_bull,3,2,0,18.0,67,Finished
2016,12,hockenheimring,max_verstappen,red_bull,4,3,0,15.0,67,Finished
2016,12,hockenheimring,rosberg,mercedes,1,4,0,12.0,67,Finished
2016,12,hockenheimring,vettel,ferrari,6,5,0,10.0,67,Finished
2016,12,hockenheimring,raikkonen,ferrari,5,6,0,8.0,67,Finished
2016,12,hockenheimring,hulkenberg,force_india,8,7,0,6.0,67,Finished
2016,12,hockenheimring,button,mclaren,12,8,0,4.0,66,+1 Lap
2016,12,hockenheimring,bottas,williams,7,9,0,2.0,66,+1 Lap
2016,12,hockenheimring,perez,force_india,9,10,0,1.0,66,+1 Lap
2016,12,hockenheimring,gutierrez,haas,11,11,0,0.0,66,+1 Lap
2016,12,hockenheimring,alonso,mclaren,13,12,0,0.0,66,+1 Lap
2016,12,hockenheimring,grosjean,haas,20,13,0,0.0,66,+1 Lap
2016,12,hockenheimring,sainz,toro_rosso,15,14,0,0.0,66,+1 Lap
2016,12,hockenheimring,kvyat,toro_rosso,18,15,0,0.0,66,+1 Lap
2016,12,hockenheimring,kevin_magnussen,renault,16,16,0,0.0,66,+1 Lap
2016,12,hockenheimring,wehrlein,manor,17,17,0,0.0,65,+2 Laps
2016,12,hockenheimring,ericsson,sauber,22,18,0,0.0,65,+2 Laps
2016,12,hockenheimring,jolyon_palmer,renault,14,19,0,0.0,65,+2 Laps
2016,12,hockenheimring,haryanto,manor,19,20,0,0.0,65,+2 Laps
2016,12,hockenheimring,nasr,sauber,21,21,0,0.0,57,Power Unit
2016,12,hockenheimring,massa,williams,10,22,0,0.0,36,Suspension
2016,13,spa,rosberg,mercedes,1,1,1,25.0,44,Finished
2016,13,spa,ricciardo,red_bull,5,2,0,18.0,44,Finished
2016,13,spa,hamilton,mercedes,21,3,0,15.0,44,Finished
2016,13,spa,hulkenberg,force_india,7,4,0,12.0,44,Finished
2016,13,spa,perez,force_india,6,5,0,10.0,44,Finished
2016,13,spa,vettel,ferrari,4,6,0,8.0,44,Finished
2016,13,spa,alonso,mclaren,22,7,0,6.0,44,Finished
2016,13,spa,bottas,williams,8,8,0,4.0,44,Finished
2016,13,spa,raikkonen,ferrari,3,9,0,2.0,44,Finished
2016,13,spa,massa,williams,10,10,0,1.0,44,Finished
2016,13,spa,max_verstappen,red_bull,2,11,0,0.0,44,Finished
2016,13,spa,gutierrez,haas,18,12,0,0.0,44,Finished
2016,13,spa,grosjean,haas,11,13,0,0.0,44,Finished
2016,13,spa,kvyat,toro_rosso,19,14,0,0.0,44,Finished
2016,13,spa,jolyon_palmer,renault,13,15,0,0.0,44,Finished
2016,13,spa,ocon,manor,17,16,0,0.0,43,+1 Lap
2016,13,spa,nasr,sauber,16,17,0,0.0,43,+1 Lap
2016,13,spa,kevin_magnussen,renault,12,18,0,0.0,5,Accident
2016,13,spa,ericsson,sauber,20,19,0,0.0,3,Gearbox
2016,13,spa,sainz,toro_rosso,14,20,0,0.0,1,Puncture
2016,13,spa,button,mclaren,9,21,0,0.0,1,Collision damage
2016,13,spa,wehrlein,manor,15,22,0,0.0,0,Collision damage
2016,14,monza,rosberg,mercedes,2,1,1,25.0,53,Finished
2016,14,monza,hamilton,mercedes,1,2,0,18.0,53,Finished
2016,14,monza,vettel,ferrari,3,3,0,15.0,53,Finished
2016,14,monza,raikkonen,ferrari,4,4,0,12.0,53,Finished
2016,14,monza,ricciardo,red_bull,6,5,0,10.0,53,Finished
2016,14,monza,bottas,williams,5,6,0,8.0,53,Finished
2016,14,monza,max_verstappen,red_bull,7,7,0,6.0,53,Finished
2016,14,monza,perez,force_india,8,8,0,4.0,53,Finished
2016,14,monza,massa,williams,11,9,0,2.0,53,Finished
2016,14,monza,hulkenberg,force_india,9,10,0,1.0,53,Finished
2016,14,monza,grosjean,haas,17,11,0,0.0,52,+1 Lap
2016,14,monza,button,mclaren,14,12,0,0.0,52,+1 Lap
2016,14,monza,gutierrez,haas,10,13,0,0.0,52,+1 Lap
2016,14,monza,alonso,mclaren,12,14,0,0.0,52,+1 Lap
2016,14,monza,sainz,toro_rosso,15,15,0,0.0,52,+1 Lap
2016,14,monza,ericsson,sauber,19,16,0,0.0,52,+1 Lap
2016,14,monza,kevin_magnussen,renault,21,17,0,0.0,52,+1 Lap
2016,14,monza,ocon,manor,22,18,0,0.0,51,+2 Laps
2016,14,monza,kvyat,toro_rosso,16,19,0,0.0,36,Battery
2016,14,monza,wehrlein,manor,13,20,0,0.0,26,Oil leak
2016,14,monza,jolyon_palmer,renault,20,21,0,0.0,7,Collision damage
2016,14,monza,nasr,sauber,18,22,0,0.0,6,Collision damage
2016,15,marina_bay,rosberg,mercedes,1,1,1,25.0,61,Finished
2016,15,marina_bay,ricciardo,red_bull,2,2,0,18.0,61,Finished
2016,15,marina_bay,hamilton,mercedes,3,3,0,15.0,61,Finished
2016,15,marina_bay,raikkonen,ferrari,5,4,0,12.0,61,Finished
2016,15,marina_bay,vettel,ferrari,22,5,0,10.0,61,Finished
2016,15,marina_bay,max_verstappen,red_bull,4,6,0,8.0,61,Finished
2016,15,marina_bay,alonso,mclaren,9,7,0,6.0,61,Finished
2016,15,marina_bay,perez,force_india,17,8,0,4.0,61,Finished
2016,15,marina_bay,kvyat,toro_rosso,7,9,0,2.0,61,Finished
2016,15,marina_bay,kevin_magnussen,renault,15,10,0,1.0,61,Finished
2016,15,marina_bay,gutierrez,haas,13,11,0,0.0,60,+1 Lap
2016,15,marina_bay,massa,williams,11,12,0,0.0,60,+1 Lap
2016,15,marina_bay,nasr,sauber,16,13,0,0.0,60,+1 Lap
2016,15,marina_bay,sainz,toro_rosso,6,14,0,0.0,60,+1 Lap
2016,15,marina_bay,jolyon_palmer,renault,18,15,0,0.0,60,+1 Lap
2016,15,marina_bay,wehrlein,manor,19,16,0,0.0,60,+1 Lap
2016,15,marina_bay,ericsson,sauber,14,17,0,0.0,60,+1 Lap
2016,15,marina_bay,ocon,manor,21,18,0,0.0,59,+2 Laps
2016,15,marina_bay,button,mclaren,12,19,0,0.0,43,Brakes
2016,15,marina_bay,bottas,williams,10,20,0,0.0,35,Overheating
2016,15,marina_bay,hulkenberg,force_india,8,21,0,0.0,0,Collision
2016,15,marina_bay,grosjean,haas,20,22,0,0.0,0,Withdrew
2016,16,sepang,ricciardo,red_bull,4,1,1,25.0,56,Finished
2016,16,sepang,max_verstappen,red_bull,3,2,0,18.0,56,Finished
2016,16,sepang,rosberg,mercedes,2,3,0,15.0,56,Finished
2016,16,sepang,raikkonen,ferrari,6,4,0,12.0,56,Finished
2016,16,sepang,bottas,williams,11,5,0,10.0,56,Finished
2016,16,sepang,perez,force_india,7,6,0,8.0,56,Finished
2016,16,sepang,alonso,mclaren,22,7,0,6.0,56,Finished
2016,16,sepang,hulkenberg,force_india,8,8,0,4.0,56,Finished
2016,16,sepang,button,mclaren,9,9,0,2.0,56,Finished
2016,16,sepang,jolyon_palmer,renault,19,10,0,1.0,56,Finished
2016,16,sepang,sainz,toro_rosso,16,11,0,0.0,56,Finished
2016,16,sepang,ericsson,sauber,17,12,0,0.0,55,+1 Lap
2016,16,sepang,massa,williams,10,13,0,0.0,55,+1 Lap
2016,16,sepang,kvyat,toro_rosso,15,14,0,0.0,55,+1 Lap
2016,16,sepang,wehrlein,manor,21,15,0,0.0,55,+1 Lap
2016,16,sepang,ocon,manor,20,16,0,0.0,55,+1 Lap
2016,16,sepang,nasr,sauber,18,17,0,0.0,46,Brakes
2016,16,sepang,hamilton,mercedes,1,18,0,0.0,40,Engine
2016,16,sepang,gutierrez,haas,13,19,0,0.0,39,Wheel nut
2016,16,sepang,kevin_magnussen,renault,14,20,0,0.0,17,Power loss
2016,16,sepang,grosjean,haas,12,21,0,0.0,7,Brakes
2016,16,sepang,vettel,ferrari,5,22,0,0.0,0,Collision
2016,17,suzuka,rosberg,mercedes,1,1,1,25.0,53,Finished
2016,17,suzuka,max_verstappen,red_bull,3,2,0,18.0,53,Finished
2016,17,suzuka,hamilton,mercedes,2,3,0,15.0,53,Finished
2016,17,suzuka,vettel,ferrari,6,4,0,12.0,53,Finished
2016,17,suzuka,raikkonen,ferrari,8,5,0,10.0,53,Finished
2016,17,suzuka,ricciardo,red_bull,4,6,0,8.0,53,Finished
2016,17,suzuka,perez,force_india,5,7,0,6.0,53,Finished
2016,17,suzuka,hulkenberg,force_india,9,8,0,4.0,53,Finished
2016,17,suzuka,massa,williams,12,9,0,2.0,53,Finished
2016,17,suzuka,bottas,williams,11,10,0,1.0,53,Finished
2016,17,suzuka,grosjean,haas,7,11,0,0.0,53,Finished
2016,17,suzuka,jolyon_palmer,renault,16,12,0,0.0,52,+1 Lap
2016,17,suzuka,kvyat,toro_rosso,13,13,0,0.0,52,+1 Lap
2016,17,suzuka,kevin_magnussen,renault,17,14,0,0.0,52,+1 Lap
2016,17,suzuka,ericsson,sauber,18,15,0,0.0,52,+1 Lap
2016,17,suzuka,alonso,mclaren,15,16,0,0.0,52,+1 Lap
2016,17,suzuka,sainz,toro_rosso,14,17,0,0.0,52,+1 Lap
2016,17,suzuka,button,mclaren,22,18,0,0.0,52,+1 Lap
2016,17,suzuka,nasr,sauber,19,19,0,0.0,52,+1 Lap
2016,17,suzuka,gutierrez,haas,10,20,0,0.0,52,+1 Lap
2016,17,suzuka,ocon,manor,20,21,0,0.0,52,+1 Lap
2016,17,suzuka,wehrlein,manor,21,22,0,0.0,52,+1 Lap
2016,18,americas,hamilton,mercedes,1,1,1,25.0,56,Finished
2016,18,americas,rosberg,mercedes,2,2,0,18.0,56,Finished
2016,18,americas,ricciardo,red_bull,3,3,0,15.0,56,Finished
2016,18,americas,vettel,ferrari,6,4,0,12.0,56,Finished
2016,18,americas,alonso,mclaren,12,5,0,10.0,56,Finished
2016,18,americas,sainz,toro_rosso,10,6,0,8.0,56,Finished
2016,18,americas,massa,williams,9,7,0,6.0,55,+1 Lap
2016,18,americas,perez,force_india,11,8,0,4.0,55,+1 Lap
2016,18,americas,button,mclaren,19,9,0,2.0,55,+1 Lap
2016,18,americas,grosjean,haas,17,10,0,1.0,55,+1 Lap
2016,18,americas,kvyat,toro_rosso,13,11,0,0.0,55,+1 Lap
2016,18,americas,kevin_magnussen,renault,18,12,0,0.0,55,+1 Lap
2016,18,americas,jolyon_palmer,renault,15,13,0,0.0,55,+1 Lap
2016,18,americas,ericsson,sauber,16,14,0,0.0,55,+1 Lap
2016,18,americas,nasr,sauber,21,15,0,0.0,55,+1 Lap
2016,18,americas,bottas,williams,8,16,0,0.0,55,+1 Lap
2016,18,americas,wehrlein,manor,20,17,0,0.0,55,+1 Lap
2016,18,americas,ocon,manor,22,18,0,0.0,54,+2 Laps
2016,18,americas,raikkonen,ferrari,5,19,0,0.0,38,Wheel
2016,18,americas,max_verstappen,red_bull,4,20,0,0.0,28,Gearbox
2016,18,americas,gutierrez,haas,14,21,0,0.0,16,Brakes
2016,18,americas,hulkenberg,force_india,7,22,0,0.0,1,Collision
2016,19,rodriguez,hamilton,mercedes,1,1,1,25.0,71,Finished
2016,19,rodriguez,rosberg,mercedes,2,2,0,18.0,71,Finished
2016,19,rodriguez,ricciardo,red_bull,4,3,0,15.0,71,Finished
2016,19,rodriguez,max_verstappen,red_bull,3,4,0,12.0,71,Finished
2016,19,rodriguez,vettel,ferrari,7,5,0,10.0,71,Finished
2016,19,rodriguez,raikkonen,ferrari,6,6,0,8.0,71,Finished
2016,19,rodriguez,hulkenberg,force_india,5,7,0,6.0,71,Finished
2016,19,rodriguez,bottas,williams,8,8,0,4.0,71,Finished
2016,19,rodriguez,massa,williams,9,9,0,2.0,71,Finished
2016,19,rodriguez,perez,force_india,12,10,0,1.0,71,Finished
2016,19,rodriguez,ericsson,sauber,15,11,0,0.0,70,+1 Lap
2016,19,rodriguez,button,mclaren,13,12,0,0.0,70,+1 Lap
2016,19,rodriguez,alonso,mclaren,11,13,0,0.0,70,+1 Lap
2016,19,rodriguez,jolyon_palmer,renault,21,14,0,0.0,70,+1 Lap
2016,19,rodriguez,nasr,sauber,19,15,0,0.0,70,+1 Lap
2016,19,rodriguez,sainz,toro_rosso,10,16,0,0.0,70,+1 Lap
2016,19,rodriguez,kevin_magnussen,renault,14,17,0,0.0,70,+1 Lap
2016,19,rodriguez,kvyat,toro_rosso,18,18,0,0.0,70,+1 Lap
2016,19,rodriguez,gutierrez,haas,17,19,0,0.0,70,+1 Lap
2016,19,rodriguez,grosjean,haas,22,20,0,0.0,70,+1 Lap
2016,19,rodriguez,ocon,manor,20,21,0,0.0,69,+2 Laps
2016,19,rodriguez,wehrlein,manor,16,22,0,0.0,0,Collision
2016,20,interlagos,hamilton,mercedes,1,1,1,25.0,71,Finished
2016,20,interlagos,rosberg,mercedes,2,2,0,18.0,71,Finished
2016,20,interlagos,max_verstappen,red_bull,4,3,0,15.0,71,Finished
2016,20,interlagos,perez,force_india,9,4,0,12.0,71,Finished
2016,20,interlagos,vettel,ferrari,5,5,0,10.0,71,Finished
2016,20,interlagos,sainz,toro_rosso,15,6,0,8.0,71,Finished
2016,20,interlagos,hulkenberg,force_india,8,7,0,6.0,71,Finished
2016,20,interlagos,ricciardo,red_bull,6,8,0,4.0,71,Finished
2016,20,interlagos,nasr,sauber,21,9,0,2.0,71,Finished
2016,20,interlagos,alonso,mclaren,10,10,0,1.0,71,Finished
2016,20,interlagos,bottas,williams,11,11,0,0.0,71,Finished
2016,20,interlagos,ocon,manor,22,12,0,0.0,71,Finished
2016,20,interlagos,kvyat,toro_rosso,14,13,0,0.0,71,Finished
2016,20,interlagos,kevin_magnussen,renault,18,14,0,0.0,71,Finished
2016,20,interlagos,wehrlein,manor,19,15,0,0.0,71,Finished
2016,20,interlagos,button,mclaren,17,16,0,0.0,71,Finished
2016,20,interlagos,gutierrez,haas,12,17,0,0.0,60,Retired
2016,20,interlagos,massa,williams,13,18,0,0.0,46,Collision
2016,20,interlagos,jolyon_palmer,renault,16,19,0,0.0,20,Collision damage
2016,20,interlagos,raikkonen,ferrari,3,20,0,0.0,19,Collision
2016,20,interlagos,ericsson,sauber,20,21,0,0.0,11,Collision
2016,20,interlagos,grosjean,haas,7,22,0,0.0,0,Withdrew
2016,21,yas_marina,hamilton,mercedes,1,1,1,25.0,55,Finished
2016,21,yas_marina,rosberg,mercedes,2,2,0,18.0,55,Finished
2016,21,yas_marina,vettel,ferrari,5,3,0,15.0,55,Finished
2016,21,yas_marina,max_verstappen,red_bull,6,4,0,12.0,55,Finished
2016,21,yas_marina,ricciardo,red_bull,3,5,0,10.0,55,Finished
2016,21,yas_marina,raikkonen,ferrari,4,6,0,8.0,55,Finished
2016,21,yas_marina,hulkenberg,force_india,7,7,0,6.0,55,Finished
2016,21,yas_marina,perez,force_india,8,8,0,4.0,55,Finished
2016,21,yas_marina,massa,williams,10,9,0,2.0,55,Finished
2016,21,yas_marina,alonso,mclaren,9,10,0,1.0,55,Finished
2016,21,yas_marina,grosjean,haas,14,11,0,0.0,55,Finished
2016,21,yas_marina,gutierrez,haas,13,12,0,0.0,55,Finished
2016,21,yas_marina,ocon,manor,20,13,0,0.0,54,+1 Lap
2016,21,yas_marina,wehrlein,manor,16,14,0,0.0,54,+1 Lap
2016,21,yas_marina,ericsson,sauber,22,15,0,0.0,54,+1 Lap
2016,21,yas_marina,nasr,sauber,19,16,0,0.0,54,+1 Lap
2016,21,yas_marina,jolyon_palmer,renault,15,17,0,0.0,54,+1 Lap
2016,21,yas_marina,sainz,toro_rosso,21,18,0,0.0,41,Collision damage
2016,21,yas_marina,kvyat,toro_rosso,17,19,0,0.0,14,Gearbox
2016,21,yas_marina,button,mclaren,12,20,0,0.0,12,Suspension
2016,21,yas_marina,bottas,williams,11,21,0,0.0,6,Suspension
2016,21,yas_marina,kevin_magnussen,renault,18,22,0,0.0,5,Suspension
2017,1,albert_park,vettel,ferrari,2,1,1,25.0,57,Finished
2017,1,albert_park,hamilton,mercedes,1,2,0,18.0,57,Finished
2017,1,albert_park,bottas,mercedes,3,3,0,15.0,57,Finished
2017,1,albert_park,raikkonen,ferrari,4,4,0,12.0,57,Finished
2017,1,albert_park,max_verstappen,red_bull,5,5,0,10.0,57,Finished
2017,1,albert_park,massa,williams,7,6,0,8.0,57,Finished
2017,1,albert_park,perez,force_india,10,7,0,6.0,56,+1 Lap
2017,1,albert_park,sainz,toro_rosso,8,8,0,4.0,56,+1 Lap
2017,1,albert_park,kvyat,toro_rosso,9,9,0,2.0,56,+1 Lap
2017,1,albert_park,ocon,force_india,13,10,0,1.0,56,+1 Lap
2017,1,albert_park,hulkenberg,renault,11,11,0,0.0,56,+1 Lap
2017,1,albert_park,giovinazzi,sauber,16,12,0,0.0,55,+2 Laps
2017,1,albert_park,vandoorne,mclaren,18,13,0,0.0,55,+2 Laps
2017,1,albert_park,alonso,mclaren,12,14,0,0.0,50,Vibrations
2017,1,albert_park,kevin_magnussen,haas,17,15,0,0.0,46,Suspension
2017,1,albert_park,stroll,williams,20,16,0,0.0,40,Brakes
2017,1,albert_park,ricciardo,red_bull,0,17,0,0.0,25,Power Unit
2017,1,albert_park,ericsson,sauber,14,18,0,0.0,21,Hydraulics
2017,1,albert_park,jolyon_palmer,renault,19,19,0,0.0,15,Brakes
2017,1,albert_park,grosjean,haas,6,20,0,0.0,13,Water leak
2017,2,shanghai,hamilton,mercedes,1,1,1,25.0,56,Finished
2017,2,shanghai,vettel,ferrari,2,2,0,18.0,56,Finished
2017,2,shanghai,max_verstappen,red_bull,16,3,0,15.0,56,Finished
2017,2,shanghai,ricciardo,red_bull,5,4,0,12.0,56,Finished
2017,2,shanghai,raikkonen,ferrari,4,5,0,10.0,56,Finished
2017,2,shanghai,bottas,mercedes,3,6,0,8.0,56,Finished
2017,2,shanghai,sainz,toro_rosso,11,7,0,6.0,56,Finished
2017,2,shanghai,kevin_magnussen,haas,12,8,0,4.0,55,+1 Lap
2017,2,shanghai,perez,force_india,8,9,0,2.0,55,+1 Lap
2017,2,shanghai,ocon,force_india,17,10,0,1.0,55,+1 Lap
2017,2,shanghai,grosjean,haas,19,11,0,0.0,55,+1 Lap
2017,2,shanghai,hulkenberg,renault,7,12,0,0.0,55,+1 Lap
2017,2,shanghai,jolyon_palmer,renault,20,13,0,0.0,55,+1 Lap
2017,2,shanghai,massa,williams,6,14,0,0.0,55,+1 Lap
2017,2,shanghai,ericsson,sauber,14,15,0,0.0,55,+1 Lap
2017,2,shanghai,alonso,mclaren,13,16,0,0.0,33,Driveshaft
2017,2,shanghai,kvyat,toro_rosso,9,17,0,0.0,18,Hydraulics
2017,2,shanghai,vandoorne,mclaren,15,18,0,0.0,17,Fuel pressure
2017,2,shanghai,giovinazzi,sauber,18,19,0,0.0,3,Accident
2017,2,shanghai,stroll,williams,10,20,0,0.0,0,Collision
2017,3,bahrain,vettel,ferrari,3,1,1,25.0,57,Finished
2017,3,bahrain,hamilton,mercedes,2,2,0,18.0,57,Finished
2017,3,bahrain,bottas,mercedes,1,3,0,15.0,57,Finished
2017,3,bahrain,raikkonen,ferrari,5,4,0,12.0,57,Finished
2017,3,bahrain,ricciardo,red_bull,4,5,0,10.0,57,Finished
2017,3,bahrain,massa,williams,8,6,0,8.0,57,Finished
2017,3,bahrain,perez,force_india,18,7,0,6.0,57,Finished
2017,3,bahrain,grosjean,haas,9,8,0,4.0,57,Finished
2017,3,bahrain,hulkenberg,renault,7,9,0,2.0,57,Finished
2017,3,bahrain,ocon,force_india,14,10,0,1.0,57,Finished
2017,3,bahrain,wehrlein,sauber,13,11,0,0.0,56,+1 Lap
2017,3,bahrain,kvyat,toro_rosso,11,12,0,0.0,56,+1 Lap
2017,3,bahrain,jolyon_palmer,renault,10,13,0,0.0,56,+1 Lap
2017,3,bahrain,alonso,mclaren,15,14,0,0.0,54,Power Unit
2017,3,bahrain,ericsson,sauber,19,15,0,0.0,50,Gearbox
2017,3,bahrain,sainz,toro_rosso,16,16,0,0.0,12,Collision
2017,3,bahrain,stroll,williams,12,17,0,0.0,12,Collision
2017,3,bahrain,max_verstappen,red_bull,6,18,0,0.0,11,Brakes
2017,3,bahrain,kevin_magnussen,haas,20,19,0,0.0,8,Electrical
2017,3,bahrain,vandoorne,mclaren,17,20,0,0.0,0,Power Unit
2017,4,sochi,bottas,mercedes,3,1,1,25.0,52,Finished
2017,4,sochi,vettel,ferrari,1,2,0,18.0,52,Finished
2017,4,sochi,raikkonen,ferrari,2,3,0,15.0,52,Finished
2017,4,sochi,hamilton,mercedes,4,4,0,12.0,52,Finished
2017,4,sochi,max_verstappen,red_bull,7,5,0,10.0,52,Finished
2017,4,sochi,perez,force_india,9,6,0,8.0,52,Finished
2017,4,sochi,ocon,force_india,10,7,0,6.0,52,Finished
2017,4,sochi,hulkenberg,renault,8,8,0,4.0,52,Finished
2017,4,sochi,massa,williams,6,9,0,2.0,51,+1 Lap
2017,4,sochi,sainz,toro_rosso,14,10,0,1.0,51,+1 Lap
2017,4,sochi,stroll,williams,11,11,0,0.0,51,+1 Lap
2017,4,sochi,kvyat,toro_rosso,12,12,0,0.0,51,+1 Lap
2017,4,sochi,kevin_magnussen,haas,13,13,0,0.0,51,+1 Lap
2017,4,sochi,vandoorne,mclaren,20,14,0,0.0,51,+1 Lap
2017,4,sochi,ericsson,sauber,18,15,0,0.0,51,+1 Lap
2017,4,sochi,wehrlein,sauber,17,16,0,0.0,50,+2 Laps
2017,4,sochi,ricciardo,red_bull,5,17,0,0.0,5,Brakes
2017,4,sochi,jolyon_palmer,renault,16,18,0,0.0,0,Collision
2017,4,sochi,grosjean,haas,19,19,0,0.0,0,Collision
2017,4,sochi,alonso,mclaren,15,20,0,0.0,0,Power Unit
2017,5,catalunya,hamilton,mercedes,1,1,1,25.0,66,Finished
2017,5,catalunya,vettel,ferrari,2,2,0,18.0,66,Finished
2017,5,catalunya,ricciardo,red_bull,6,3,0,15.0,66,Finished
2017,5,catalunya,perez,force_india,8,4,0,12.0,65,+1 Lap
2017,5,catalunya,ocon,force_india,10,5,0,10.0,65,+1 Lap
2017,5,catalunya,hulkenberg,renault,13,6,0,8.0,65,+1 Lap
2017,5,catalunya,sainz,toro_rosso,12,7,0,6.0,65,+1 Lap
2017,5,catalunya,wehrlein,sauber,15,8,0,4.0,65,+1 Lap
2017,5,catalunya,kvyat,toro_rosso,19,9,0,2.0,65,+1 Lap
2017,5,catalunya,grosjean,haas,14,10,0,1.0,65,+1 Lap
2017,5,catalunya,ericsson,sauber,16,11,0,0.0,64,+2 Laps
2017,5,catalunya,alonso,mclaren,7,12,0,0.0,64,+2 Laps
2017,5,catalunya,massa,williams,9,13,0,0.0,64,+2 Laps
2017,5,catalunya,kevin_magnussen,haas,11,14,0,0.0,64,+2 Laps
2017,5,catalunya,jolyon_palmer,renault,17,15,0,0.0,64,+2 Laps
2017,5,catalunya,stroll,williams,18,16,0,0.0,64,+2 Laps
2017,5,catalunya,bottas,mercedes,3,17,0,0.0,38,Power Unit
2017,5,catalunya,vandoorne,mclaren,20,18,0,0.0,32,Collision
2017,5,catalunya,max_verstappen,red_bull,5,19,0,0.0,1,Collision damage
2017,5,catalunya,raikkonen,ferrari,4,20,0,0.0,0,Collision damage
2017,6,monaco,vettel,ferrari,2,1,1,25.0,78,Finished
2017,6,monaco,raikkonen,ferrari,1,2,0,18.0,78,Finished
2017,6,monaco,ricciardo,red_bull,5,3,0,15.0,78,Finished
2017,6,monaco,bottas,mercedes,3,4,0,12.0,78,Finished
2017,6,monaco,max_verstappen,red_bull,4,5,0,10.0,78,Finished
2017,6,monaco,sainz,toro_rosso,6,6,0,8.0,78,Finished
2017,6,monaco,hamilton,mercedes,13,7,0,6.0,78,Finished
2017,6,monaco,grosjean,haas,8,8,0,4.0,78,Finished
2017,6,monaco,massa,williams,14,9,0,2.0,78,Finished
2017,6,monaco,kevin_magnussen,haas,11,10,0,1.0,78,Finished
2017,6,monaco,jolyon_palmer,renault,16,11,0,0.0,78,Finished
2017,6,monaco,ocon,force_india,15,12,0,0.0,78,Finished
2017,6,monaco,perez,force_india,7,13,0,0.0,78,Finished
2017,6,monaco,kvyat,toro_rosso,9,14,0,0.0,71,Collision damage
2017,6,monaco,stroll,williams,17,15,0,0.0,71,Brakes
2017,6,monaco,vandoorne,mclaren,12,16,0,0.0,66,Accident
2017,6,monaco,ericsson,sauber,19,17,0,0.0,63,Accident
2017,6,monaco,button,mclaren,20,18,0,0.0,57,Collision damage
2017,6,monaco,wehrlein,sauber,18,19,0,0.0,57,Collision
2017,6,monaco,hulkenberg,renault,10,20,0,0.0,15,Gearbox
2017,7,villeneuve,hamilton,mercedes,1,1,1,25.0,70,Finished
2017,7,villeneuve,bottas,mercedes,3,2,0,18.0,70,Finished
2017,7,villeneuve,ricciardo,red_bull,6,3,0,15.0,70,Finished
2017,7,villeneuve,vettel,ferrari,2,4,0,12.0,70,Finished
2017,7,villeneuve,perez,force_india,8,5,0,10.0,70,Finished
2017,7,villeneuve,ocon,force_india,9,6,0,8.0,70,Finished
2017,7,villeneuve,raikkonen,ferrari,4,7,0,6.0,70,Finished
2017,7,villeneuve,hulkenberg,renault,10,8,0,4.0,70,Finished
2017,7,villeneuve,stroll,williams,17,9,0,2.0,69,+1 Lap
2017,7,villeneuve,grosjean,haas,14,10,0,1.0,69,+1 Lap
2017,7,villeneuve,jolyon_palmer,renault,15,11,0,0.0,69,+1 Lap
2017,7,villeneuve,kevin_magnussen,haas,18,12,0,0.0,69,+1 Lap
2017,7,villeneuve,ericsson,sauber,19,13,0,0.0,69,+1 Lap
2017,7,villeneuve,vandoorne,mclaren,16,14,0,0.0,69,+1 Lap
2017,7,villeneuve,wehrlein,sauber,20,15,0,0.0,68,+2 Laps
2017,7,villeneuve,alonso,mclaren,12,16,0,0.0,66,Power Unit
2017,7,villeneuve,kvyat,toro_rosso,11,17,0,0.0,54,Power Unit
2017,7,villeneuve,max_verstappen,red_bull,5,18,0,0.0,10,Electrical
2017,7,villeneuve,massa,williams,7,19,0,0.0,0,Collision
2017,7,villeneuve,sainz,toro_rosso,13,20,0,0.0,0,Collision
2017,8,baku,ricciardo,red_bull,10,1,1,25.0,51,Finished
2017,8,baku,bottas,mercedes,2,2,0,18.0,51,Finished
2017,8,baku,stroll,williams,8,3,0,15.0,51,Finished
2017,8,baku,vettel,ferrari,4,4,0,12.0,51,Finished
2017,8,baku,hamilton,mercedes,1,5,0,10.0,51,Finished
2017,8,baku,ocon,force_india,7,6,0,8.0,51,Finished
2017,8,baku,kevin_magnussen,haas,12,7,0,6.0,51,Finished
2017,8,baku,sainz,toro_rosso,15,8,0,4.0,51,Finished
2017,8,baku,alonso,mclaren,19,9,0,2.0,51,Finished
2017,8,baku,wehrlein,sauber,14,10,0,1.0,51,Finished
2017,8,baku,ericsson,sauber,17,11,0,0.0,51,Finished
2017,8,baku,vandoorne,mclaren,18,12,0,0.0,51,Finished
2017,8,baku,grosjean,haas,16,13,0,0.0,50,+1 Lap
2017,8,baku,raikkonen,ferrari,3,14,0,0.0,46,Water pressure
2017,8,baku,perez,force_india,6,15,0,0.0,39,Seat
2017,8,baku,massa,williams,9,16,0,0.0,25,Suspension
2017,8,baku,hulkenberg,renault,13,17,0,0.0,24,Accident
2017,8,baku,max_verstappen,red_bull,5,18,0,0.0,12,Oil pressure
2017,8,baku,kvyat,toro_rosso,11,19,0,0.0,9,Battery
2017,8,baku,jolyon_palmer,renault,20,20,0,0.0,7,Power Unit
2017,9,red_bull_ring,bottas,mercedes,1,1,1,25.0,71,Finished
2017,9,red_bull_ring,vettel,ferrari,2,2,0,18.0,71,Finished
2017,9,red_bull_ring,ricciardo,red_bull,4,3,0,15.0,71,Finished
2017,9,red_bull_ring,hamilton,mercedes,8,4,0,12.0,71,Finished
2017,9,red_bull_ring,raikkonen,ferrari,3,5,0,10.0,71,Finished
2017,9,red_bull_ring,grosjean,haas,6,6,0,8.0,71,Finished
2017,9,red_bull_ring,perez,force_india,7,7,0,6.0,70,+1 Lap
2017,9,red_bull_ring,ocon,force_india,9,8,0,4.0,70,+1 Lap
2017,9,red_bull_ring,massa,williams,17,9,0,2.0,70,+1 Lap
2017,9,red_bull_ring,stroll,williams,18,10,0,1.0,70,+1 Lap
2017,9,red_bull_ring,jolyon_palmer,renault,16,11,0,0.0,70,+1 Lap
2017,9,red_bull_ring,vandoorne,mclaren,13,12,0,0.0,70,+1 Lap
2017,9,red_bull_ring,hulkenberg,renault,11,13,0,0.0,70,+1 Lap
2017,9,red_bull_ring,wehrlein,sauber,20,14,0,0.0,70,+1 Lap
2017,9,red_bull_ring,ericsson,sauber,19,15,0,0.0,69,+2 Laps
2017,9,red_bull_ring,kvyat,toro_rosso,14,16,0,0.0,68,+3 Laps
2017,9,red_bull_ring,sainz,toro_rosso,10,17,0,0.0,44,Engine
2017,9,red_bull_ring,kevin_magnussen,haas,15,18,0,0.0,29,Hydraulics
2017,9,red_bull_ring,alonso,mclaren,12,19,0,0.0,1,Collision damage
2017,9,red_bull_ring,max_verstappen,red_bull,5,20,0,0.0,0,Collision damage
2017,10,silverstone,hamilton,mercedes,1,1,1,25.0,51,Finished
2017,10,silverstone,bottas,mercedes,9,2,0,18.0,51,Finished
2017,10,silverstone,raikkonen,ferrari,2,3,0,15.0,51,Finished
2017,10,silverstone,max_verstappen,red_bull,4,4,0,12.0,51,Finished
2017,10,silverstone,ricciardo,red_bull,19,5,0,10.0,51,Finished
2017,10,silverstone,hulkenberg,renault,5,6,0,8.0,51,Finished
2017,10,silverstone,vettel,ferrari,3,7,0,6.0,51,Finished
2017,10,silverstone,ocon,force_india,7,8,0,4.0,50,+1 Lap
2017,10,silverstone,perez,force_india,6,9,0,2.0,50,+1 Lap
2017,10,silverstone,massa,williams,14,10,0,1.0,50,+1 Lap
2017,10,silverstone,vandoorne,mclaren,8,11,0,0.0,50,+1 Lap
2017,10,silverstone,kevin_magnussen,haas,16,12,0,0.0,50,+1 Lap
2017,10,silverstone,grosjean,haas,10,13,0,0.0,50,+1 Lap
2017,10,silverstone,ericsson,sauber,18,14,0,0.0,50,+1 Lap
2017,10,silverstone,kvyat,toro_rosso,12,15,0,0.0,50,+1 Lap
2017,10,silverstone,stroll,williams,15,16,0,0.0,50,+1 Lap
2017,10,silverstone,wehrlein,sauber,17,17,0,0.0,50,+1 Lap
2017,10,silverstone,alonso,mclaren,20,18,0,0.0,32,Power Unit
2017,10,silverstone,sainz,toro_rosso,13,19,0,0.0,0,Collision damage
2017,10,silverstone,jolyon_palmer,renault,11,20,0,0.0,0,Hydraulics
2017,11,hungaroring,vettel,ferrari,1,1,1,25.0,70,Finished
2017,11,hungaroring,raikkonen,ferrari,2,2,0,18.0,70,Finished
2017,11,hungaroring,bottas,mercedes,3,3,0,15.0,70,Finished
2017,11,hungaroring,hamilton,mercedes,4,4,0,12.0,70,Finished
2017,11,hungaroring,max_verstappen,red_bull,5,5,0,10.0,70,Finished
2017,11,hungaroring,alonso,mclaren,7,6,0,8.0,70,Finished
2017,11,hungaroring,sainz,toro_rosso,9,7,0,6.0,69,+1 Lap
2017,11,hungaroring,perez,force_india,13,8,0,4.0,69,+1 Lap
2017,11,hungaroring,ocon,force_india,11,9,0,2.0,69,+1 Lap
2017,11,hungaroring,vandoorne,mclaren,8,10,0,1.0,69,+1 Lap
2017,11,hungaroring,kvyat,toro_rosso,16,11,0,0.0,69,+1 Lap
2017,11,hungaroring,jolyon_palmer,renault,10,12,0,0.0,69,+1 Lap
2017,11,hungaroring,kevin_magnussen,haas,15,13,0,0.0,69,+1 Lap
2017,11,hungaroring,stroll,williams,17,14,0,0.0,69,+1 Lap
2017,11,hungaroring,wehrlein,sauber,18,15,0,0.0,68,+2 Laps
2017,11,hungaroring,ericsson,sauber,20,16,0,0.0,68,+2 Laps
2017,11,hungaroring,hulkenberg,renault,12,17,0,0.0,67,Brakes
2017,11,hungaroring,resta,williams,19,18,0,0.0,60,Oil leak
2017,11,hungaroring,grosjean,haas,14,19,0,0.0,20,Wheel nut
2017,11,hungaroring,ricciardo,red_bull,6,20,0,0.0,0,Collision
2017,12,spa,hamilton,mercedes,1,1,1,25.0,44,Finished
2017,12,spa,vettel,ferrari,2,2,0,18.0,44,Finished
2017,12,spa,ricciardo,red_bull,6,3,0,15.0,44,Finished
2017,12,spa,raikkonen,ferrari,4,4,0,12.0,44,Finished
2017,12,spa,bottas,mercedes,3,5,0,10.0,44,Finished
2017,12,spa,hulkenberg,renault,7,6,0,8.0,44,Finished
2017,12,spa,grosjean,haas,11,7,0,6.0,44,Finished
2017,12,spa,massa,williams,16,8,0,4.0,44,Finished
2017,12,spa,ocon,force_india,9,9,0,2.0,44,Finished
2017,12,spa,sainz,toro_rosso,13,10,0,1.0,44,Finished
2017,12,spa,stroll,williams,15,11,0,0.0,44,Finished
2017,12,spa,kvyat,toro_rosso,19,12,0,0.0,44,Finished
2017,12,spa,jolyon_palmer,renault,14,13,0,0.0,44,Finished
2017,12,spa,vandoorne,mclaren,20,14,0,0.0,44,Finished
2017,12,spa,kevin_magnussen,haas,12,15,0,0.0,44,Finished
2017,12,spa,ericsson,sauber,17,16,0,0.0,44,Finished
2017,12,spa,perez,force_india,8,17,0,0.0,42,Gearbox
2017,12,spa,alonso,mclaren,10,18,0,0.0,25,Engine
2017,12,spa,max_verstappen,red_bull,5,19,0,0.0,7,Engine
2017,12,spa,wehrlein,sauber,18,20,0,0.0,2,Collision
2017,13,monza,hamilton,mercedes,1,1,1,25.0,53,Finished
2017,13,monza,bottas,mercedes,4,2,0,18.0,53,Finished
2017,13,monza,vettel,ferrari,6,3,0,15.0,53,Finished
2017,13,monza,ricciardo,red_bull,16,4,0,12.0,53,Finished
2017,13,monza,raikkonen,ferrari,5,5,0,10.0,53,Finished
2017,13,monza,ocon,force_india,3,6,0,8.0,53,Finished
2017,13,monza,stroll,williams,2,7,0,6.0,53,Finished
2017,13,monza,massa,williams,7,8,0,4.0,53,Finished
2017,13,monza,perez,force_india,10,9,0,2.0,53,Finished
2017,13,monza,max_verstappen,red_bull,13,10,0,1.0,52,+1 Lap
2017,13,monza,kevin_magnussen,haas,9,11,0,0.0,52,+1 Lap
2017,13,monza,kvyat,toro_rosso,8,12,0,0.0,52,+1 Lap
2017,13,monza,hulkenberg,renault,14,13,0,0.0,52,+1 Lap
2017,13,monza,sainz,toro_rosso,15,14,0,0.0,52,+1 Lap
2017,13,monza,grosjean,haas,20,15,0,0.0,52,+1 Lap
2017,13,monza,wehrlein,sauber,12,16,0,0.0,51,+2 Laps
2017,13,monza,alonso,mclaren,19,17,0,0.0,50,Gearbox
2017,13,monza,ericsson,sauber,11,18,0,0.0,49,Gearbox
2017,13,monza,vandoorne,mclaren,18,19,0,0.0,33,Engine
2017,13,monza,jolyon_palmer,renault,17,20,0,0.0,29,Engine
2017,14,marina_bay,hamilton,mercedes,5,1,1,25.0,58,Finished
2017,14,marina_bay,ricciardo,red_bull,3,2,0,18.0,58,Finished
2017,14,marina_bay,bottas,mercedes,6,3,0,15.0,58,Finished
2017,14,marina_bay,sainz,toro_rosso,10,4,0,12.0,58,Finished
2017,14,marina_bay,perez,force_india,12,5,0,10.0,58,Finished
2017,14,marina_bay,jolyon_palmer,renault,11,6,0,8.0,58,Finished
2017,14,marina_bay,vandoorne,mclaren,9,7,0,6.0,58,Finished
2017,14,marina_bay,stroll,williams,18,8,0,4.0,58,Finished
2017,14,marina_bay,grosjean,haas,15,9,0,2.0,58,Finished
2017,14,marina_bay,ocon,force_india,14,10,0,1.0,58,Finished
2017,14,marina_bay,massa,williams,17,11,0,0.0,58,Finished
2017,14,marina_bay,wehrlein,sauber,19,12,0,0.0,56,+2 Laps
2017,14,marina_bay,kevin_magnussen,haas,16,13,0,0.0,50,Engine
2017,14,marina_bay,hulkenberg,renault,7,14,0,0.0,48,Engine
2017,14,marina_bay,ericsson,sauber,20,15,0,0.0,35,Accident
2017,14,marina_bay,kvyat,toro_rosso,13,16,0,0.0,10,Accident
2017,14,marina_bay,alonso,mclaren,8,17,0,0.0,8,Collision damage
2017,14,marina_bay,vettel,ferrari,1,18,0,0.0,0,Accident
2017,14,marina_bay,max_verstappen,red_bull,2,19,0,0.0,0,Accident
2017,14,marina_bay,raikkonen,ferrari,4,20,0,0.0,0,Accident
2017,15,sepang,max_verstappen,red_bull,3,1,1,25.0,56,Finished
2017,15,sepang,hamilton,mercedes,1,2,0,18.0,56,Finished
2017,15,sepang,ricciardo,red_bull,4,3,0,15.0,56,Finished
2017,15,sepang,vettel,ferrari,20,4,0,12.0,56,Finished
2017,15,sepang,bottas,mercedes,5,5,0,10.0,56,Finished
2017,15,sepang,perez,force_india,9,6,0,8.0,56,Finished
2017,15,sepang,vandoorne,mclaren,7,7,0,6.0,55,+1 Lap
2017,15,sepang,stroll,williams,13,8,0,4.0,55,+1 Lap
2017,15,sepang,massa,williams,11,9,0,2.0,55,+1 Lap
2017,15,sepang,ocon,force_india,6,10,0,1.0,55,+1 Lap
2017,15,sepang,alonso,mclaren,10,11,0,0.0,55,+1 Lap
2017,15,sepang,kevin_magnussen,haas,17,12,0,0.0,55,+1 Lap
2017,15,sepang,grosjean,haas,16,13,0,0.0,55,+1 Lap
2017,15,sepang,gasly,toro_rosso,15,14,0,0.0,55,+1 Lap
2017,15,sepang,jolyon_palmer,renault,12,15,0,0.0,55,+1 Lap
2017,15,sepang,hulkenberg,renault,8,16,0,0.0,55,+1 Lap
2017,15,sepang,wehrlein,sauber,18,17,0,0.0,55,+1 Lap
2017,15,sepang,ericsson,sauber,19,18,0,0.0,54,+2 Laps
2017,15,sepang,sainz,toro_rosso,14,19,0,0.0,29,Engine
2017,15,sepang,raikkonen,ferrari,0,20,0,0.0,0,Battery
2017,16,suzuka,hamilton,mercedes,1,1,1,25.0,53,Finished
2017,16,suzuka,max_verstappen,red_bull,4,2,0,18.0,53,Finished
2017,16,suzuka,ricciardo,red_bull,3,3,0,15.0,53,Finished
2017,16,suzuka,bottas,mercedes,6,4,0,12.0,53,Finished
2017,16,suzuka,raikkonen,ferrari,10,5,0,10.0,53,Finished
2017,16,suzuka,ocon,force_india,5,6,0,8.0,53,Finished
2017,16,suzuka,perez,force_india,7,7,0,6.0,53,Finished
2017,16,suzuka,kevin_magnussen,haas,12,8,0,4.0,53,Finished
2017,16,suzuka,grosjean,haas,13,9,0,2.0,53,Finished
2017,16,suzuka,massa,williams,8,10,0,1.0,52,+1 Lap
2017,16,suzuka,alonso,mclaren,20,11,0,0.0,52,+1 Lap
2017,16,suzuka,jolyon_palmer,renault,18,12,0,0.0,52,+1 Lap
2017,16,suzuka,gasly,toro_rosso,14,13,0,0.0,52,+1 Lap
2017,16,suzuka,vandoorne,mclaren,9,14,0,0.0,52,+1 Lap
2017,16,suzuka,wehrlein,sauber,17,15,0,0.0,51,+2 Laps
2017,16,suzuka,stroll,williams,15,16,0,0.0,45,Wheel
2017,16,suzuka,hulkenberg,renault,11,17,0,0.0,40,Front wing
2017,16,suzuka,ericsson,sauber,16,18,0,0.0,7,Accident
2017,16,suzuka,vettel,ferrari,2,19,0,0.0,4,Spark plugs
2017,16,suzuka,sainz,toro_rosso,19,20,0,0.0,0,Accident
2017,17,americas,hamilton,mercedes,1,1,1,25.0,56,Finished
2017,17,americas,vettel,ferrari,2,2,0,18.0,56,Finished
2017,17,americas,raikkonen,ferrari,5,3,0,15.0,56,Finished
2017,17,americas,max_verstappen,red_bull,16,4,0,12.0,56,Finished
2017,17,americas,bottas,mercedes,3,5,0,10.0,56,Finished
2017,17,americas,ocon,force_india,6,6,0,8.0,56,Finished
2017,17,americas,sainz,renault,7,7,0,6.0,56,Finished
2017,17,americas,perez,force_india,9,8,0,4.0,55,+1 Lap
2017,17,americas,massa,williams,10,9,0,2.0,55,+1 Lap
2017,17,americas,kvyat,toro_rosso,11,10,0,1.0,55,+1 Lap
2017,17,americas,stroll,williams,15,11,0,0.0,55,+1 Lap
2017,17,americas,vandoorne,mclaren,20,12,0,0.0,55,+1 Lap
2017,17,americas,brendon_hartley,toro_rosso,19,13,0,0.0,55,+1 Lap
2017,17,americas,grosjean,haas,12,14,0,0.0,55,+1 Lap
2017,17,americas,ericsson,sauber,13,15,0,0.0,55,+1 Lap
2017,17,americas,kevin_magnussen,haas,17,16,0,0.0,55,+1 Lap
2017,17,americas,alonso,mclaren,8,17,0,0.0,24,Engine
2017,17,americas,ricciardo,red_bull,4,18,0,0.0,14,Engine
2017,17,americas,wehrlein,sauber,14,19,0,0.0,5,Collision
2017,17,americas,hulkenberg,renault,18,20,0,0.0,3,Engine
2017,18,rodriguez,max_verstappen,red_bull,2,1,1,25.0,71,Finished
2017,18,rodriguez,bottas,mercedes,4,2,0,18.0,71,Finished
2017,18,rodriguez,raikkonen,ferrari,5,3,0,15.0,71,Finished
2017,18,rodriguez,vettel,ferrari,1,4,0,12.0,71,Finished
2017,18,rodriguez,ocon,force_india,6,5,0,10.0,70,+1 Lap
2017,18,rodriguez,stroll,williams,11,6,0,8.0,70,+1 Lap
2017,18,rodriguez,perez,force_india,9,7,0,6.0,70,+1 Lap
2017,18,rodriguez,kevin_magnussen,haas,14,8,0,4.0,70,+1 Lap
2017,18,rodriguez,hamilton,mercedes,3,9,0,2.0,70,+1 Lap
2017,18,rodriguez,alonso,mclaren,18,10,0,1.0,70,+1 Lap
2017,18,rodriguez,massa,williams,10,11,0,0.0,70,+1 Lap
2017,18,rodriguez,vandoorne,mclaren,19,12,0,0.0,70,+1 Lap
2017,18,rodriguez,gasly,toro_rosso,20,13,0,0.0,70,+1 Lap
2017,18,rodriguez,wehrlein,sauber,13,14,0,0.0,69,+2 Laps
2017,18,rodriguez,grosjean,haas,15,15,0,0.0,69,+2 Laps
2017,18,rodriguez,sainz,renault,8,16,0,0.0,59,Engine
2017,18,rodriguez,ericsson,sauber,12,17,0,0.0,55,Engine
2017,18,rodriguez,brendon_hartley,toro_rosso,17,18,0,0.0,30,Engine
2017,18,rodriguez,hulkenberg,renault,7,19,0,0.0,24,Electrical
2017,18,rodriguez,ricciardo,red_bull,16,20,0,0.0,5,Engine
2017,19,interlagos,vettel,ferrari,2,1,1,25.0,71,Finished
2017,19,interlagos,bottas,mercedes,1,2,0,18.0,71,Finished
2017,19,interlagos,raikkonen,ferrari,3,3,0,15.0,71,Finished
2017,19,interlagos,hamilton,mercedes,20,4,0,12.0,71,Finished
2017,19,interlagos,max_verstappen,red_bull,4,5,0,10.0,71,Finished
2017,19,interlagos,ricciardo,red_bull,14,6,0,8.0,71,Finished
2017,19,interlagos,massa,williams,9,7,0,6.0,71,Finished
2017,19,interlagos,alonso,mclaren,6,8,0,4.0,71,Finished
2017,19,interlagos,perez,force_india,5,9,0,2.0,71,Finished
2017,19,interlagos,hulkenberg,renault,7,10,0,1.0,70,+1 Lap
2017,19,interlagos,sainz,renault,8,11,0,0.0,70,+1 Lap
2017,19,interlagos,gasly,toro_rosso,19,12,0,0.0,70,+1 Lap
2017,19,interlagos,ericsson,sauber,17,13,0,0.0,70,+1 Lap
2017,19,interlagos,wehrlein,sauber,15,14,0,0.0,70,+1 Lap
2017,19,interlagos,grosjean,haas,11,15,0,0.0,69,+2 Laps
2017,19,interlagos,stroll,williams,16,16,0,0.0,69,+2 Laps
2017,19,interlagos,brendon_hartley,toro_rosso,18,17,0,0.0,40,Engine
2017,19,interlagos,ocon,force_india,10,18,0,0.0,0,Accident
2017,19,interlagos,vandoorne,mclaren,12,19,0,0.0,0,Accident
2017,19,interlagos,kevin_magnussen,haas,13,20,0,0.0,0,Accident
2017,20,yas_marina,bottas,mercedes,1,1,1,25.0,55,Finished
2017,20,yas_marina,hamilton,mercedes,2,2,0,18.0,55,Finished
2017,20,yas_marina,vettel,ferrari,3,3,0,15.0,55,Finished
2017,20,yas_marina,raikkonen,ferrari,5,4,0,12.0,55,Finished
2017,20,yas_marina,max_verstappen,red_bull,6,5,0,10.0,55,Finished
2017,20,yas_marina,hulkenberg,renault,7,6,0,8.0,55,Finished
2017,20,yas_marina,perez,force_india,8,7,0,6.0,55,Finished
2017,20,yas_marina,ocon,force_india,9,8,0,4.0,55,Finished
2017,20,yas_marina,alonso,mclaren,11,9,0,2.0,54,+1 Lap
2017,20,yas_marina,massa,williams,10,10,0,1.0,54,+1 Lap
2017,20,yas_marina,grosjean,haas,16,11,0,0.0,54,+1 Lap
2017,20,yas_marina,vandoorne,mclaren,13,12,0,0.0,54,+1 Lap
2017,20,yas_marina,kevin_magnussen,haas,14,13,0,0.0,54,+1 Lap
2017,20,yas_marina,wehrlein,sauber,18,14,0,0.0,54,+1 Lap
2017,20,yas_marina,brendon_hartley,toro_rosso,20,15,0,0.0,54,+1 Lap
2017,20,yas_marina,gasly,toro_rosso,17,16,0,0.0,54,+1 Lap
2017,20,yas_marina,ericsson,sauber,19,17,0,0.0,54,+1 Lap
2017,20,yas_marina,stroll,williams,15,18,0,0.0,54,+1 Lap
2017,20,yas_marina,sainz,renault,12,19,0,0.0,31,Wheel
2017,20,yas_marina,ricciardo,red_bull,4,20,0,0.0,20,Hydraulics
2018,1,albert_park,vettel,ferrari,3,1,1,25.0,58,Finished
2018,1,albert_park,hamilton,mercedes,1,2,0,18.0,58,Finished
2018,1,albert_park,raikkonen,ferrari,2,3,0,15.0,58,Finished
2018,1,albert_park,ricciardo,red_bull,8,4,0,12.0,58,Finished
2018,1,albert_park,alonso,mclaren,10,5,0,10.0,58,Finished
2018,1,albert_park,max_verstappen,red_bull,4,6,0,8.0,58,Finished
2018,1,albert_park,hulkenberg,renault,7,7,0,6.0,58,Finished
2018,1,albert_park,bottas,mercedes,15,8,0,4.0,58,Finished
2018,1,albert_park,vandoorne,mclaren,11,9,0,2.0,58,Finished
2018,1,albert_park,sainz,renault,9,10,0,1.0,58,Finished
2018,1,albert_park,perez,force_india,12,11,0,0.0,58,Finished
2018,1,albert_park,ocon,force_india,14,12,0,0.0,58,Finished
2018,1,albert_park,leclerc,sauber,18,13,0,0.0,58,Finished
2018,1,albert_park,stroll,williams,13,14,0,0.0,58,Finished
2018,1,albert_park,brendon_hartley,toro_rosso,16,15,0,0.0,57,+1 Lap
2018,1,albert_park,grosjean,haas,6,16,0,0.0,24,Wheel
2018,1,albert_park,kevin_magnussen,haas,5,17,0,0.0,22,Wheel
2018,1,albert_park,gasly,toro_rosso,20,18,0,0.0,13,Engine
2018,1,albert_park,ericsson,sauber,17,19,0,0.0,5,Steering
2018,1,albert_park,sirotkin,williams,19,20,0,0.0,4,Brakes
2018,2,bahrain,vettel,ferrari,1,1,1,25.0,57,Finished
2018,2,bahrain,bottas,mercedes,3,2,0,18.0,57,Finished
2018,2,bahrain,hamilton,mercedes,9,3,0,15.0,57,Finished
2018,2,bahrain,gasly,toro_rosso,5,4,0,12.0,57,Finished
2018,2,bahrain,kevin_magnussen,haas,6,5,0,10.0,57,Finished
2018,2,bahrain,hulkenberg,renault,7,6,0,8.0,57,Finished
2018,2,bahrain,alonso,mclaren,13,7,0,6.0,56,+1 Lap
2018,2,bahrain,vandoorne,mclaren,14,8,0,4.0,56,+1 Lap
2018,2,bahrain,ericsson,sauber,17,9,0,2.0,56,+1 Lap
2018,2,bahrain,ocon,force_india,8,10,0,1.0,56,+1 Lap
2018,2,bahrain,sainz,renault,10,11,0,0.0,56,+1 Lap
2018,2,bahrain,leclerc,sauber,19,12,0,0.0,56,+1 Lap
2018,2,bahrain,grosjean,haas,16,13,0,0.0,56,+1 Lap
2018,2,bahrain,stroll,williams,20,14,0,0.0,56,+1 Lap
2018,2,bahrain,sirotkin,williams,18,15,0,0.0,56,+1 Lap
2018,2,bahrain,perez,force_india,12,16,0,0.0,56,+1 Lap
2018,2,bahrain,brendon_hartley,toro_rosso,11,17,0,0.0,56,+1 Lap
2018,2,bahrain,raikkonen,ferrari,2,18,0,0.0,35,Wheel
2018,2,bahrain,max_verstappen,red_bull,15,19,0,0.0,3,Puncture
2018,2,bahrain,ricciardo,red_bull,4,20,0,0.0,1,Electrical
2018,3,shanghai,ricciardo,red_bull,6,1,1,25.0,56,Finished
2018,3,shanghai,bottas,mercedes,3,2,0,18.0,56,Finished
2018,3,shanghai,raikkonen,ferrari,2,3,0,15.0,56,Finished
2018,3,shanghai,hamilton,mercedes,4,4,0,12.0,56,Finished
2018,3,shanghai,max_verstappen,red_bull,5,5,0,10.0,56,Finished
2018,3,shanghai,hulkenberg,renault,7,6,0,8.0,56,Finished
2018,3,shanghai,alonso,mclaren,13,7,0,6.0,56,Finished
2018,3,shanghai,vettel,ferrari,1,8,0,4.0,56,Finished
2018,3,shanghai,sainz,renault,9,9,0,2.0,56,Finished
2018,3,shanghai,kevin_magnussen,haas,11,10,0,1.0,56,Finished
2018,3,shanghai,ocon,force_india,12,11,0,0.0,56,Finished
2018,3,shanghai,perez,force_india,8,12,0,0.0,56,Finished
2018,3,shanghai,vandoorne,mclaren,14,13,0,0.0,56,Finished
2018,3,shanghai,stroll,williams,18,14,0,0.0,56,Finished
2018,3,shanghai,sirotkin,williams,16,15,0,0.0,56,Finished
2018,3,shanghai,ericsson,sauber,20,16,0,0.0,56,Finished
2018,3,shanghai,grosjean,haas,10,17,0,0.0,56,Finished
2018,3,shanghai,gasly,toro_rosso,17,18,0,0.0,56,Finished
2018,3,shanghai,leclerc,sauber,19,19,0,0.0,56,Finished
2018,3,shanghai,brendon_hartley,toro_rosso,15,20,0,0.0,51,Collision damage
2018,4,baku,hamilton,mercedes,2,1,1,25.0,51,Finished
2018,4,baku,raikkonen,ferrari,6,2,0,18.0,51,Finished
2018,4,baku,perez,force_india,8,3,0,15.0,51,Finished
2018,4,baku,vettel,ferrari,1,4,0,12.0,51,Finished
2018,4,baku,sainz,renault,9,5,0,10.0,51,Finished
2018,4,baku,leclerc,sauber,13,6,0,8.0,51,Finished
2018,4,baku,alonso,mclaren,12,7,0,6.0,51,Finished
2018,4,baku,stroll,williams,10,8,0,4.0,51,Finished
2018,4,baku,vandoorne,mclaren,16,9,0,2.0,51,Finished
2018,4,baku,brendon_hartley,toro_rosso,19,10,0,1.0,51,Finished
2018,4,baku,ericsson,sauber,18,11,0,0.0,51,Finished
2018,4,baku,gasly,toro_rosso,17,12,0,0.0,51,Finished
2018,4,baku,kevin_magnussen,haas,15,13,0,0.0,51,Finished
2018,4,baku,bottas,mercedes,3,14,0,0.0,48,Puncture
2018,4,baku,grosjean,haas,20,15,0,0.0,42,Accident
2018,4,baku,max_verstappen,red_bull,5,16,0,0.0,39,Collision
2018,4,baku,ricciardo,red_bull,4,17,0,0.0,39,Collision
2018,4,baku,hulkenberg,renault,14,18,0,0.0,10,Accident
2018,4,baku,ocon,force_india,7,19,0,0.0,0,Collision
2018,4,baku,sirotkin,williams,11,20,0,0.0,0,Collision
2018,5,catalunya,hamilton,mercedes,1,1,1,25.0,66,Finished
2018,5,catalunya,bottas,mercedes,2,2,0,18.0,66,Finished
2018,5,catalunya,max_verstappen,red_bull,5,3,0,15.0,66,Finished
2018,5,catalunya,vettel,ferrari,3,4,0,12.0,66,Finished
2018,5,catalunya,ricciardo,red_bull,6,5,0,10.0,66,Finished
2018,5,catalunya,kevin_magnussen,haas,7,6,0,8.0,65,+1 Lap
2018,5,catalunya,sainz,renault,9,7,0,6.0,65,+1 Lap
2018,5,catalunya,alonso,mclaren,8,8,0,4.0,65,+1 Lap
2018,5,catalunya,perez,force_india,15,9,0,2.0,64,+2 Laps
2018,5,catalunya,leclerc,sauber,14,10,0,1.0,64,+2 Laps
2018,5,catalunya,stroll,williams,18,11,0,0.0,64,+2 Laps
2018,5,catalunya,brendon_hartley,toro_rosso,20,12,0,0.0,64,+2 Laps
2018,5,catalunya,ericsson,sauber,17,13,0,0.0,64,+2 Laps
2018,5,catalunya,sirotkin,williams,19,14,0,0.0,63,+3 Laps
2018,5,catalunya,vandoorne,mclaren,11,15,0,0.0,45,Gearbox
2018,5,catalunya,ocon,force_india,13,16,0,0.0,38,Oil leak
2018,5,catalunya,raikkonen,ferrari,4,17,0,0.0,25,Turbo
2018,5,catalunya,grosjean,haas,10,18,0,0.0,0,Collision
2018,5,catalunya,gasly,toro_rosso,12,19,0,0.0,0,Collision
2018,5,catalunya,hulkenberg,renault,16,20,0,0.0,0,Collision
2018,6,monaco,ricciardo,red_bull,1,1,1,25.0,78,Finished
2018,6,monaco,vettel,ferrari,2,2,0,18.0,78,Finished
2018,6,monaco,hamilton,mercedes,3,3,0,15.0,78,Finished
2018,6,monaco,raikkonen,ferrari,4,4,0,12.0,78,Finished
2018,6,monaco,bottas,mercedes,5,5,0,10.0,78,Finished
2018,6,monaco,ocon,force_india,6,6,0,8.0,78,Finished
2018,6,monaco,gasly,toro_rosso,10,7,0,6.0,78,Finished
2018,6,monaco,hulkenberg,renault,11,8,0,4.0,78,Finished
2018,6,monaco,max_verstappen,red_bull,20,9,0,2.0,78,Finished
2018,6,monaco,sainz,renault,8,10,0,1.0,78,Finished
2018,6,monaco,ericsson,sauber,16,11,0,0.0,78,Finished
2018,6,monaco,perez,force_india,9,12,0,0.0,78,Finished
2018,6,monaco,kevin_magnussen,haas,19,13,0,0.0,78,Finished
2018,6,monaco,vandoorne,mclaren,12,14,0,0.0,77,+1 Lap
2018,6,monaco,grosjean,haas,18,15,0,0.0,77,+1 Lap
2018,6,monaco,sirotkin,williams,13,16,0,0.0,77,+1 Lap
2018,6,monaco,stroll,williams,17,17,0,0.0,76,+2 Laps
2018,6,monaco,leclerc,sauber,14,18,0,0.0,70,Collision
2018,6,monaco,brendon_hartley,toro_rosso,15,19,0,0.0,70,Collision
2018,6,monaco,alonso,mclaren,7,20,0,0.0,52,Gearbox
2018,7,villeneuve,vettel,ferrari,1,1,1,25.0,68,Finished
2018,7,villeneuve,bottas,mercedes,2,2,0,18.0,68,Finished
2018,7,villeneuve,max_verstappen,red_bull,3,3,0,15.0,68,Finished
2018,7,villeneuve,ricciardo,red_bull,6,4,0,12.0,68,Finished
2018,7,villeneuve,hamilton,mercedes,4,5,0,10.0,68,Finished
2018,7,villeneuve,raikkonen,ferrari,5,6,0,8.0,68,Finished
2018,7,villeneuve,hulkenberg,renault,7,7,0,6.0,67,+1 Lap
2018,7,villeneuve,sainz,renault,9,8,0,4.0,67,+1 Lap
2018,7,villeneuve,ocon,force_india,8,9,0,2.0,67,+1 Lap
2018,7,villeneuve,leclerc,sauber,13,10,0,1.0,67,+1 Lap
2018,7,villeneuve,gasly,toro_rosso,16,11,0,0.0,67,+1 Lap
2018,7,villeneuve,grosjean,haas,20,12,0,0.0,67,+1 Lap
2018,7,villeneuve,kevin_magnussen,haas,11,13,0,0.0,67,+1 Lap
2018,7,villeneuve,perez,force_india,10,14,0,0.0,67,+1 Lap
2018,7,villeneuve,ericsson,sauber,19,15,0,0.0,66,+2 Laps
2018,7,villeneuve,vandoorne,mclaren,15,16,0,0.0,66,+2 Laps
2018,7,villeneuve,sirotkin,williams,18,17,0,0.0,66,+2 Laps
2018,7,villeneuve,alonso,mclaren,14,18,0,0.0,40,Exhaust
2018,7,villeneuve,brendon_hartley,toro_rosso,12,19,0,0.0,0,Collision
2018,7,villeneuve,stroll,williams,17,20,0,0.0,0,Collision
2018,8,ricard,hamilton,mercedes,1,1,1,25.0,53,Finished
2018,8,ricard,max_verstappen,red_bull,4,2,0,18.0,53,Finished
2018,8,ricard,raikkonen,ferrari,6,3,0,15.0,53,Finished
2018,8,ricard,ricciardo,red_bull,5,4,0,12.0,53,Finished
2018,8,ricard,vettel,ferrari,3,5,0,10.0,53,Finished
2018,8,ricard,kevin_magnussen,haas,9,6,0,8.0,53,Finished
2018,8,ricard,bottas,mercedes,2,7,0,6.0,53,Finished
2018,8,ricard,sainz,renault,7,8,0,4.0,53,Finished
2018,8,ricard,hulkenberg,renault,12,9,0,2.0,53,Finished
2018,8,ricard,leclerc,sauber,8,10,0,1.0,53,Finished
2018,8,ricard,grosjean,haas,10,11,0,0.0,52,+1 Lap
2018,8,ricard,vandoorne,mclaren,17,12,0,0.0,52,+1 Lap
2018,8,ricard,ericsson,sauber,15,13,0,0.0,52,+1 Lap
2018,8,ricard,brendon_hartley,toro_rosso,20,14,0,0.0,52,+1 Lap
2018,8,ricard,sirotkin,williams,18,15,0,0.0,52,+1 Lap
2018,8,ricard,alonso,mclaren,16,16,0,0.0,50,Wheel
2018,8,ricard,stroll,williams,19,17,0,0.0,48,Puncture
2018,8,ricard,perez,force_india,13,18,0,0.0,27,Engine
2018,8,ricard,ocon,force_india,11,19,0,0.0,0,Collision
2018,8,ricard,gasly,toro_rosso,14,20,0,0.0,0,Collision
2018,9,red_bull_ring,max_verstappen,red_bull,4,1,1,25.0,71,Finished
2018,9,red_bull_ring,raikkonen,ferrari,3,2,0,18.0,71,Finished
2018,9,red_bull_ring,vettel,ferrari,6,3,0,15.0,71,Finished
2018,9,red_bull_ring,grosjean,haas,5,4,0,12.0,70,+1 Lap
2018,9,red_bull_ring,kevin_magnussen,haas,8,5,0,10.0,70,+1 Lap
2018,9,red_bull_ring,ocon,force_india,11,6,0,8.0,70,+1 Lap
2018,9,red_bull_ring,perez,force_india,16,7,0,6.0,70,+1 Lap
2018,9,red_bull_ring,alonso,mclaren,13,8,0,4.0,70,+1 Lap
2018,9,red_bull_ring,leclerc,sauber,18,9,0,2.0,70,+1 Lap
2018,9,red_bull_ring,ericsson,sauber,20,10,0,1.0,70,+1 Lap
2018,9,red_bull_ring,gasly,toro_rosso,12,11,0,0.0,70,+1 Lap
2018,9,red_bull_ring,sainz,renault,9,12,0,0.0,70,+1 Lap
2018,9,red_bull_ring,sirotkin,williams,17,13,0,0.0,69,+2 Laps
2018,9,red_bull_ring,stroll,williams,14,14,0,0.0,69,+2 Laps
2018,9,red_bull_ring,vandoorne,mclaren,15,15,0,0.0,65,Collision damage
2018,9,red_bull_ring,hamilton,mercedes,2,16,0,0.0,62,Fuel pressure
2018,9,red_bull_ring,brendon_hartley,toro_rosso,19,17,0,0.0,54,Hydraulics
2018,9,red_bull_ring,ricciardo,red_bull,7,18,0,0.0,53,Exhaust
2018,9,red_bull_ring,bottas,mercedes,1,19,0,0.0,13,Hydraulics
2018,9,red_bull_ring,hulkenberg,renault,10,20,0,0.0,11,Engine
2018,10,silverstone,vettel,ferrari,2,1,1,25.0,52,Finished
2018,10,silverstone,hamilton,mercedes,1,2,0,18.0,52,Finished
2018,10,silverstone,raikkonen,ferrari,3,3,0,15.0,52,Finished
2018,10,silverstone,bottas,mercedes,4,4,0,12.0,52,Finished
2018,10,silverstone,ricciardo,red_bull,6,5,0,10.0,52,Finished
2018,10,silverstone,hulkenberg,renault,11,6,0,8.0,52,Finished
2018,10,silverstone,ocon,force_india,10,7,0,6.0,52,Finished
2018,10,silverstone,alonso,mclaren,13,8,0,4.0,52,Finished
2018,10,silverstone,kevin_magnussen,haas,7,9,0,2.0,52,Finished
2018,10,silverstone,perez,force_india,12,10,0,1.0,52,Finished
2018,10,silverstone,vandoorne,mclaren,17,11,0,0.0,52,Finished
2018,10,silverstone,stroll,williams,19,12,0,0.0,52,Finished
2018,10,silverstone,gasly,toro_rosso,14,13,0,0.0,52,Finished
2018,10,silverstone,sirotkin,williams,18,14,0,0.0,52,Finished
2018,10,silverstone,max_verstappen,red_bull,5,15,0,0.0,46,Brakes
2018,10,silverstone,grosjean,haas,8,16,0,0.0,37,Collision
2018,10,silverstone,sainz,renault,16,17,0,0.0,37,Collision
2018,10,silverstone,ericsson,sauber,15,18,0,0.0,31,Accident
2018,10,silverstone,leclerc,sauber,9,19,0,0.0,18,Tyre
2018,10,silverstone,brendon_hartley,toro_rosso,0,20,0,0.0,1,Power Unit
2018,11,hockenheimring,hamilton,mercedes,14,1,1,25.0,67,Finished
2018,11,hockenheimring,bottas,mercedes,2,2,0,18.0,67,Finished
2018,11,hockenheimring,raikkonen,ferrari,3,3,0,15.0,67,Finished
2018,11,hockenheimring,max_verstappen,red_bull,4,4,0,12.0,67,Finished
2018,11,hockenheimring,hulkenberg,renault,7,5,0,10.0,67,Finished
2018,11,hockenheimring,grosjean,haas,6,6,0,8.0,67,Finished
2018,11,hockenheimring,perez,force_india,10,7,0,6.0,67,Finished
2018,11,hockenheimring,ocon,force_india,15,8,0,4.0,67,Finished
2018,11,hockenheimring,ericsson,sauber,13,9,0,2.0,67,Finished
2018,11,hockenheimring,brendon_hartley,toro_rosso,17,10,0,1.0,67,Finished
2018,11,hockenheimring,kevin_magnussen,haas,5,11,0,0.0,67,Finished
2018,11,hockenheimring,sainz,renault,8,12,0,0.0,67,Finished
2018,11,hockenheimring,vandoorne,mclaren,19,13,0,0.0,67,Finished
2018,11,hockenheimring,gasly,toro_rosso,16,14,0,0.0,66,+1 Lap
2018,11,hockenheimring,leclerc,sauber,9,15,0,0.0,66,+1 Lap
2018,11,hockenheimring,alonso,mclaren,11,16,0,0.0,65,Retired
2018,11,hockenheimring,stroll,williams,18,17,0,0.0,53,Engine
2018,11,hockenheimring,vettel,ferrari,1,18,0,0.0,51,Accident
2018,11,hockenheimring,sirotkin,williams,12,19,0,0.0,51,Engine
2018,11,hockenheimring,ricciardo,red_bull,20,20,0,0.0,27,Engine
2018,12,hungaroring,hamilton,mercedes,1,1,1,25.0,70,Finished
2018,12,hungaroring,vettel,ferrari,4,2,0,18.0,70,Finished
2018,12,hungaroring,raikkonen,ferrari,3,3,0,15.0,70,Finished
2018,12,hungaroring,ricciardo,red_bull,12,4,0,12.0,70,Finished
2018,12,hungaroring,bottas,mercedes,2,5,0,10.0,70,Finished
2018,12,hungaroring,gasly,toro_rosso,6,6,0,8.0,70,Finished
2018,12,hungaroring,kevin_magnussen,haas,9,7,0,6.0,69,+1 Lap
2018,12,hungaroring,alonso,mclaren,11,8,0,4.0,69,+1 Lap
2018,12,hungaroring,sainz,renault,5,9,0,2.0,69,+1 Lap
2018,12,hungaroring,grosjean,haas,10,10,0,1.0,69,+1 Lap
2018,12,hungaroring,brendon_hartley,toro_rosso,8,11,0,0.0,69,+1 Lap
2018,12,hungaroring,hulkenberg,renault,13,12,0,0.0,69,+1 Lap
2018,12,hungaroring,ocon,force_india,18,13,0,0.0,69,+1 Lap
2018,12,hungaroring,perez,force_india,19,14,0,0.0,69,+1 Lap
2018,12,hungaroring,ericsson,sauber,14,15,0,0.0,68,+2 Laps
2018,12,hungaroring,sirotkin,williams,20,16,0,0.0,68,+2 Laps
2018,12,hungaroring,stroll,williams,15,17,0,0.0,68,+2 Laps
2018,12,hungaroring,vandoorne,mclaren,16,18,0,0.0,49,Gearbox
2018,12,hungaroring,max_verstappen,red_bull,7,19,0,0.0,5,Power loss
2018,12,hungaroring,leclerc,sauber,17,20,0,0.0,0,Suspension
2018,13,spa,vettel,ferrari,2,1,1,25.0,44,Finished
2018,13,spa,hamilton,mercedes,1,2,0,18.0,44,Finished
2018,13,spa,max_verstappen,red_bull,7,3,0,15.0,44,Finished
2018,13,spa,bottas,mercedes,19,4,0,12.0,44,Finished
2018,13,spa,perez,force_india,4,5,0,10.0,44,Finished
2018,13,spa,ocon,force_india,3,6,0,8.0,44,Finished
2018,13,spa,grosjean,haas,5,7,0,6.0,44,Finished
2018,13,spa,kevin_magnussen,haas,9,8,0,4.0,44,Finished
2018,13,spa,gasly,toro_rosso,10,9,0,2.0,44,Finished
2018,13,spa,ericsson,sauber,13,10,0,1.0,43,+1 Lap
2018,13,spa,sainz,renault,14,11,0,0.0,43,+1 Lap
2018,13,spa,sirotkin,williams,16,12,0,0.0,43,+1 Lap
2018,13,spa,stroll,williams,17,13,0,0.0,43,+1 Lap
2018,13,spa,brendon_hartley,toro_rosso,11,14,0,0.0,43,+1 Lap
2018,13,spa,vandoorne,mclaren,18,15,0,0.0,43,+1 Lap
2018,13,spa,ricciardo,red_bull,8,16,0,0.0,28,Retired
2018,13,spa,raikkonen,ferrari,6,17,0,0.0,8,Brakes
2018,13,spa,leclerc,sauber,12,18,0,0.0,0,Accident
2018,13,spa,alonso,mclaren,15,19,0,0.0,0,Accident
2018,13,spa,hulkenberg,renault,20,20,0,0.0,0,Accident
2018,14,monza,hamilton,mercedes,3,1,1,25.0,53,Finished
2018,14,monza,raikkonen,ferrari,1,2,0,18.0,53,Finished
2018,14,monza,bottas,mercedes,4,3,0,15.0,53,Finished
2018,14,monza,vettel,ferrari,2,4,0,12.0,53,Finished
2018,14,monza,max_verstappen,red_bull,5,5,0,10.0,53,Finished
2018,14,monza,ocon,force_india,8,6,0,8.0,53,Finished
2018,14,monza,perez,force_india,14,7,0,6.0,53,Finished
2018,14,monza,sainz,renault,7,8,0,4.0,53,Finished
2018,14,monza,stroll,williams,10,9,0,2.0,52,+1 Lap
2018,14,monza,sirotkin,williams,12,10,0,1.0,52,+1 Lap
2018,14,monza,leclerc,sauber,15,11,0,0.0,52,+1 Lap
2018,14,monza,vandoorne,mclaren,17,12,0,0.0,52,+1 Lap
2018,14,monza,hulkenberg,renault,20,13,0,0.0,52,+1 Lap
2018,14,monza,gasly,toro_rosso,9,14,0,0.0,52,+1 Lap
2018,14,monza,ericsson,sauber,18,15,0,0.0,52,+1 Lap
2018,14,monza,kevin_magnussen,haas,11,16,0,0.0,52,+1 Lap
2018,14,monza,ricciardo,red_bull,19,17,0,0.0,23,Engine
2018,14,monza,alonso,mclaren,13,18,0,0.0,9,Engine
2018,14,monza,brendon_hartley,toro_rosso,16,19,0,0.0,0,Brakes
2018,14,monza,grosjean,haas,6,20,0,0.0,53,Disqualified
2018,15,marina_bay,hamilton,mercedes,1,1,1,25.0,61,Finished
2018,15,marina_bay,max_verstappen,red_bull,2,2,0,18.0,61,Finished
2018,15,marina_bay,vettel,ferrari,3,3,0,15.0,61,Finished
2018,15,marina_bay,bottas,mercedes,4,4,0,12.0,61,Finished
2018,15,marina_bay,raikkonen,ferrari,5,5,0,10.0,61,Finished
2018,15,marina_bay,ricciardo,red_bull,6,6,0,8.0,61,Finished
2018,15,marina_bay,alonso,mclaren,11,7,0,6.0,61,Finished
2018,15,marina_bay,sainz,renault,12,8,0,4.0,60,+1 Lap
2018,15,marina_bay,leclerc,sauber,13,9,0,2.0,60,+1 Lap
2018,15,marina_bay,hulkenberg,renault,10,10,0,1.0,60,+1 Lap
2018,15,marina_bay,ericsson,sauber,14,11,0,0.0,60,+1 Lap
2018,15,marina_bay,vandoorne,mclaren,18,12,0,0.0,60,+1 Lap
2018,15,marina_bay,gasly,toro_rosso,15,13,0,0.0,60,+1 Lap
2018,15,marina_bay,stroll,williams,20,14,0,0.0,60,+1 Lap
2018,15,marina_bay,grosjean,haas,8,15,0,0.0,60,+1 Lap
2018,15,marina_bay,perez,force_india,7,16,0,0.0,60,+1 Lap
2018,15,marina_bay,brendon_hartley,toro_rosso,17,17,0,0.0,60,+1 Lap
2018,15,marina_bay,kevin_magnussen,haas,16,18,0,0.0,59,+2 Laps
2018,15,marina_bay,sirotkin,williams,19,19,0,0.0,59,+2 Laps
2018,15,marina_bay,ocon,force_india,9,20,0,0.0,0,Collision
2018,16,sochi,hamilton,mercedes,2,1,1,25.0,53,Finished
2018,16,sochi,bottas,mercedes,1,2,0,18.0,53,Finished
2018,16,sochi,vettel,ferrari,3,3,0,15.0,53,Finished
2018,16,sochi,raikkonen,ferrari,4,4,0,12.0,53,Finished
2018,16,sochi,max_verstappen,red_bull,19,5,0,10.0,53,Finished
2018,16,sochi,ricciardo,red_bull,18,6,0,8.0,53,Finished
2018,16,sochi,leclerc,sauber,7,7,0,6.0,53,Finished
2018,16,sochi,kevin_magnussen,haas,5,8,0,4.0,52,+1 Lap
2018,16,sochi,ocon,force_india,6,9,0,2.0,52,+1 Lap
2018,16,sochi,perez,force_india,8,10,0,1.0,52,+1 Lap
2018,16,sochi,grosjean,haas,9,11,0,0.0,52,+1 Lap
2018,16,sochi,hulkenberg,renault,12,12,0,0.0,52,+1 Lap
2018,16,sochi,ericsson,sauber,10,13,0,0.0,52,+1 Lap
2018,16,sochi,alonso,mclaren,16,14,0,0.0,52,+1 Lap
2018,16,sochi,stroll,williams,14,15,0,0.0,52,+1 Lap
2018,16,sochi,vandoorne,mclaren,15,16,0,0.0,51,+2 Laps
2018,16,sochi,sainz,renault,11,17,0,0.0,51,+2 Laps
2018,16,sochi,sirotkin,williams,13,18,0,0.0,51,+2 Laps
2018,16,sochi,gasly,toro_rosso,17,19,0,0.0,4,Brakes
2018,16,sochi,brendon_hartley,toro_rosso,20,20,0,0.0,4,Brakes
2018,17,suzuka,hamilton,mercedes,1,1,1,25.0,53,Finished
2018,17,suzuka,bottas,mercedes,2,2,0,18.0,53,Finished
2018,17,suzuka,max_verstappen,red_bull,3,3,0,15.0,53,Finished
2018,17,suzuka,ricciardo,red_bull,15,4,0,12.0,53,Finished
2018,17,suzuka,raikkonen,ferrari,4,5,0,10.0,53,Finished
2018,17,suzuka,vettel,ferrari,8,6,0,8.0,53,Finished
2018,17,suzuka,perez,force_india,9,7,0,6.0,53,Finished
2018,17,suzuka,grosjean,haas,5,8,0,4.0,53,Finished
2018,17,suzuka,ocon,force_india,11,9,0,2.0,53,Finished
2018,17,suzuka,sainz,renault,13,10,0,1.0,52,+1 Lap
2018,17,suzuka,gasly,toro_rosso,7,11,0,0.0,52,+1 Lap
2018,17,suzuka,ericsson,sauber,20,12,0,0.0,52,+1 Lap
2018,17,suzuka,brendon_hartley,toro_rosso,6,13,0,0.0,52,+1 Lap
2018,17,suzuka,alonso,mclaren,18,14,0,0.0,52,+1 Lap
2018,17,suzuka,vandoorne,mclaren,19,15,0,0.0,52,+1 Lap
2018,17,suzuka,sirotkin,williams,17,16,0,0.0,52,+1 Lap
2018,17,suzuka,stroll,williams,14,17,0,0.0,52,+1 Lap
2018,17,suzuka,leclerc,sauber,10,18,0,0.0,38,Mechanical
2018,17,suzuka,hulkenberg,renault,16,19,0,0.0,37,Engine
2018,17,suzuka,kevin_magnussen,haas,12,20,0,0.0,8,Collision damage
2018,18,americas,raikkonen,ferrari,2,1,1,25.0,56,Finished
2018,18,americas,max_verstappen,red_bull,18,2,0,18.0,56,Finished
2018,18,americas,hamilton,mercedes,1,3,0,15.0,56,Finished
2018,18,americas,vettel,ferrari,5,4,0,12.0,56,Finished
2018,18,americas,bottas,mercedes,3,5,0,10.0,56,Finished
2018,18,americas,hulkenberg,renault,7,6,0,8.0,56,Finished
2018,18,americas,sainz,renault,11,7,0,6.0,56,Finished
2018,18,americas,perez,force_india,10,8,0,4.0,56,Finished
2018,18,americas,brendon_hartley,toro_rosso,20,9,0,2.0,55,+1 Lap
2018,18,americas,ericsson,sauber,16,10,0,1.0,55,+1 Lap
2018,18,americas,vandoorne,mclaren,17,11,0,0.0,55,+1 Lap
2018,18,americas,gasly,toro_rosso,19,12,0,0.0,55,+1 Lap
2018,18,americas,sirotkin,williams,14,13,0,0.0,55,+1 Lap
2018,18,americas,stroll,williams,15,14,0,0.0,54,+2 Laps
2018,18,americas,leclerc,sauber,9,15,0,0.0,31,Collision damage
2018,18,americas,ricciardo,red_bull,4,16,0,0.0,8,Battery
2018,18,americas,grosjean,haas,8,17,0,0.0,2,Collision damage
2018,18,americas,alonso,mclaren,13,18,0,0.0,1,Collision
2018,18,americas,ocon,force_india,6,19,0,0.0,56,Disqualified
2018,18,americas,kevin_magnussen,haas,12,20,0,0.0,56,Disqualified
2018,19,rodriguez,max_verstappen,red_bull,2,1,1,25.0,71,Finished
2018,19,rodriguez,vettel,ferrari,4,2,0,18.0,71,Finished
2018,19,rodriguez,raikkonen,ferrari,6,3,0,15.0,71,Finished
2018,19,rodriguez,hamilton,mercedes,3,4,0,12.0,71,Finished
2018,19,rodriguez,bottas,mercedes,5,5,0,10.0,70,+1 Lap
2018,19,rodriguez,hulkenberg,renault,7,6,0,8.0,69,+2 Laps
2018,19,rodriguez,leclerc,sauber,9,7,0,6.0,69,+2 Laps
2018,19,rodriguez,vandoorne,mclaren,15,8,0,4.0,69,+2 Laps
2018,19,rodriguez,ericsson,sauber,10,9,0,2.0,69,+2 Laps
2018,19,rodriguez,gasly,toro_rosso,20,10,0,1.0,69,+2 Laps
2018,19,rodriguez,ocon,force_india,11,11,0,0.0,69,+2 Laps
2018,19,rodriguez,stroll,williams,17,12,0,0.0,69,+2 Laps
2018,19,rodriguez,sirotkin,williams,19,13,0,0.0,69,+2 Laps
2018,19,rodriguez,brendon_hartley,toro_rosso,14,14,0,0.0,69,+2 Laps
2018,19,rodriguez,kevin_magnussen,haas,16,15,0,0.0,69,+2 Laps
2018,19,rodriguez,grosjean,haas,18,16,0,0.0,68,+3 Laps
2018,19,rodriguez,ricciardo,red_bull,1,17,0,0.0,61,Engine
2018,19,rodriguez,perez,force_india,13,18,0,0.0,38,Brakes
2018,19,rodriguez,sainz,renault,8,19,0,0.0,28,Suspension
2018,19,rodriguez,alonso,mclaren,12,20,0,0.0,3,Engine
2018,20,interlagos,hamilton,mercedes,1,1,1,25.0,71,Finished
2018,20,interlagos,max_verstappen,red_bull,5,2,0,18.0,71,Finished
2018,20,interlagos,raikkonen,ferrari,4,3,0,15.0,71,Finished
2018,20,interlagos,ricciardo,red_bull,11,4,0,12.0,71,Finished
2018,20,interlagos,bottas,mercedes,3,5,0,10.0,71,Finished
2018,20,interlagos,vettel,ferrari,2,6,0,8.0,71,Finished
2018,20,interlagos,leclerc,sauber,7,7,0,6.0,71,Finished
2018,20,interlagos,grosjean,haas,8,8,0,4.0,71,Finished
2018,20,interlagos,kevin_magnussen,haas,10,9,0,2.0,71,Finished
2018,20,interlagos,perez,force_india,12,10,0,1.0,70,+1 Lap
2018,20,interlagos,brendon_hartley,toro_rosso,16,11,0,0.0,70,+1 Lap
2018,20,interlagos,sainz,renault,15,12,0,0.0,70,+1 Lap
2018,20,interlagos,gasly,toro_rosso,9,13,0,0.0,70,+1 Lap
2018,20,interlagos,vandoorne,mclaren,20,14,0,0.0,70,+1 Lap
2018,20,interlagos,ocon,force_india,18,15,0,0.0,70,+1 Lap
2018,20,interlagos,sirotkin,williams,14,16,0,0.0,69,+2 Laps
2018,20,interlagos,alonso,mclaren,17,17,0,0.0,69,+2 Laps
2018,20,interlagos,stroll,williams,19,18,0,0.0,69,+2 Laps
2018,20,interlagos,hulkenberg,renault,13,19,0,0.0,32,Overheating
2018,20,interlagos,ericsson,sauber,6,20,0,0.0,20,Collision
2018,21,yas_marina,hamilton,mercedes,1,1,1,25.0,55,Finished
2018,21,yas_marina,vettel,ferrari,3,2,0,18.0,55,Finished
2018,21,yas_marina,max_verstappen,red_bull,6,3,0,15.0,55,Finished
2018,21,yas_marina,ricciardo,red_bull,5,4,0,12.0,55,Finished
2018,21,yas_marina,bottas,mercedes,2,5,0,10.0,55,Finished
2018,21,yas_marina,sainz,renault,11,6,0,8.0,55,Finished
2018,21,yas_marina,leclerc,sauber,8,7,0,6.0,55,Finished
2018,21,yas_marina,perez,force_india,14,8,0,4.0,55,Finished
2018,21,yas_marina,grosjean,haas,7,9,0,2.0,54,+1 Lap
2018,21,yas_marina,kevin_magnussen,haas,13,10,0,1.0,54,+1 Lap
2018,21,yas_marina,alonso,mclaren,15,11,0,0.0,54,+1 Lap
2018,21,yas_marina,brendon_hartley,toro_rosso,16,12,0,0.0,54,+1 Lap
2018,21,yas_marina,stroll,williams,20,13,0,0.0,54,+1 Lap
2018,21,yas_marina,vandoorne,mclaren,18,14,0,0.0,54,+1 Lap
2018,21,yas_marina,sirotkin,williams,19,15,0,0.0,54,+1 Lap
2018,21,yas_marina,gasly,toro_rosso,17,16,0,0.0,46,Engine
2018,21,yas_marina,ocon,force_india,9,17,0,0.0,44,Engine
2018,21,yas_marina,ericsson,sauber,12,18,0,0.0,24,Power loss
2018,21,yas_marina,raikkonen,ferrari,4,19,0,0.0,6,Power loss
2018,21,yas_marina,hulkenberg,renault,10,20,0,0.0,0,Collision
2019,1,albert_park,bottas,mercedes,2,1,1,26.0,58,Finished
2019,1,albert_park,hamilton,mercedes,1,2,0,18.0,58,Finished
2019,1,albert_park,max_verstappen,red_bull,4,3,0,15.0,58,Finished
2019,1,albert_park,vettel,ferrari,3,4,0,12.0,58,Finished
2019,1,albert_park,leclerc,ferrari,5,5,0,10.0,58,Finished
2019,1,albert_park,kevin_magnussen,haas,7,6,0,8.0,58,Finished
2019,1,albert_park,hulkenberg,renault,11,7,0,6.0,57,+1 Lap
2019,1,albert_park,raikkonen,alfa,9,8,0,4.0,57,+1 Lap
2019,1,albert_park,stroll,racing_point,16,9,0,2.0,57,+1 Lap
2019,1,albert_park,kvyat,toro_rosso,15,10,0,1.0,57,+1 Lap
2019,1,albert_park,gasly,red_bull,17,11,0,0.0,57,+1 Lap
2019,1,albert_park,norris,mclaren,8,12,0,0.0,57,+1 Lap
2019,1,albert_park,perez,racing_point,10,13,0,0.0,57,+1 Lap
2019,1,albert_park,albon,toro_rosso,13,14,0,0.0,57,+1 Lap
2019,1,albert_park,giovinazzi,alfa,14,15,0,0.0,57,+1 Lap
2019,1,albert_park,russell,williams,19,16,0,0.0,56,+2 Laps
2019,1,albert_park,kubica,williams,20,17,0,0.0,55,+3 Laps
2019,1,albert_park,grosjean,haas,6,18,0,0.0,29,Wheel
2019,1,albert_park,ricciardo,renault,12,19,0,0.0,28,Damage
2019,1,albert_park,sainz,mclaren,18,20,0,0.0,9,Engine
2019,2,bahrain,hamilton,mercedes,3,1,1,25.0,57,Finished
2019,2,bahrain,bottas,mercedes,4,2,0,18.0,57,Finished
2019,2,bahrain,leclerc,ferrari,1,3,0,16.0,57,Finished
2019,2,bahrain,max_verstappen,red_bull,5,4,0,12.0,57,Finished
2019,2,bahrain,vettel,ferrari,2,5,0,10.0,57,Finished
2019,2,bahrain,norris,mclaren,9,6,0,8.0,57,Finished
2019,2,bahrain,raikkonen,alfa,8,7,0,6.0,57,Finished
2019,2,bahrain,gasly,red_bull,13,8,0,4.0,57,Finished
2019,2,bahrain,albon,toro_rosso,12,9,0,2.0,57,Finished
2019,2,bahrain,perez,racing_point,14,10,0,1.0,57,Finished
2019,2,bahrain,giovinazzi,alfa,16,11,0,0.0,57,Finished
2019,2,bahrain,kvyat,toro_rosso,15,12,0,0.0,56,+1 Lap
2019,2,bahrain,kevin_magnussen,haas,6,13,0,0.0,56,+1 Lap
2019,2,bahrain,stroll,racing_point,18,14,0,0.0,56,+1 Lap
2019,2,bahrain,russell,williams,19,15,0,0.0,56,+1 Lap
2019,2,bahrain,kubica,williams,20,16,0,0.0,55,+2 Laps
2019,2,bahrain,hulkenberg,renault,17,17,0,0.0,53,Engine
2019,2,bahrain,ricciardo,renault,10,18,0,0.0,53,Out of fuel
2019,2,bahrain,sainz,mclaren,7,19,0,0.0,53,Collision damage
2019,2,bahrain,grosjean,haas,11,20,0,0.0,16,Retired
2019,3,shanghai,hamilton,mercedes,2,1,1,25.0,56,Finished
2019,3,shanghai,bottas,mercedes,1,2,0,18.0,56,Finished
2019,3,shanghai,vettel,ferrari,3,3,0,15.0,56,Finished
2019,3,shanghai,max_verstappen,red_bull,5,4,0,12.0,56,Finished
2019,3,shanghai,leclerc,ferrari,4,5,0,10.0,56,Finished
2019,3,shanghai,gasly,red_bull,6,6,0,9.0,56,Finished
2019,3,shanghai,ricciardo,renault,7,7,0,6.0,55,+1 Lap
2019,3,shanghai,perez,racing_point,12,8,0,4.0,55,+1 Lap
2019,3,shanghai,raikkonen,alfa,13,9,0,2.0,55,+1 Lap
2019,3,shanghai,albon,toro_rosso,0,10,0,1.0,55,+1 Lap
2019,3,shanghai,grosjean,haas,10,11,0,0.0,55,+1 Lap
2019,3,shanghai,stroll,racing_point,16,12,0,0.0,55,+1 Lap
2019,3,shanghai,kevin_magnussen,haas,9,13,0,0.0,55,+1 Lap
2019,3,shanghai,sainz,mclaren,14,14,0,0.0,55,+1 Lap
2019,3,shanghai,giovinazzi,alfa,19,15,0,0.0,55,+1 Lap
2019,3,shanghai,russell,williams,17,16,0,0.0,54,+2 Laps
2019,3,shanghai,kubica,williams,18,17,0,0.0,54,+2 Laps
2019,3,shanghai,norris,mclaren,15,18,0,0.0,50,Collision
2019,3,shanghai,kvyat,toro_rosso,11,19,0,0.0,41,Collision
2019,3,shanghai,hulkenberg,renault,8,20,0,0.0,16,Power Unit
2019,4,baku,bottas,mercedes,1,1,1,25.0,51,Finished
2019,4,baku,hamilton,mercedes,2,2,0,18.0,51,Finished
2019,4,baku,vettel,ferrari,3,3,0,15.0,51,Finished
2019,4,baku,max_verstappen,red_bull,4,4,0,12.0,51,Finished
2019,4,baku,leclerc,ferrari,8,5,0,11.0,51,Finished
2019,4,baku,perez,racing_point,5,6,0,8.0,51,Finished
2019,4,baku,sainz,mclaren,9,7,0,6.0,51,Finished
2019,4,baku,norris,mclaren,7,8,0,4.0,51,Finished
2019,4,baku,stroll,racing_point,13,9,0,2.0,51,Finished
2019,4,baku,raikkonen,alfa,0,10,0,1.0,50,+1 Lap
2019,4,baku,albon,toro_rosso,11,11,0,0.0,50,+1 Lap
2019,4,baku,giovinazzi,alfa,17,12,0,0.0,50,+1 Lap
2019,4,baku,kevin_magnussen,haas,12,13,0,0.0,50,+1 Lap
2019,4,baku,hulkenberg,renault,15,14,0,0.0,50,+1 Lap
2019,4,baku,russell,williams,16,15,0,0.0,49,+2 Laps
2019,4,baku,kubica,williams,0,16,0,0.0,49,+2 Laps
2019,4,baku,gasly,red_bull,0,17,0,0.0,38,Transmission
2019,4,baku,grosjean,haas,14,18,0,0.0,38,Brakes
2019,4,baku,kvyat,toro_rosso,6,19,0,0.0,33,Collision
2019,4,baku,ricciardo,renault,10,20,0,0.0,31,Collision
2019,5,catalunya,hamilton,mercedes,2,1,1,26.0,66,Finished
2019,5,catalunya,bottas,mercedes,1,2,0,18.0,66,Finished
2019,5,catalunya,max_verstappen,red_bull,4,3,0,15.0,66,Finished
2019,5,catalunya,vettel,ferrari,3,4,0,12.0,66,Finished
2019,5,catalunya,leclerc,ferrari,5,5,0,10.0,66,Finished
2019,5,catalunya,gasly,red_bull,6,6,0,8.0,66,Finished
2019,5,catalunya,kevin_magnussen,haas,8,7,0,6.0,66,Finished
2019,5,catalunya,sainz,mclaren,12,8,0,4.0,66,Finished
2019,5,catalunya,kvyat,toro_rosso,9,9,0,2.0,66,Finished
2019,5,catalunya,grosjean,haas,7,10,0,1.0,66,Finished
2019,5,catalunya,albon,toro_rosso,11,11,0,0.0,66,Finished
2019,5,catalunya,ricciardo,renault,13,12,0,0.0,66,Finished
2019,5,catalunya,hulkenberg,renault,0,13,0,0.0,66,Finished
2019,5,catalunya,raikkonen,alfa,14,14,0,0.0,66,Finished
2019,5,catalunya,perez,racing_point,15,15,0,0.0,66,Finished
2019,5,catalunya,giovinazzi,alfa,18,16,0,0.0,66,Finished
2019,5,catalunya,russell,williams,19,17,0,0.0,65,+1 Lap
2019,5,catalunya,kubica,williams,17,18,0,0.0,65,+1 Lap
2019,5,catalunya,stroll,racing_point,16,19,0,0.0,44,Collision
2019,5,catalunya,norris,mclaren,10,20,0,0.0,44,Collision
2019,6,monaco,hamilton,mercedes,1,1,1,25.0,78,Finished
2019,6,monaco,vettel,ferrari,4,2,0,18.0,78,Finished
2019,6,monaco,bottas,mercedes,2,3,0,15.0,78,Finished
2019,6,monaco,max_verstappen,red_bull,3,4,0,12.0,78,Finished
2019,6,monaco,gasly,red_bull,8,5,0,11.0,78,Finished
2019,6,monaco,sainz,mclaren,9,6,0,8.0,78,Finished
2019,6,monaco,kvyat,toro_rosso,7,7,0,6.0,78,Finished
2019,6,monaco,albon,toro_rosso,10,8,0,4.0,78,Finished
2019,6,monaco,ricciardo,renault,6,9,0,2.0,78,Finished
2019,6,monaco,grosjean,haas,13,10,0,1.0,78,Finished
2019,6,monaco,norris,mclaren,12,11,0,0.0,78,Finished
2019,6,monaco,perez,racing_point,16,12,0,0.0,77,+1 Lap
2019,6,monaco,hulkenberg,renault,11,13,0,0.0,77,+1 Lap
2019,6,monaco,kevin_magnussen,haas,5,14,0,0.0,77,+1 Lap
2019,6,monaco,russell,williams,19,15,0,0.0,77,+1 Lap
2019,6,monaco,stroll,racing_point,17,16,0,0.0,77,+1 Lap
2019,6,monaco,raikkonen,alfa,14,17,0,0.0,77,+1 Lap
2019,6,monaco,kubica,williams,20,18,0,0.0,77,+1 Lap
2019,6,monaco,giovinazzi,alfa,18,19,0,0.0,76,+2 Laps
2019,6,monaco,leclerc,ferrari,15,20,0,0.0,16,Collision
2019,7,villeneuve,hamilton,mercedes,2,1,1,25.0,70,Finished
2019,7,villeneuve,vettel,ferrari,1,2,0,18.0,70,Finished
2019,7,villeneuve,leclerc,ferrari,3,3,0,15.0,70,Finished
2019,7,villeneuve,bottas,mercedes,6,4,0,13.0,70,Finished
2019,7,villeneuve,max_verstappen,red_bull,9,5,0,10.0,70,Finished
2019,7,villeneuve,ricciardo,renault,4,6,0,8.0,69,+1 Lap
2019,7,villeneuve,hulkenberg,renault,7,7,0,6.0,69,+1 Lap
2019,7,villeneuve,gasly,red_bull,5,8,0,4.0,69,+1 Lap
2019,7,villeneuve,stroll,racing_point,17,9,0,2.0,69,+1 Lap
2019,7,villeneuve,kvyat,toro_rosso,10,10,0,1.0,69,+1 Lap
2019,7,villeneuve,sainz,mclaren,11,11,0,0.0,69,+1 Lap
2019,7,villeneuve,perez,racing_point,15,12,0,0.0,69,+1 Lap
2019,7,villeneuve,giovinazzi,alfa,12,13,0,0.0,69,+1 Lap
2019,7,villeneuve,grosjean,haas,14,14,0,0.0,69,+1 Lap
2019,7,villeneuve,raikkonen,alfa,16,15,0,0.0,69,+1 Lap
2019,7,villeneuve,russell,williams,18,16,0,0.0,68,+2 Laps
2019,7,villeneuve,kevin_magnussen,haas,0,17,0,0.0,68,+2 Laps
2019,7,villeneuve,kubica,williams,19,18,0,0.0,67,+3 Laps
2019,7,villeneuve,albon,toro_rosso,13,19,0,0.0,59,Collision damage
2019,7,villeneuve,norris,mclaren,8,20,0,0.0,8,Suspension
2019,8,ricard,hamilton,mercedes,1,1,1,25.0,53,Finished
2019,8,ricard,bottas,mercedes,2,2,0,18.0,53,Finished
2019,8,ricard,leclerc,ferrari,3,3,0,15.0,53,Finished
2019,8,ricard,max_verstappen,red_bull,4,4,0,12.0,53,Finished
2019,8,ricard,vettel,ferrari,7,5,0,11.0,53,Finished
2019,8,ricard,sainz,mclaren,6,6,0,8.0,53,Finished
2019,8,ricard,raikkonen,alfa,12,7,0,6.0,52,+1 Lap
2019,8,ricard,hulkenberg,renault,13,8,0,4.0,52,+1 Lap
2019,8,ricard,norris,mclaren,5,9,0,2.0,52,+1 Lap
2019,8,ricard,gasly,red_bull,9,10,0,1.0,52,+1 Lap
2019,8,ricard,ricciardo,renault,8,11,0,0.0,52,+1 Lap
2019,8,ricard,perez,racing_point,14,12,0,0.0,52,+1 Lap
2019,8,ricard,stroll,racing_point,17,13,0,0.0,52,+1 Lap
2019,8,ricard,kvyat,toro_rosso,19,14,0,0.0,52,+1 Lap
2019,8,ricard,albon,toro_rosso,11,15,0,0.0,52,+1 Lap
2019,8,ricard,giovinazzi,alfa,10,16,0,0.0,52,+1 Lap
2019,8,ricard,kevin_magnussen,haas,15,17,0,0.0,52,+1 Lap
2019,8,ricard,kubica,williams,18,18,0,0.0,51,+2 Laps
2019,8,ricard,russell,williams,20,19,0,0.0,51,+2 Laps
2019,8,ricard,grosjean,haas,16,20,0,0.0,44,Retired
2019,9,red_bull_ring,max_verstappen,red_bull,2,1,1,26.0,71,Finished
2019,9,red_bull_ring,leclerc,ferrari,1,2,0,18.0,71,Finished
2019,9,red_bull_ring,bottas,mercedes,3,3,0,15.0,71,Finished
2019,9,red_bull_ring,vettel,ferrari,9,4,0,12.0,71,Finished
2019,9,red_bull_ring,hamilton,mercedes,4,5,0,10.0,71,Finished
2019,9,red_bull_ring,norris,mclaren,5,6,0,8.0,70,+1 Lap
2019,9,red_bull_ring,gasly,red_bull,8,7,0,6.0,70,+1 Lap
2019,9,red_bull_ring,sainz,mclaren,19,8,0,4.0,70,+1 Lap
2019,9,red_bull_ring,raikkonen,alfa,6,9,0,2.0,70,+1 Lap
2019,9,red_bull_ring,giovinazzi,alfa,7,10,0,1.0,70,+1 Lap
2019,9,red_bull_ring,perez,racing_point,13,11,0,0.0,70,+1 Lap
2019,9,red_bull_ring,ricciardo,renault,12,12,0,0.0,70,+1 Lap
2019,9,red_bull_ring,hulkenberg,renault,15,13,0,0.0,70,+1 Lap
2019,9,red_bull_ring,stroll,racing_point,14,14,0,0.0,70,+1 Lap
2019,9,red_bull_ring,albon,toro_rosso,18,15,0,0.0,70,+1 Lap
2019,9,red_bull_ring,grosjean,haas,11,16,0,0.0,70,+1 Lap
2019,9,red_bull_ring,kvyat,toro_rosso,16,17,0,0.0,70,+1 Lap
2019,9,red_bull_ring,russell,williams,0,18,0,0.0,69,+2 Laps
2019,9,red_bull_ring,kevin_magnussen,haas,10,19,0,0.0,69,+2 Laps
2019,9,red_bull_ring,kubica,williams,17,20,0,0.0,68,+3 Laps
2019,10,silverstone,hamilton,mercedes,2,1,1,26.0,52,Finished
2019,10,silverstone,bottas,mercedes,1,2,0,18.0,52,Finished
2019,10,silverstone,leclerc,ferrari,3,3,0,15.0,52,Finished
2019,10,silverstone,gasly,red_bull,5,4,0,12.0,52,Finished
2019,10,silverstone,max_verstappen,red_bull,4,5,0,10.0,52,Finished
2019,10,silverstone,sainz,mclaren,13,6,0,8.0,52,Finished
2019,10,silverstone,ricciardo,renault,7,7,0,6.0,52,Finished
2019,10,silverstone,raikkonen,alfa,12,8,0,4.0,52,Finished
2019,10,silverstone,kvyat,toro_rosso,17,9,0,2.0,52,Finished
2019,10,silverstone,hulkenberg,renault,10,10,0,1.0,52,Finished
2019,10,silverstone,norris,mclaren,8,11,0,0.0,52,Finished
2019,10,silverstone,albon,toro_rosso,9,12,0,0.0,52,Finished
2019,10,silverstone,stroll,racing_point,18,13,0,0.0,52,Finished
2019,10,silverstone,russell,williams,19,14,0,0.0,51,+1 Lap
2019,10,silverstone,kubica,williams,20,15,0,0.0,51,+1 Lap
2019,10,silverstone,vettel,ferrari,6,16,0,0.0,51,+1 Lap
2019,10,silverstone,perez,racing_point,15,17,0,0.0,51,+1 Lap
2019,10,silverstone,giovinazzi,alfa,11,18,0,0.0,18,Spun off
2019,10,silverstone,grosjean,haas,14,19,0,0.0,9,Collision
2019,10,silverstone,kevin_magnussen,haas,16,20,0,0.0,6,Collision
2019,11,hockenheimring,max_verstappen,red_bull,2,1,1,26.0,64,Finished
2019,11,hockenheimring,vettel,ferrari,20,2,0,18.0,64,Finished
2019,11,hockenheimring,kvyat,toro_rosso,14,3,0,15.0,64,Finished
2019,11,hockenheimring,stroll,racing_point,15,4,0,12.0,64,Finished
2019,11,hockenheimring,sainz,mclaren,7,5,0,10.0,64,Finished
2019,11,hockenheimring,albon,toro_rosso,16,6,0,8.0,64,Finished
2019,11,hockenheimring,grosjean,haas,6,7,0,6.0,64,Finished
2019,11,hockenheimring,kevin_magnussen,haas,12,8,0,4.0,64,Finished
2019,11,hockenheimring,hamilton,mercedes,1,9,0,2.0,64,Finished
2019,11,hockenheimring,kubica,williams,18,10,0,1.0,64,Finished
2019,11,hockenheimring,russell,williams,17,11,0,0.0,64,Finished
2019,11,hockenheimring,raikkonen,alfa,5,12,0,0.0,64,Finished
2019,11,hockenheimring,giovinazzi,alfa,11,13,0,0.0,64,Finished
2019,11,hockenheimring,gasly,red_bull,4,14,0,0.0,61,Collision
2019,11,hockenheimring,bottas,mercedes,3,15,0,0.0,56,Accident
2019,11,hockenheimring,hulkenberg,renault,9,16,0,0.0,39,Accident
2019,11,hockenheimring,leclerc,ferrari,10,17,0,0.0,27,Accident
2019,11,hockenheimring,norris,mclaren,19,18,0,0.0,25,Power loss
2019,11,hockenheimring,ricciardo,renault,13,19,0,0.0,13,Exhaust
2019,11,hockenheimring,perez,racing_point,8,20,0,0.0,1,Spun off
2019,12,hungaroring,hamilton,mercedes,3,1,1,25.0,70,Finished
2019,12,hungaroring,max_verstappen,red_bull,1,2,0,19.0,70,Finished
2019,12,hungaroring,vettel,ferrari,5,3,0,15.0,70,Finished
2019,12,hungaroring,leclerc,ferrari,4,4,0,12.0,70,Finished
2019,12,hungaroring,sainz,mclaren,8,5,0,10.0,69,+1 Lap
2019,12,hungaroring,gasly,red_bull,6,6,0,8.0,69,+1 Lap
2019,12,hungaroring,raikkonen,alfa,10,7,0,6.0,69,+1 Lap
2019,12,hungaroring,bottas,mercedes,2,8,0,4.0,69,+1 Lap
2019,12,hungaroring,norris,mclaren,7,9,0,2.0,69,+1 Lap
2019,12,hungaroring,albon,toro_rosso,12,10,0,1.0,69,+1 Lap
2019,12,hungaroring,perez,racing_point,16,11,0,0.0,69,+1 Lap
2019,12,hungaroring,hulkenberg,renault,11,12,0,0.0,69,+1 Lap
2019,12,hungaroring,kevin_magnussen,haas,14,13,0,0.0,69,+1 Lap
2019,12,hungaroring,ricciardo,renault,20,14,0,0.0,69,+1 Lap
2019,12,hungaroring,kvyat,toro_rosso,13,15,0,0.0,68,+2 Laps
2019,12,hungaroring,russell,williams,15,16,0,0.0,68,+2 Laps
2019,12,hungaroring,stroll,racing_point,18,17,0,0.0,68,+2 Laps
2019,12,hungaroring,giovinazzi,alfa,17,18,0,0.0,68,+2 Laps
2019,12,hungaroring,kubica,williams,19,19,0,0.0,67,+3 Laps
2019,12,hungaroring,grosjean,haas,9,20,0,0.0,49,Water pressure
2019,13,spa,leclerc,ferrari,1,1,1,25.0,44,Finished
2019,13,spa,hamilton,mercedes,3,2,0,18.0,44,Finished
2019,13,spa,bottas,mercedes,4,3,0,15.0,44,Finished
2019,13,spa,vettel,ferrari,2,4,0,13.0,44,Finished
2019,13,spa,albon,red_bull,17,5,0,10.0,44,Finished
2019,13,spa,perez,racing_point,7,6,0,8.0,44,Finished
2019,13,spa,kvyat,toro_rosso,19,7,0,6.0,44,Finished
2019,13,spa,hulkenberg,renault,12,8,0,4.0,44,Finished
2019,13,spa,gasly,toro_rosso,13,9,0,2.0,44,Finished
2019,13,spa,stroll,racing_point,16,10,0,1.0,44,Finished
2019,13,spa,norris,mclaren,11,11,0,0.0,43,Engine
2019,13,spa,kevin_magnussen,haas,8,12,0,0.0,43,+1 Lap
2019,13,spa,grosjean,haas,9,13,0,0.0,43,+1 Lap
2019,13,spa,ricciardo,renault,10,14,0,0.0,43,+1 Lap
2019,13,spa,russell,williams,14,15,0,0.0,43,+1 Lap
2019,13,spa,raikkonen,alfa,6,16,0,0.0,43,+1 Lap
2019,13,spa,kubica,williams,0,17,0,0.0,43,+1 Lap
2019,13,spa,giovinazzi,alfa,18,18,0,0.0,42,Accident
2019,13,spa,sainz,mclaren,15,19,0,0.0,1,Power loss
2019,13,spa,max_verstappen,red_bull,5,20,0,0.0,0,Accident
2019,14,monza,leclerc,ferrari,1,1,1,25.0,53,Finished
2019,14,monza,bottas,mercedes,3,2,0,18.0,53,Finished
2019,14,monza,hamilton,mercedes,2,3,0,16.0,53,Finished
2019,14,monza,ricciardo,renault,5,4,0,12.0,53,Finished
2019,14,monza,hulkenberg,renault,6,5,0,10.0,53,Finished
2019,14,monza,albon,red_bull,8,6,0,8.0,53,Finished
2019,14,monza,perez,racing_point,18,7,0,6.0,53,Finished
2019,14,monza,max_verstappen,red_bull,19,8,0,4.0,53,Finished
2019,14,monza,giovinazzi,alfa,10,9,0,2.0,52,+1 Lap
2019,14,monza,norris,mclaren,16,10,0,1.0,52,+1 Lap
2019,14,monza,gasly,toro_rosso,17,11,0,0.0,52,+1 Lap
2019,14,monza,stroll,racing_point,9,12,0,0.0,52,+1 Lap
2019,14,monza,vettel,ferrari,4,13,0,0.0,52,+1 Lap
2019,14,monza,russell,williams,14,14,0,0.0,52,+1 Lap
2019,14,monza,raikkonen,alfa,0,15,0,0.0,52,+1 Lap
2019,14,monza,grosjean,haas,13,16,0,0.0,52,+1 Lap
2019,14,monza,kubica,williams,15,17,0,0.0,51,+2 Laps
2019,14,monza,kevin_magnussen,haas,11,18,0,0.0,43,Hydraulics
2019,14,monza,kvyat,toro_rosso,12,19,0,0.0,29,Engine
2019,14,monza,sainz,mclaren,7,20,0,0.0,27,Wheel
2019,15,marina_bay,vettel,ferrari,3,1,1,25.0,61,Finished
2019,15,marina_bay,leclerc,ferrari,1,2,0,18.0,61,Finished
2019,15,marina_bay,max_verstappen,red_bull,4,3,0,15.0,61,Finished
2019,15,marina_bay,hamilton,mercedes,2,4,0,12.0,61,Finished
2019,15,marina_bay,bottas,mercedes,5,5,0,10.0,61,Finished
2019,15,marina_bay,albon,red_bull,6,6,0,8.0,61,Finished
2019,15,marina_bay,norris,mclaren,9,7,0,6.0,61,Finished
2019,15,marina_bay,gasly,toro_rosso,11,8,0,4.0,61,Finished
2019,15,marina_bay,hulkenberg,renault,8,9,0,2.0,61,Finished
2019,15,marina_bay,giovinazzi,alfa,10,10,0,1.0,61,Finished
2019,15,marina_bay,grosjean,haas,17,11,0,0.0,61,Finished
2019,15,marina_bay,sainz,mclaren,7,12,0,0.0,61,Finished
2019,15,marina_bay,stroll,racing_point,16,13,0,0.0,61,Finished
2019,15,marina_bay,ricciardo,renault,20,14,0,0.0,61,Finished
2019,15,marina_bay,kvyat,toro_rosso,14,15,0,0.0,61,Finished
2019,15,marina_bay,kubica,williams,19,16,0,0.0,61,Finished
2019,15,marina_bay,kevin_magnussen,haas,13,17,0,0.0,61,Finished
2019,15,marina_bay,raikkonen,alfa,12,18,0,0.0,49,Collision
2019,15,marina_bay,perez,racing_point,15,19,0,0.0,42,Engine
2019,15,marina_bay,russell,williams,18,20,0,0.0,34,Collision
2019,16,sochi,hamilton,mercedes,2,1,1,26.0,53,Finished
2019,16,sochi,bottas,mercedes,4,2,0,18.0,53,Finished
2019,16,sochi,leclerc,ferrari,1,3,0,15.0,53,Finished
2019,16,sochi,max_verstappen,red_bull,9,4,0,12.0,53,Finished
2019,16,sochi,albon,red_bull,0,5,0,10.0,53,Finished
2019,16,sochi,sainz,mclaren,5,6,0,8.0,53,Finished
2019,16,sochi,perez,racing_point,11,7,0,6.0,53,Finished
2019,16,sochi,norris,mclaren,7,8,0,4.0,53,Finished
2019,16,sochi,kevin_magnussen,haas,13,9,0,2.0,53,Finished
2019,16,sochi,hulkenberg,renault,6,10,0,1.0,53,Finished
2019,16,sochi,stroll,racing_point,14,11,0,0.0,53,Finished
2019,16,sochi,kvyat,toro_rosso,19,12,0,0.0,53,Finished
2019,16,sochi,raikkonen,alfa,15,13,0,0.0,53,Finished
2019,16,sochi,gasly,toro_rosso,16,14,0,0.0,53,Finished
2019,16,sochi,giovinazzi,alfa,12,15,0,0.0,53,Finished
2019,16,sochi,kubica,williams,18,16,0,0.0,28,Brakes
2019,16,sochi,russell,williams,17,17,0,0.0,27,Brakes
2019,16,sochi,vettel,ferrari,3,18,0,0.0,26,Power loss
2019,16,sochi,ricciardo,renault,10,19,0,0.0,24,Collision
2019,16,sochi,grosjean,haas,8,20,0,0.0,0,Collision
2019,17,suzuka,bottas,mercedes,3,1,1,25.0,52,Finished
2019,17,suzuka,vettel,ferrari,1,2,0,18.0,52,Finished
2019,17,suzuka,hamilton,mercedes,4,3,0,16.0,52,Finished
2019,17,suzuka,albon,red_bull,6,4,0,12.0,52,Finished
2019,17,suzuka,sainz,mclaren,7,5,0,10.0,52,Finished
2019,17,suzuka,leclerc,ferrari,2,6,0,8.0,51,+1 Lap
2019,17,suzuka,gasly,toro_rosso,9,7,0,6.0,51,+1 Lap
2019,17,suzuka,perez,racing_point,17,8,0,4.0,51,+1 Lap
2019,17,suzuka,stroll,racing_point,12,9,0,2.0,51,+1 Lap
2019,17,suzuka,kvyat,toro_rosso,14,10,0,1.0,51,+1 Lap
2019,17,suzuka,norris,mclaren,8,11,0,0.0,51,+1 Lap
2019,17,suzuka,raikkonen,alfa,13,12,0,0.0,51,+1 Lap
2019,17,suzuka,grosjean,haas,10,13,0,0.0,51,+1 Lap
2019,17,suzuka,giovinazzi,alfa,11,14,0,0.0,51,+1 Lap
2019,17,suzuka,kevin_magnussen,haas,19,15,0,0.0,51,+1 Lap
2019,17,suzuka,russell,williams,18,16,0,0.0,50,+2 Laps
2019,17,suzuka,kubica,williams,0,17,0,0.0,50,+2 Laps
2019,17,suzuka,max_verstappen,red_bull,5,18,0,0.0,14,Brakes
2019,17,suzuka,ricciardo,renault,16,19,0,0.0,51,Disqualified
2019,17,suzuka,hulkenberg,renault,15,20,0,0.0,51,Disqualified
2019,18,rodriguez,hamilton,mercedes,3,1,1,25.0,71,Finished
2019,18,rodriguez,vettel,ferrari,2,2,0,18.0,71,Finished
2019,18,rodriguez,bottas,mercedes,6,3,0,15.0,71,Finished
2019,18,rodriguez,leclerc,ferrari,1,4,0,13.0,71,Finished
2019,18,rodriguez,albon,red_bull,5,5,0,10.0,71,Finished
2019,18,rodriguez,max_verstappen,red_bull,4,6,0,8.0,71,Finished
2019,18,rodriguez,perez,racing_point,11,7,0,6.0,71,Finished
2019,18,rodriguez,ricciardo,renault,13,8,0,4.0,71,Finished
2019,18,rodriguez,gasly,toro_rosso,10,9,0,2.0,70,+1 Lap
2019,18,rodriguez,hulkenberg,renault,12,10,0,1.0,70,+1 Lap
2019,18,rodriguez,kvyat,toro_rosso,9,11,0,0.0,70,+1 Lap
2019,18,rodriguez,stroll,racing_point,16,12,0,0.0,70,+1 Lap
2019,18,rodriguez,sainz,mclaren,7,13,0,0.0,70,+1 Lap
2019,18,rodriguez,giovinazzi,alfa,15,14,0,0.0,70,+1 Lap
2019,18,rodriguez,kevin_magnussen,haas,17,15,0,0.0,69,+2 Laps
2019,18,rodriguez,russell,williams,19,16,0,0.0,69,+2 Laps
2019,18,rodriguez,grosjean,haas,18,17,0,0.0,69,+2 Laps
2019,18,rodriguez,kubica,williams,20,18,0,0.0,69,+2 Laps
2019,18,rodriguez,raikkonen,alfa,14,19,0,0.0,58,Overheating
2019,18,rodriguez,norris,mclaren,8,20,0,0.0,48,Withdrew
2019,19,americas,bottas,mercedes,1,1,1,25.0,56,Finished
2019,19,americas,hamilton,mercedes,5,2,0,18.0,56,Finished
2019,19,americas,max_verstappen,red_bull,3,3,0,15.0,56,Finished
2019,19,americas,leclerc,ferrari,4,4,0,13.0,56,Finished
2019,19,americas,albon,red_bull,6,5,0,10.0,56,Finished
2019,19,americas,ricciardo,renault,9,6,0,8.0,56,Finished
2019,19,americas,norris,mclaren,8,7,0,6.0,56,Finished
2019,19,americas,sainz,mclaren,7,8,0,4.0,55,+1 Lap
2019,19,americas,hulkenberg,renault,11,9,0,2.0,55,+1 Lap
2019,19,americas,perez,racing_point,0,10,0,1.0,55,+1 Lap
2019,19,americas,raikkonen,alfa,17,11,0,0.0,55,+1 Lap
2019,19,americas,kvyat,toro_rosso,13,12,0,0.0,55,+1 Lap
2019,19,americas,stroll,racing_point,14,13,0,0.0,55,+1 Lap
2019,19,americas,giovinazzi,alfa,16,14,0,0.0,55,+1 Lap
2019,19,americas,grosjean,haas,15,15,0,0.0,55,+1 Lap
2019,19,americas,gasly,toro_rosso,10,16,0,0.0,54,Suspension
2019,19,americas,russell,williams,18,17,0,0.0,54,+2 Laps
2019,19,americas,kevin_magnussen,haas,12,18,0,0.0,52,Brakes
2019,19,americas,kubica,williams,19,19,0,0.0,31,Oil leak
2019,19,americas,vettel,ferrari,2,20,0,0.0,7,Suspension
2019,20,interlagos,max_verstappen,red_bull,1,1,1,25.0,71,Finished
2019,20,interlagos,gasly,toro_rosso,6,2,0,18.0,71,Finished
2019,20,interlagos,sainz,mclaren,20,3,0,15.0,71,Finished
2019,20,interlagos,raikkonen,alfa,8,4,0,12.0,71,Finished
2019,20,interlagos,giovinazzi,alfa,12,5,0,10.0,71,Finished
2019,20,interlagos,ricciardo,renault,11,6,0,8.0,71,Finished
2019,20,interlagos,hamilton,mercedes,3,7,0,6.0,71,Finished
2019,20,interlagos,norris,mclaren,10,8,0,4.0,71,Finished
2019,20,interlagos,perez,racing_point,15,9,0,2.0,71,Finished
2019,20,interlagos,kvyat,toro_rosso,16,10,0,1.0,71,Finished
2019,20,interlagos,kevin_magnussen,haas,9,11,0,0.0,71,Finished
2019,20,interlagos,russell,williams,18,12,0,0.0,71,Finished
2019,20,interlagos,grosjean,haas,7,13,0,0.0,71,Finished
2019,20,interlagos,albon,red_bull,5,14,0,0.0,71,Finished
2019,20,interlagos,hulkenberg,renault,13,15,0,0.0,71,Finished
2019,20,interlagos,kubica,williams,19,16,0,0.0,70,+1 Lap
2019,20,interlagos,vettel,ferrari,2,17,0,0.0,65,Collision
2019,20,interlagos,leclerc,ferrari,14,18,0,0.0,65,Collision
2019,20,interlagos,stroll,racing_point,17,19,0,0.0,65,Suspension
2019,20,interlagos,bottas,mercedes,4,20,0,0.0,51,Power Unit
2019,21,yas_marina,hamilton,mercedes,1,1,1,26.0,55,Finished
2019,21,yas_marina,max_verstappen,red_bull,2,2,0,18.0,55,Finished
2019,21,yas_marina,leclerc,ferrari,3,3,0,15.0,55,Finished
2019,21,yas_marina,bottas,mercedes,20,4,0,12.0,55,Finished
2019,21,yas_marina,vettel,ferrari,4,5,0,10.0,55,Finished
2019,21,yas_marina,albon,red_bull,5,6,0,8.0,55,Finished
2019,21,yas_marina,perez,racing_point,10,7,0,6.0,54,+1 Lap
2019,21,yas_marina,norris,mclaren,6,8,0,4.0,54,+1 Lap
2019,21,yas_marina,kvyat,toro_rosso,13,9,0,2.0,54,+1 Lap
2019,21,yas_marina,sainz,mclaren,8,10,0,1.0,54,+1 Lap
2019,21,yas_marina,ricciardo,renault,7,11,0,0.0,54,+1 Lap
2019,21,yas_marina,hulkenberg,renault,9,12,0,0.0,54,+1 Lap
2019,21,yas_marina,raikkonen,alfa,17,13,0,0.0,54,+1 Lap
2019,21,yas_marina,kevin_magnussen,haas,14,14,0,0.0,54,+1 Lap
2019,21,yas_marina,grosjean,haas,15,15,0,0.0,54,+1 Lap
2019,21,yas_marina,giovinazzi,alfa,16,16,0,0.0,54,+1 Lap
2019,21,yas_marina,russell,williams,18,17,0,0.0,54,+1 Lap
2019,21,yas_marina,gasly,toro_rosso,11,18,0,0.0,53,+2 Laps
2019,21,yas_marina,kubica,williams,19,19,0,0.0,53,+2 Laps
2019,21,yas_marina,stroll,racing_point,12,20,0,0.0,45,Brakes
2020,1,red_bull_ring,bottas,mercedes,1,1,1,25.0,71,Finished
2020,1,red_bull_ring,leclerc,ferrari,7,2,0,18.0,71,Finished
2020,1,red_bull_ring,norris,mclaren,3,3,0,16.0,71,Finished
2020,1,red_bull_ring,hamilton,mercedes,5,4,0,12.0,71,Finished
2020,1,red_bull_ring,sainz,mclaren,8,5,0,10.0,71,Finished
2020,1,red_bull_ring,perez,racing_point,6,6,0,8.0,71,Finished
2020,1,red_bull_ring,gasly,alphatauri,12,7,0,6.0,71,Finished
2020,1,red_bull_ring,ocon,renault,14,8,0,4.0,71,Finished
2020,1,red_bull_ring,giovinazzi,alfa,18,9,0,2.0,71,Finished
2020,1,red_bull_ring,vettel,ferrari,11,10,0,1.0,71,Finished
2020,1,red_bull_ring,latifi,williams,20,11,0,0.0,71,Finished
2020,1,red_bull_ring,kvyat,alphatauri,13,12,0,0.0,69,Suspension
2020,1,red_bull_ring,albon,red_bull,4,13,0,0.0,67,Electronics
2020,1,red_bull_ring,raikkonen,alfa,19,14,0,0.0,53,Wheel
2020,1,red_bull_ring,russell,williams,17,15,0,0.0,49,Fuel pressure
2020,1,red_bull_ring,grosjean,haas,15,16,0,0.0,49,Brakes
2020,1,red_bull_ring,kevin_magnussen,haas,16,17,0,0.0,24,Brakes
2020,1,red_bull_ring,stroll,racing_point,9,18,0,0.0,20,Engine
2020,1,red_bull_ring,ricciardo,renault,10,19,0,0.0,17,Overheating
2020,1,red_bull_ring,max_verstappen,red_bull,2,20,0,0.0,11,Electronics
2020,2,red_bull_ring,hamilton,mercedes,1,1,1,25.0,71,Finished
2020,2,red_bull_ring,bottas,mercedes,4,2,0,18.0,71,Finished
2020,2,red_bull_ring,max_verstappen,red_bull,2,3,0,15.0,71,Finished
2020,2,red_bull_ring,albon,red_bull,6,4,0,12.0,71,Finished
2020,2,red_bull_ring,norris,mclaren,9,5,0,10.0,71,Finished
2020,2,red_bull_ring,perez,racing_point,17,6,0,8.0,71,Finished
2020,2,red_bull_ring,stroll,racing_point,12,7,0,6.0,71,Finished
2020,2,red_bull_ring,ricciardo,renault,8,8,0,4.0,71,Finished
2020,2,red_bull_ring,sainz,mclaren,3,9,0,3.0,70,+1 Lap
2020,2,red_bull_ring,kvyat,alphatauri,13,10,0,1.0,70,+1 Lap
2020,2,red_bull_ring,raikkonen,alfa,16,11,0,0.0,70,+1 Lap
2020,2,red_bull_ring,kevin_magnussen,haas,15,12,0,0.0,70,+1 Lap
2020,2,red_bull_ring,grosjean,haas,0,13,0,0.0,70,+1 Lap
2020,2,red_bull_ring,giovinazzi,alfa,19,14,0,0.0,70,+1 Lap
2020,2,red_bull_ring,gasly,alphatauri,7,15,0,0.0,70,+1 Lap
2020,2,red_bull_ring,russell,williams,11,16,0,0.0,69,+2 Laps
2020,2,red_bull_ring,latifi,williams,18,17,0,0.0,69,+2 Laps
2020,2,red_bull_ring,ocon,renault,5,18,0,0.0,25,Overheating
2020,2,red_bull_ring,leclerc,ferrari,14,19,0,0.0,4,Collision damage
2020,2,red_bull_ring,vettel,ferrari,10,20,0,0.0,1,Collision damage
2020,3,hungaroring,hamilton,mercedes,1,1,1,26.0,70,Finished
2020,3,hungaroring,max_verstappen,red_bull,7,2,0,18.0,70,Finished
2020,3,hungaroring,bottas,mercedes,2,3,0,15.0,70,Finished
2020,3,hungaroring,stroll,racing_point,3,4,0,12.0,70,Finished
2020,3,hungaroring,albon,red_bull,13,5,0,10.0,70,Finished
2020,3,hungaroring,vettel,ferrari,5,6,0,8.0,69,+1 Lap
2020,3,hungaroring,perez,racing_point,4,7,0,6.0,69,+1 Lap
2020,3,hungaroring,ricciardo,renault,11,8,0,4.0,69,+1 Lap
2020,3,hungaroring,sainz,mclaren,9,9,0,2.0,69,+1 Lap
2020,3,hungaroring,kevin_magnussen,haas,0,10,0,1.0,69,+1 Lap
2020,3,hungaroring,leclerc,ferrari,6,11,0,0.0,69,+1 Lap
2020,3,hungaroring,kvyat,alphatauri,17,12,0,0.0,69,+1 Lap
2020,3,hungaroring,norris,mclaren,8,13,0,0.0,69,+1 Lap
2020,3,hungaroring,ocon,renault,14,14,0,0.0,69,+1 Lap
2020,3,hungaroring,raikkonen,alfa,20,15,0,0.0,69,+1 Lap
2020,3,hungaroring,grosjean,haas,0,16,0,0.0,69,+1 Lap
2020,3,hungaroring,giovinazzi,alfa,19,17,0,0.0,69,+1 Lap
2020,3,hungaroring,russell,williams,12,18,0,0.0,69,+1 Lap
2020,3,hungaroring,latifi,williams,15,19,0,0.0,65,+5 Laps
2020,3,hungaroring,gasly,alphatauri,10,20,0,0.0,15,Engine
2020,4,silverstone,hamilton,mercedes,1,1,1,25.0,52,Finished
2020,4,silverstone,max_verstappen,red_bull,3,2,0,19.0,52,Finished
2020,4,silverstone,leclerc,ferrari,4,3,0,15.0,52,Finished
2020,4,silverstone,ricciardo,renault,8,4,0,12.0,52,Finished
2020,4,silverstone,norris,mclaren,5,5,0,10.0,52,Finished
2020,4,silverstone,ocon,renault,9,6,0,8.0,52,Finished
2020,4,silverstone,gasly,alphatauri,11,7,0,6.0,52,Finished
2020,4,silverstone,albon,red_bull,12,8,0,4.0,52,Finished
2020,4,silverstone,stroll,racing_point,6,9,0,2.0,52,Finished
2020,4,silverstone,vettel,ferrari,10,10,0,1.0,52,Finished
2020,4,silverstone,bottas,mercedes,2,11,0,0.0,52,Finished
2020,4,silverstone,russell,williams,20,12,0,0.0,52,Finished
2020,4,silverstone,sainz,mclaren,7,13,0,0.0,52,Finished
2020,4,silverstone,giovinazzi,alfa,15,14,0,0.0,52,Finished
2020,4,silverstone,latifi,williams,18,15,0,0.0,52,Finished
2020,4,silverstone,grosjean,haas,17,16,0,0.0,52,Finished
2020,4,silverstone,raikkonen,alfa,16,17,0,0.0,51,+1 Lap
2020,4,silverstone,kvyat,alphatauri,19,18,0,0.0,11,Accident
2020,4,silverstone,kevin_magnussen,haas,14,19,0,0.0,1,Collision
2020,4,silverstone,hulkenberg,racing_point,13,20,0,0.0,0,Power Unit
2020,5,silverstone,max_verstappen,red_bull,4,1,1,25.0,52,Finished
2020,5,silverstone,hamilton,mercedes,2,2,0,19.0,52,Finished
2020,5,silverstone,bottas,mercedes,1,3,0,15.0,52,Finished
2020,5,silverstone,leclerc,ferrari,8,4,0,12.0,52,Finished
2020,5,silverstone,albon,red_bull,9,5,0,10.0,52,Finished
2020,5,silverstone,stroll,racing_point,6,6,0,8.0,52,Finished
2020,5,silverstone,hulkenberg,racing_point,3,7,0,6.0,52,Finished
2020,5,silverstone,ocon,renault,14,8,0,4.0,52,Finished
2020,5,silverstone,norris,mclaren,10,9,0,2.0,52,Finished
2020,5,silverstone,kvyat,alphatauri,16,10,0,1.0,52,Finished
2020,5,silverstone,gasly,alphatauri,7,11,0,0.0,52,Finished
2020,5,silverstone,vettel,ferrari,11,12,0,0.0,52,Finished
2020,5,silverstone,sainz,mclaren,12,13,0,0.0,52,Finished
2020,5,silverstone,ricciardo,renault,5,14,0,0.0,51,+1 Lap
2020,5,silverstone,raikkonen,alfa,20,15,0,0.0,51,+1 Lap
2020,5,silverstone,grosjean,haas,13,16,0,0.0,51,+1 Lap
2020,5,silverstone,giovinazzi,alfa,19,17,0,0.0,51,+1 Lap
2020,5,silverstone,russell,williams,15,18,0,0.0,51,+1 Lap
2020,5,silverstone,latifi,williams,18,19,0,0.0,51,+1 Lap
2020,5,silverstone,kevin_magnussen,haas,17,20,0,0.0,43,Retired
2020,6,catalunya,hamilton,mercedes,1,1,1,25.0,66,Finished
2020,6,catalunya,max_verstappen,red_bull,3,2,0,18.0,66,Finished
2020,6,catalunya,bottas,mercedes,2,3,0,16.0,66,Finished
2020,6,catalunya,stroll,racing_point,5,4,0,12.0,65,+1 Lap
2020,6,catalunya,perez,racing_point,4,5,0,10.0,65,+1 Lap
2020,6,catalunya,sainz,mclaren,7,6,0,8.0,65,+1 Lap
2020,6,catalunya,vettel,ferrari,11,7,0,6.0,65,+1 Lap
2020,6,catalunya,albon,red_bull,6,8,0,4.0,65,+1 Lap
2020,6,catalunya,gasly,alphatauri,10,9,0,2.0,65,+1 Lap
2020,6,catalunya,norris,mclaren,8,10,0,1.0,65,+1 Lap
2020,6,catalunya,ricciardo,renault,13,11,0,0.0,65,+1 Lap
2020,6,catalunya,kvyat,alphatauri,12,12,0,0.0,65,+1 Lap
2020,6,catalunya,ocon,renault,15,13,0,0.0,65,+1 Lap
2020,6,catalunya,raikkonen,alfa,14,14,0,0.0,65,+1 Lap
2020,6,catalunya,kevin_magnussen,haas,16,15,0,0.0,65,+1 Lap
2020,6,catalunya,giovinazzi,alfa,20,16,0,0.0,65,+1 Lap
2020,6,catalunya,russell,williams,18,17,0,0.0,65,+1 Lap
2020,6,catalunya,latifi,williams,19,18,0,0.0,64,+2 Laps
2020,6,catalunya,grosjean,haas,17,19,0,0.0,64,+2 Laps
2020,6,catalunya,leclerc,ferrari,9,20,0,0.0,38,Electronics
2020,7,spa,hamilton,mercedes,1,1,1,25.0,44,Finished
2020,7,spa,bottas,mercedes,2,2,0,18.0,44,Finished
2020,7,spa,max_verstappen,red_bull,3,3,0,15.0,44,Finished
2020,7,spa,ricciardo,renault,4,4,0,13.0,44,Finished
2020,7,spa,ocon,renault,6,5,0,10.0,44,Finished
2020,7,spa,albon,red_bull,5,6,0,8.0,44,Finished
2020,7,spa,norris,mclaren,10,7,0,6.0,44,Finished
2020,7,spa,gasly,alphatauri,12,8,0,4.0,44,Finished
2020,7,spa,stroll,racing_point,9,9,0,2.0,44,Finished
2020,7,spa,perez,racing_point,8,10,0,1.0,44,Finished
2020,7,spa,kvyat,alphatauri,11,11,0,0.0,44,Finished
2020,7,spa,raikkonen,alfa,16,12,0,0.0,44,Finished
2020,7,spa,vettel,ferrari,14,13,0,0.0,44,Finished
2020,7,spa,leclerc,ferrari,13,14,0,0.0,44,Finished
2020,7,spa,grosjean,haas,17,15,0,0.0,44,Finished
2020,7,spa,latifi,williams,19,16,0,0.0,44,Finished
2020,7,spa,kevin_magnussen,haas,20,17,0,0.0,44,Finished
2020,7,spa,giovinazzi,alfa,18,18,0,0.0,9,Accident
2020,7,spa,russell,williams,15,19,0,0.0,9,Debris
2020,7,spa,sainz,mclaren,7,20,0,0.0,0,Exhaust
2020,8,monza,gasly,alphatauri,10,1,1,25.0,53,Finished
2020,8,monza,sainz,mclaren,3,2,0,18.0,53,Finished
2020,8,monza,stroll,racing_point,8,3,0,15.0,53,Finished
2020,8,monza,norris,mclaren,6,4,0,12.0,53,Finished
2020,8,monza,bottas,mercedes,2,5,0,10.0,53,Finished
2020,8,monza,ricciardo,renault,7,6,0,8.0,53,Finished
2020,8,monza,hamilton,mercedes,1,7,0,7.0,53,Finished
2020,8,monza,ocon,renault,12,8,0,4.0,53,Finished
2020,8,monza,kvyat,alphatauri,11,9,0,2.0,53,Finished
2020,8,monza,perez,racing_point,4,10,0,1.0,53,Finished
2020,8,monza,latifi,williams,20,11,0,0.0,53,Finished
2020,8,monza,grosjean,haas,16,12,0,0.0,53,Finished
2020,8,monza,raikkonen,alfa,14,13,0,0.0,53,Finished
2020,8,monza,russell,williams,19,14,0,0.0,53,Finished
2020,8,monza,albon,red_bull,9,15,0,0.0,53,Finished
2020,8,monza,giovinazzi,alfa,18,16,0,0.0,53,Finished
2020,8,monza,max_verstappen,red_bull,5,17,0,0.0,30,Power Unit
2020,8,monza,leclerc,ferrari,13,18,0,0.0,23,Accident
2020,8,monza,kevin_magnussen,haas,15,19,0,0.0,17,Power Unit
2020,8,monza,vettel,ferrari,17,20,0,0.0,6,Brakes
2020,9,mugello,hamilton,mercedes,1,1,1,26.0,59,Finished
2020,9,mugello,bottas,mercedes,2,2,0,18.0,59,Finished
2020,9,mugello,albon,red_bull,4,3,0,15.0,59,Finished
2020,9,mugello,ricciardo,renault,8,4,0,12.0,59,Finished
2020,9,mugello,perez,racing_point,7,5,0,10.0,59,Finished
2020,9,mugello,norris,mclaren,11,6,0,8.0,59,Finished
2020,9,mugello,kvyat,alphatauri,12,7,0,6.0,59,Finished
2020,9,mugello,leclerc,ferrari,5,8,0,4.0,59,Finished
2020,9,mugello,raikkonen,alfa,13,9,0,2.0,59,Finished
2020,9,mugello,vettel,ferrari,14,10,0,1.0,59,Finished
2020,9,mugello,russell,williams,18,11,0,0.0,59,Finished
2020,9,mugello,grosjean,haas,15,12,0,0.0,59,Finished
2020,9,mugello,stroll,racing_point,6,13,0,0.0,42,Puncture
2020,9,mugello,ocon,renault,10,14,0,0.0,7,Brakes
2020,9,mugello,latifi,williams,19,15,0,0.0,6,Collision
2020,9,mugello,kevin_magnussen,haas,20,16,0,0.0,5,Collision
2020,9,mugello,giovinazzi,alfa,17,17,0,0.0,5,Collision
2020,9,mugello,sainz,mclaren,9,18,0,0.0,5,Collision
2020,9,mugello,max_verstappen,red_bull,3,19,0,0.0,0,Collision
2020,9,mugello,gasly,alphatauri,16,20,0,0.0,0,Collision
2020,10,sochi,bottas,mercedes,3,1,1,26.0,53,Finished
2020,10,sochi,max_verstappen,red_bull,2,2,0,18.0,53,Finished
2020,10,sochi,hamilton,mercedes,1,3,0,15.0,53,Finished
2020,10,sochi,perez,racing_point,4,4,0,12.0,53,Finished
2020,10,sochi,ricciardo,renault,5,5,0,10.0,53,Finished
2020,10,sochi,leclerc,ferrari,10,6,0,8.0,53,Finished
2020,10,sochi,ocon,renault,7,7,0,6.0,53,Finished
2020,10,sochi,kvyat,alphatauri,11,8,0,4.0,53,Finished
2020,10,sochi,gasly,alphatauri,9,9,0,2.0,53,Finished
2020,10,sochi,albon,red_bull,15,10,0,1.0,53,Finished
2020,10,sochi,giovinazzi,alfa,17,11,0,0.0,52,+1 Lap
2020,10,sochi,kevin_magnussen,haas,18,12,0,0.0,52,+1 Lap
2020,10,sochi,vettel,ferrari,14,13,0,0.0,52,+1 Lap
2020,10,sochi,raikkonen,alfa,19,14,0,0.0,52,+1 Lap
2020,10,sochi,norris,mclaren,8,15,0,0.0,52,+1 Lap
2020,10,sochi,latifi,williams,20,16,0,0.0,52,+1 Lap
2020,10,sochi,grosjean,haas,16,17,0,0.0,52,+1 Lap
2020,10,sochi,russell,williams,13,18,0,0.0,52,+1 Lap
2020,10,sochi,sainz,mclaren,6,19,0,0.0,0,Accident
2020,10,sochi,stroll,racing_point,12,20,0,0.0,0,Collision
2020,11,nurburgring,hamilton,mercedes,2,1,1,25.0,60,Finished
2020,11,nurburgring,max_verstappen,red_bull,3,2,0,19.0,60,Finished
2020,11,nurburgring,ricciardo,renault,6,3,0,15.0,60,Finished
2020,11,nurburgring,perez,racing_point,9,4,0,12.0,60,Finished
2020,11,nurburgring,sainz,mclaren,10,5,0,10.0,60,Finished
2020,11,nurburgring,gasly,alphatauri,12,6,0,8.0,60,Finished
2020,11,nurburgring,leclerc,ferrari,4,7,0,6.0,60,Finished
2020,11,nurburgring,hulkenberg,racing_point,20,8,0,4.0,60,Finished
2020,11,nurburgring,grosjean,haas,16,9,0,2.0,60,Finished
2020,11,nurburgring,giovinazzi,alfa,14,10,0,1.0,60,Finished
2020,11,nurburgring,vettel,ferrari,11,11,0,0.0,60,Finished
2020,11,nurburgring,raikkonen,alfa,19,12,0,0.0,60,Finished
2020,11,nurburgring,kevin_magnussen,haas,15,13,0,0.0,60,Finished
2020,11,nurburgring,latifi,williams,18,14,0,0.0,60,Finished
2020,11,nurburgring,kvyat,alphatauri,13,15,0,0.0,60,Finished
2020,11,nurburgring,norris,mclaren,8,16,0,0.0,42,Power Unit
2020,11,nurburgring,albon,red_bull,5,17,0,0.0,23,Radiator
2020,11,nurburgring,ocon,renault,7,18,0,0.0,22,Gearbox
2020,11,nurburgring,bottas,mercedes,1,19,0,0.0,18,Power Unit
2020,11,nurburgring,russell,williams,17,20,0,0.0,12,Collision
2020,12,portimao,hamilton,mercedes,1,1,1,26.0,66,Finished
2020,12,portimao,bottas,mercedes,2,2,0,18.0,66,Finished
2020,12,portimao,max_verstappen,red_bull,3,3,0,15.0,66,Finished
2020,12,portimao,leclerc,ferrari,4,4,0,12.0,66,Finished
2020,12,portimao,gasly,alphatauri,9,5,0,10.0,65,+1 Lap
2020,12,portimao,sainz,mclaren,7,6,0,8.0,65,+1 Lap
2020,12,portimao,perez,racing_point,5,7,0,6.0,65,+1 Lap
2020,12,portimao,ocon,renault,11,8,0,4.0,65,+1 Lap
2020,12,portimao,ricciardo,renault,10,9,0,2.0,65,+1 Lap
2020,12,portimao,vettel,ferrari,15,10,0,1.0,65,+1 Lap
2020,12,portimao,raikkonen,alfa,16,11,0,0.0,65,+1 Lap
2020,12,portimao,albon,red_bull,6,12,0,0.0,65,+1 Lap
2020,12,portimao,norris,mclaren,8,13,0,0.0,65,+1 Lap
2020,12,portimao,russell,williams,14,14,0,0.0,65,+1 Lap
2020,12,portimao,giovinazzi,alfa,17,15,0,0.0,65,+1 Lap
2020,12,portimao,kevin_magnussen,haas,19,16,0,0.0,65,+1 Lap
2020,12,portimao,grosjean,haas,18,17,0,0.0,65,+1 Lap
2020,12,portimao,latifi,williams,20,18,0,0.0,64,+2 Laps
2020,12,portimao,kvyat,alphatauri,13,19,0,0.0,64,+2 Laps
2020,12,portimao,stroll,racing_point,12,20,0,0.0,51,Collision damage
2020,13,imola,hamilton,mercedes,2,1,1,26.0,63,Finished
2020,13,imola,bottas,mercedes,1,2,0,18.0,63,Finished
2020,13,imola,ricciardo,renault,5,3,0,15.0,63,Finished
2020,13,imola,kvyat,alphatauri,8,4,0,12.0,63,Finished
2020,13,imola,leclerc,ferrari,7,5,0,10.0,63,Finished
2020,13,imola,perez,racing_point,11,6,0,8.0,63,Finished
2020,13,imola,sainz,mclaren,10,7,0,6.0,63,Finished
2020,13,imola,norris,mclaren,9,8,0,4.0,63,Finished
2020,13,imola,raikkonen,alfa,18,9,0,2.0,63,Finished
2020,13,imola,giovinazzi,alfa,20,10,0,1.0,63,Finished
2020,13,imola,latifi,williams,19,11,0,0.0,63,Finished
2020,13,imola,vettel,ferrari,14,12,0,0.0,63,Finished
2020,13,imola,stroll,racing_point,15,13,0,0.0,63,Finished
2020,13,imola,grosjean,haas,16,14,0,0.0,63,Finished
2020,13,imola,albon,red_bull,6,15,0,0.0,63,Finished
2020,13,imola,russell,williams,13,16,0,0.0,51,Accident
2020,13,imola,max_verstappen,red_bull,3,17,0,0.0,50,Puncture
2020,13,imola,kevin_magnussen,haas,17,18,0,0.0,47,Illness
2020,13,imola,ocon,renault,12,19,0,0.0,27,Gearbox
2020,13,imola,gasly,alphatauri,4,20,0,0.0,8,Water pressure
2020,14,istanbul,hamilton,mercedes,6,1,1,25.0,58,Finished
2020,14,istanbul,perez,racing_point,3,2,0,18.0,58,Finished
2020,14,istanbul,vettel,ferrari,11,3,0,15.0,58,Finished
2020,14,istanbul,leclerc,ferrari,12,4,0,12.0,58,Finished
2020,14,istanbul,sainz,mclaren,15,5,0,10.0,58,Finished
2020,14,istanbul,max_verstappen,red_bull,2,6,0,8.0,58,Finished
2020,14,istanbul,albon,red_bull,4,7,0,6.0,58,Finished
2020,14,istanbul,norris,mclaren,14,8,0,5.0,58,Finished
2020,14,istanbul,stroll,racing_point,1,9,0,2.0,58,Finished
2020,14,istanbul,ricciardo,renault,5,10,0,1.0,58,Finished
2020,14,istanbul,ocon,renault,7,11,0,0.0,57,+1 Lap
2020,14,istanbul,kvyat,alphatauri,16,12,0,0.0,57,+1 Lap
2020,14,istanbul,gasly,alphatauri,19,13,0,0.0,57,+1 Lap
2020,14,istanbul,bottas,mercedes,9,14,0,0.0,57,+1 Lap
2020,14,istanbul,raikkonen,alfa,8,15,0,0.0,57,+1 Lap
2020,14,istanbul,russell,williams,0,16,0,0.0,57,+1 Lap
2020,14,istanbul,kevin_magnussen,haas,13,17,0,0.0,55,Withdrew
2020,14,istanbul,grosjean,haas,17,18,0,0.0,49,Collision damage
2020,14,istanbul,latifi,williams,0,19,0,0.0,39,Collision damage
2020,14,istanbul,giovinazzi,alfa,10,20,0,0.0,11,Gearbox
2020,15,bahrain,hamilton,mercedes,1,1,1,25.0,57,Finished
2020,15,bahrain,max_verstappen,red_bull,3,2,0,19.0,57,Finished
2020,15,bahrain,albon,red_bull,4,3,0,15.0,57,Finished
2020,15,bahrain,norris,mclaren,9,4,0,12.0,57,Finished
2020,15,bahrain,sainz,mclaren,15,5,0,10.0,57,Finished
2020,15,bahrain,gasly,alphatauri,8,6,0,8.0,57,Finished
2020,15,bahrain,ricciardo,renault,6,7,0,6.0,57,Finished
2020,15,bahrain,bottas,mercedes,2,8,0,4.0,57,Finished
2020,15,bahrain,ocon,renault,7,9,0,2.0,57,Finished
2020,15,bahrain,leclerc,ferrari,12,10,0,1.0,56,+1 Lap
2020,15,bahrain,kvyat,alphatauri,10,11,0,0.0,56,+1 Lap
2020,15,bahrain,russell,williams,14,12,0,0.0,56,+1 Lap
2020,15,bahrain,vettel,ferrari,11,13,0,0.0,56,+1 Lap
2020,15,bahrain,latifi,williams,20,14,0,0.0,56,+1 Lap
2020,15,bahrain,raikkonen,alfa,17,15,0,0.0,56,+1 Lap
2020,15,bahrain,giovinazzi,alfa,16,16,0,0.0,56,+1 Lap
2020,15,bahrain,kevin_magnussen,haas,18,17,0,0.0,56,+1 Lap
2020,15,bahrain,perez,racing_point,5,18,0,0.0,53,Engine
2020,15,bahrain,stroll,racing_point,13,19,0,0.0,2,Collision
2020,15,bahrain,grosjean,haas,19,20,0,0.0,0,Collision
2020,16,bahrain,perez,racing_point,5,1,1,25.0,87,Finished
2020,16,bahrain,ocon,renault,11,2,0,18.0,87,Finished
2020,16,bahrain,stroll,racing_point,10,3,0,15.0,87,Finished
2020,16,bahrain,sainz,mclaren,8,4,0,12.0,87,Finished
2020,16,bahrain,ricciardo,renault,7,5,0,10.0,87,Finished
2020,16,bahrain,albon,red_bull,12,6,0,8.0,87,Finished
2020,16,bahrain,kvyat,alphatauri,6,7,0,6.0,87,Finished
2020,16,bahrain,bottas,mercedes,1,8,0,4.0,87,Finished
2020,16,bahrain,russell,mercedes,2,9,0,3.0,87,Finished
2020,16,bahrain,norris,mclaren,19,10,0,1.0,87,Finished
2020,16,bahrain,gasly,alphatauri,9,11,0,0.0,87,Finished
2020,16,bahrain,vettel,ferrari,13,12,0,0.0,87,Finished
2020,16,bahrain,giovinazzi,alfa,14,13,0,0.0,87,Finished
2020,16,bahrain,raikkonen,alfa,18,14,0,0.0,87,Finished
2020,16,bahrain,kevin_magnussen,haas,15,15,0,0.0,87,Finished
2020,16,bahrain,aitken,williams,17,16,0,0.0,87,Finished
2020,16,bahrain,pietro_fittipaldi,haas,20,17,0,0.0,87,Finished
2020,16,bahrain,latifi,williams,16,18,0,0.0,52,Engine
2020,16,bahrain,max_verstappen,red_bull,3,19,0,0.0,0,Accident
2020,16,bahrain,leclerc,ferrari,4,20,0,0.0,0,Collision
2020,17,yas_marina,max_verstappen,red_bull,1,1,1,25.0,55,Finished
2020,17,yas_marina,bottas,mercedes,2,2,0,18.0,55,Finished
2020,17,yas_marina,hamilton,mercedes,3,3,0,15.0,55,Finished
2020,17,yas_marina,albon,red_bull,5,4,0,12.0,55,Finished
2020,17,yas_marina,norris,mclaren,4,5,0,10.0,55,Finished
2020,17,yas_marina,sainz,mclaren,6,6,0,8.0,55,Finished
2020,17,yas_marina,ricciardo,renault,11,7,0,7.0,55,Finished
2020,17,yas_marina,gasly,alphatauri,9,8,0,4.0,55,Finished
2020,17,yas_marina,ocon,renault,10,9,0,2.0,55,Finished
2020,17,yas_marina,stroll,racing_point,8,10,0,1.0,55,Finished
2020,17,yas_marina,kvyat,alphatauri,7,11,0,0.0,54,+1 Lap
2020,17,yas_marina,raikkonen,alfa,15,12,0,0.0,54,+1 Lap
2020,17,yas_marina,leclerc,ferrari,12,13,0,0.0,54,+1 Lap
2020,17,yas_marina,vettel,ferrari,13,14,0,0.0,54,+1 Lap
2020,17,yas_marina,russell,williams,16,15,0,0.0,54,+1 Lap
2020,17,yas_marina,giovinazzi,alfa,14,16,0,0.0,54,+1 Lap
2020,17,yas_marina,latifi,williams,18,17,0,0.0,54,+1 Lap
2020,17,yas_marina,kevin_magnussen,haas,20,18,0,0.0,54,+1 Lap
2020,17,yas_marina,pietro_fittipaldi,haas,17,19,0,0.0,53,+2 Laps
2020,17,yas_marina,perez,racing_point,19,20,0,0.0,8,Transmission
2021,1,bahrain,hamilton,mercedes,2,1,1,25.0,56,Finished
2021,1,bahrain,max_verstappen,red_bull,1,2,0,18.0,56,Finished
2021,1,bahrain,bottas,mercedes,3,3,0,16.0,56,Finished
2021,1,bahrain,norris,mclaren,7,4,0,12.0,56,Finished
2021,1,bahrain,perez,red_bull,0,5,0,10.0,56,Finished
2021,1,bahrain,leclerc,ferrari,4,6,0,8.0,56,Finished
2021,1,bahrain,ricciardo,mclaren,6,7,0,6.0,56,Finished
2021,1,bahrain,sainz,ferrari,8,8,0,4.0,56,Finished
2021,1,bahrain,tsunoda,alphatauri,13,9,0,2.0,56,Finished
2021,1,bahrain,stroll,aston_martin,10,10,0,1.0,56,Finished
2021,1,bahrain,raikkonen,alfa,14,11,0,0.0,56,Finished
2021,1,bahrain,giovinazzi,alfa,12,12,0,0.0,55,+1 Lap
2021,1,bahrain,ocon,alpine,16,13,0,0.0,55,+1 Lap
2021,1,bahrain,russell,williams,15,14,0,0.0,55,+1 Lap
2021,1,bahrain,vettel,aston_martin,20,15,0,0.0,55,+1 Lap
2021,1,bahrain,mick_schumacher,haas,18,16,0,0.0,55,+1 Lap
2021,1,bahrain,gasly,alphatauri,5,17,0,0.0,52,Retired
2021,1,bahrain,latifi,williams,17,18,0,0.0,51,Retired
2021,1,bahrain,alonso,alpine,9,19,0,0.0,32,Brakes
2021,1,bahrain,mazepin,haas,19,20,0,0.0,0,Accident
2021,2,imola,max_verstappen,red_bull,3,1,1,25.0,63,Finished
2021,2,imola,hamilton,mercedes,1,2,0,19.0,63,Finished
2021,2,imola,norris,mclaren,7,3,0,15.0,63,Finished
2021,2,imola,leclerc,ferrari,4,4,0,12.0,63,Finished
2021,2,imola,sainz,ferrari,11,5,0,10.0,63,Finished
2021,2,imola,ricciardo,mclaren,6,6,0,8.0,63,Finished
2021,2,imola,gasly,alphatauri,5,7,0,6.0,63,Finished
2021,2,imola,stroll,aston_martin,10,8,0,4.0,63,Finished
2021,2,imola,ocon,alpine,9,9,0,2.0,63,Finished
2021,2,imola,alonso,alpine,15,10,0,1.0,63,Finished
2021,2,imola,perez,red_bull,2,11,0,0.0,63,Finished
2021,2,imola,tsunoda,alphatauri,20,12,0,0.0,63,Finished
2021,2,imola,raikkonen,alfa,16,13,0,0.0,63,Finished
2021,2,imola,giovinazzi,alfa,17,14,0,0.0,62,+1 Lap
2021,2,imola,vettel,aston_martin,0,15,0,0.0,61,Gearbox
2021,2,imola,mick_schumacher,haas,18,16,0,0.0,61,+2 Laps
2021,2,imola,mazepin,haas,19,17,0,0.0,61,+2 Laps
2021,2,imola,bottas,mercedes,8,18,0,0.0,30,Collision
2021,2,imola,russell,williams,12,19,0,0.0,30,Collision
2021,2,imola,latifi,williams,14,20,0,0.0,0,Collision
2021,3,portimao,hamilton,mercedes,2,1,1,25.0,66,Finished
2021,3,portimao,max_verstappen,red_bull,3,2,0,18.0,66,Finished
2021,3,portimao,bottas,mercedes,1,3,0,16.0,66,Finished
2021,3,portimao,perez,red_bull,4,4,0,12.0,66,Finished
2021,3,portimao,norris,mclaren,7,5,0,10.0,66,Finished
2021,3,portimao,leclerc,ferrari,8,6,0,8.0,66,Finished
2021,3,portimao,ocon,alpine,6,7,0,6.0,66,Finished
2021,3,portimao,alonso,alpine,13,8,0,4.0,66,Finished
2021,3,portimao,ricciardo,mclaren,16,9,0,2.0,66,Finished
2021,3,portimao,gasly,alphatauri,9,10,0,1.0,66,Finished
2021,3,portimao,sainz,ferrari,5,11,0,0.0,66,Finished
2021,3,portimao,giovinazzi,alfa,12,12,0,0.0,65,+1 Lap
2021,3,portimao,vettel,aston_martin,10,13,0,0.0,65,+1 Lap
2021,3,portimao,stroll,aston_martin,17,14,0,0.0,65,+1 Lap
2021,3,portimao,tsunoda,alphatauri,14,15,0,0.0,65,+1 Lap
2021,3,portimao,russell,williams,11,16,0,0.0,65,+1 Lap
2021,3,portimao,mick_schumacher,haas,19,17,0,0.0,64,+2 Laps
2021,3,portimao,latifi,williams,18,18,0,0.0,64,+2 Laps
2021,3,portimao,mazepin,haas,20,19,0,0.0,64,+2 Laps
2021,3,portimao,raikkonen,alfa,15,20,0,0.0,1,Collision damage
2021,4,catalunya,hamilton,mercedes,1,1,1,25.0,66,Finished
2021,4,catalunya,max_verstappen,red_bull,2,2,0,19.0,66,Finished
2021,4,catalunya,bottas,mercedes,3,3,0,15.0,66,Finished
2021,4,catalunya,leclerc,ferrari,4,4,0,12.0,66,Finished
2021,4,catalunya,perez,red_bull,8,5,0,10.0,66,Finished
2021,4,catalunya,ricciardo,mclaren,7,6,0,8.0,66,Finished
2021,4,catalunya,sainz,ferrari,6,7,0,6.0,66,Finished
2021,4,catalunya,norris,mclaren,9,8,0,4.0,65,+1 Lap
2021,4,catalunya,ocon,alpine,5,9,0,2.0,65,+1 Lap
2021,4,catalunya,gasly,alphatauri,12,10,0,1.0,65,+1 Lap
2021,4,catalunya,stroll,aston_martin,11,11,0,0.0,65,+1 Lap
2021,4,catalunya,raikkonen,alfa,17,12,0,0.0,65,+1 Lap
2021,4,catalunya,vettel,aston_martin,13,13,0,0.0,65,+1 Lap
2021,4,catalunya,russell,williams,15,14,0,0.0,65,+1 Lap
2021,4,catalunya,giovinazzi,alfa,14,15,0,0.0,65,+1 Lap
2021,4,catalunya,latifi,williams,19,16,0,0.0,65,+1 Lap
2021,4,catalunya,alonso,alpine,10,17,0,0.0,65,+1 Lap
2021,4,catalunya,mick_schumacher,haas,18,18,0,0.0,64,+2 Laps
2021,4,catalunya,mazepin,haas,20,19,0,0.0,64,+2 Laps
2021,4,catalunya,tsunoda,alphatauri,16,20,0,0.0,6,Electrical
2021,5,monaco,max_verstappen,red_bull,2,1,1,25.0,78,Finished
2021,5,monaco,sainz,ferrari,4,2,0,18.0,78,Finished
2021,5,monaco,norris,mclaren,5,3,0,15.0,78,Finished
2021,5,monaco,perez,red_bull,9,4,0,12.0,78,Finished
2021,5,monaco,vettel,aston_martin,8,5,0,10.0,78,Finished
2021,5,monaco,gasly,alphatauri,6,6,0,8.0,78,Finished
2021,5,monaco,hamilton,mercedes,7,7,0,7.0,78,Finished
2021,5,monaco,stroll,aston_martin,13,8,0,4.0,77,+1 Lap
2021,5,monaco,ocon,alpine,11,9,0,2.0,77,+1 Lap
2021,5,monaco,giovinazzi,alfa,10,10,0,1.0,77,+1 Lap
2021,5,monaco,raikkonen,alfa,14,11,0,0.0,77,+1 Lap
2021,5,monaco,ricciardo,mclaren,12,12,0,0.0,77,+1 Lap
2021,5,monaco,alonso,alpine,17,13,0,0.0,77,+1 Lap
2021,5,monaco,russell,williams,15,14,0,0.0,77,+1 Lap
2021,5,monaco,latifi,williams,18,15,0,0.0,77,+1 Lap
2021,5,monaco,tsunoda,alphatauri,16,16,0,0.0,77,+1 Lap
2021,5,monaco,mazepin,haas,19,17,0,0.0,75,+3 Laps
2021,5,monaco,mick_schumacher,haas,20,18,0,0.0,75,+3 Laps
2021,5,monaco,bottas,mercedes,3,19,0,0.0,29,Wheel nut
2021,5,monaco,leclerc,ferrari,1,20,0,0.0,0,Driveshaft
2021,6,baku,perez,red_bull,6,1,1,25.0,51,Finished
2021,6,baku,vettel,aston_martin,11,2,0,18.0,51,Finished
2021,6,baku,gasly,alphatauri,4,3,0,15.0,51,Finished
2021,6,baku,leclerc,ferrari,1,4,0,12.0,51,Finished
2021,6,baku,norris,mclaren,9,5,0,10.0,51,Finished
2021,6,baku,alonso,alpine,8,6,0,8.0,51,Finished
2021,6,baku,tsunoda,alphatauri,7,7,0,6.0,51,Finished
2021,6,baku,sainz,ferrari,5,8,0,4.0,51,Finished
2021,6,baku,ricciardo,mclaren,13,9,0,2.0,51,Finished
2021,6,baku,raikkonen,alfa,14,10,0,1.0,51,Finished
2021,6,baku,giovinazzi,alfa,20,11,0,0.0,51,Finished
2021,6,baku,bottas,mercedes,10,12,0,0.0,51,Finished
2021,6,baku,mick_schumacher,haas,17,13,0,0.0,51,Finished
2021,6,baku,mazepin,haas,18,14,0,0.0,51,Finished
2021,6,baku,hamilton,mercedes,2,15,0,0.0,51,Finished
2021,6,baku,latifi,williams,16,16,0,0.0,51,Finished
2021,6,baku,russell,williams,15,17,0,0.0,48,Gearbox
2021,6,baku,max_verstappen,red_bull,3,18,0,0.0,45,Accident
2021,6,baku,stroll,aston_martin,19,19,0,0.0,29,Accident
2021,6,baku,ocon,alpine,12,20,0,0.0,3,Turbo
2021,7,ricard,max_verstappen,red_bull,1,1,1,26.0,53,Finished
2021,7,ricard,hamilton,mercedes,2,2,0,18.0,53,Finished
2021,7,ricard,perez,red_bull,4,3,0,15.0,53,Finished
2021,7,ricard,bottas,mercedes,3,4,0,12.0,53,Finished
2021,7,ricard,norris,mclaren,8,5,0,10.0,53,Finished
2021,7,ricard,ricciardo,mclaren,10,6,0,8.0,53,Finished
2021,7,ricard,gasly,alphatauri,6,7,0,6.0,53,Finished
2021,7,ricard,alonso,alpine,9,8,0,4.0,53,Finished
2021,7,ricard,vettel,aston_martin,12,9,0,2.0,53,Finished
2021,7,ricard,stroll,aston_martin,19,10,0,1.0,53,Finished
2021,7,ricard,sainz,ferrari,5,11,0,0.0,53,Finished
2021,7,ricard,russell,williams,14,12,0,0.0,52,+1 Lap
2021,7,ricard,tsunoda,alphatauri,0,13,0,0.0,52,+1 Lap
2021,7,ricard,ocon,alpine,11,14,0,0.0,52,+1 Lap
2021,7,ricard,giovinazzi,alfa,13,15,0,0.0,52,+1 Lap
2021,7,ricard,leclerc,ferrari,7,16,0,0.0,52,+1 Lap
2021,7,ricard,raikkonen,alfa,17,17,0,0.0,52,+1 Lap
2021,7,ricard,latifi,williams,16,18,0,0.0,52,+1 Lap
2021,7,ricard,mick_schumacher,haas,15,19,0,0.0,52,+1 Lap
2021,7,ricard,mazepin,haas,18,20,0,0.0,52,+1 Lap
2021,8,red_bull_ring,max_verstappen,red_bull,1,1,1,25.0,71,Finished
2021,8,red_bull_ring,hamilton,mercedes,2,2,0,19.0,71,Finished
2021,8,red_bull_ring,bottas,mercedes,5,3,0,15.0,71,Finished
2021,8,red_bull_ring,perez,red_bull,4,4,0,12.0,71,Finished
2021,8,red_bull_ring,norris,mclaren,3,5,0,10.0,70,+1 Lap
2021,8,red_bull_ring,sainz,ferrari,12,6,0,8.0,70,+1 Lap
2021,8,red_bull_ring,leclerc,ferrari,7,7,0,6.0,70,+1 Lap
2021,8,red_bull_ring,stroll,aston_martin,9,8,0,4.0,70,+1 Lap
2021,8,red_bull_ring,alonso,alpine,8,9,0,2.0,70,+1 Lap
2021,8,red_bull_ring,tsunoda,alphatauri,11,10,0,1.0,70,+1 Lap
2021,8,red_bull_ring,raikkonen,alfa,18,11,0,0.0,70,+1 Lap
2021,8,red_bull_ring,vettel,aston_martin,14,12,0,0.0,70,+1 Lap
2021,8,red_bull_ring,ricciardo,mclaren,13,13,0,0.0,70,+1 Lap
2021,8,red_bull_ring,ocon,alpine,17,14,0,0.0,70,+1 Lap
2021,8,red_bull_ring,giovinazzi,alfa,15,15,0,0.0,70,+1 Lap
2021,8,red_bull_ring,mick_schumacher,haas,19,16,0,0.0,69,+2 Laps
2021,8,red_bull_ring,latifi,williams,16,17,0,0.0,68,+3 Laps
2021,8,red_bull_ring,mazepin,haas,20,18,0,0.0,68,+3 Laps
2021,8,red_bull_ring,russell,williams,10,19,0,0.0,36,Engine
2021,8,red_bull_ring,gasly,alphatauri,6,20,0,0.0,1,Collision
2021,9,red_bull_ring,max_verstappen,red_bull,1,1,1,26.0,71,Finished
2021,9,red_bull_ring,bottas,mercedes,5,2,0,18.0,71,Finished
2021,9,red_bull_ring,norris,mclaren,2,3,0,15.0,71,Finished
2021,9,red_bull_ring,hamilton,mercedes,4,4,0,12.0,71,Finished
2021,9,red_bull_ring,sainz,ferrari,10,5,0,10.0,71,Finished
2021,9,red_bull_ring,perez,red_bull,3,6,0,8.0,71,Finished
2021,9,red_bull_ring,ricciardo,mclaren,13,7,0,6.0,71,Finished
2021,9,red_bull_ring,leclerc,ferrari,12,8,0,4.0,71,Finished
2021,9,red_bull_ring,gasly,alphatauri,6,9,0,2.0,71,Finished
2021,9,red_bull_ring,alonso,alpine,14,10,0,1.0,70,+1 Lap
2021,9,red_bull_ring,russell,williams,8,11,0,0.0,70,+1 Lap
2021,9,red_bull_ring,tsunoda,alphatauri,7,12,0,0.0,70,+1 Lap
2021,9,red_bull_ring,stroll,aston_martin,9,13,0,0.0,70,+1 Lap
2021,9,red_bull_ring,giovinazzi,alfa,15,14,0,0.0,70,+1 Lap
2021,9,red_bull_ring,raikkonen,alfa,16,15,0,0.0,70,+1 Lap
2021,9,red_bull_ring,latifi,williams,18,16,0,0.0,70,+1 Lap
2021,9,red_bull_ring,vettel,aston_martin,11,17,0,0.0,69,Collision
2021,9,red_bull_ring,mick_schumacher,haas,19,18,0,0.0,69,+2 Laps
2021,9,red_bull_ring,mazepin,haas,20,19,0,0.0,69,+2 Laps
2021,9,red_bull_ring,ocon,alpine,17,20,0,0.0,0,Collision
2021,10,silverstone,hamilton,mercedes,2,1,1,25.0,52,Finished
2021,10,silverstone,leclerc,ferrari,4,2,0,18.0,52,Finished
2021,10,silverstone,bottas,mercedes,3,3,0,15.0,52,Finished
2021,10,silverstone,norris,mclaren,5,4,0,12.0,52,Finished
2021,10,silverstone,ricciardo,mclaren,6,5,0,10.0,52,Finished
2021,10,silverstone,sainz,ferrari,10,6,0,8.0,52,Finished
2021,10,silverstone,alonso,alpine,7,7,0,6.0,52,Finished
2021,10,silverstone,stroll,aston_martin,14,8,0,4.0,52,Finished
2021,10,silverstone,ocon,alpine,9,9,0,2.0,52,Finished
2021,10,silverstone,tsunoda,alphatauri,16,10,0,1.0,52,Finished
2021,10,silverstone,gasly,alphatauri,11,11,0,0.0,52,Finished
2021,10,silverstone,russell,williams,12,12,0,0.0,51,+1 Lap
2021,10,silverstone,giovinazzi,alfa,15,13,0,0.0,51,+1 Lap
2021,10,silverstone,latifi,williams,17,14,0,0.0,51,+1 Lap
2021,10,silverstone,raikkonen,alfa,13,15,0,0.0,51,+1 Lap
2021,10,silverstone,perez,red_bull,0,16,0,0.0,51,+1 Lap
2021,10,silverstone,mazepin,haas,19,17,0,0.0,51,+1 Lap
2021,10,silverstone,mick_schumacher,haas,18,18,0,0.0,51,+1 Lap
2021,10,silverstone,vettel,aston_martin,8,19,0,0.0,40,Retired
2021,10,silverstone,max_verstappen,red_bull,1,20,0,0.0,0,Collision
2021,11,hungaroring,ocon,alpine,8,1,1,25.0,70,Finished
2021,11,hungaroring,hamilton,mercedes,1,2,0,18.0,70,Finished
2021,11,hungaroring,sainz,ferrari,15,3,0,15.0,70,Finished
2021,11,hungaroring,alonso,alpine,9,4,0,12.0,70,Finished
2021,11,hungaroring,gasly,alphatauri,5,5,0,11.0,70,Finished
2021,11,hungaroring,tsunoda,alphatauri,16,6,0,8.0,70,Finished
2021,11,hungaroring,latifi,williams,18,7,0,6.0,70,Finished
2021,11,hungaroring,russell,williams,17,8,0,4.0,70,Finished
2021,11,hungaroring,max_verstappen,red_bull,3,9,0,2.0,70,Finished
2021,11,hungaroring,raikkonen,alfa,13,10,0,1.0,69,+1 Lap
2021,11,hungaroring,ricciardo,mclaren,11,11,0,0.0,69,+1 Lap
2021,11,hungaroring,mick_schumacher,haas,20,12,0,0.0,69,+1 Lap
2021,11,hungaroring,giovinazzi,alfa,0,13,0,0.0,69,+1 Lap
2021,11,hungaroring,mazepin,haas,19,14,0,0.0,3,Collision
2021,11,hungaroring,norris,mclaren,6,15,0,0.0,2,Collision
2021,11,hungaroring,bottas,mercedes,2,16,0,0.0,0,Collision
2021,11,hungaroring,perez,red_bull,4,17,0,0.0,0,Collision
2021,11,hungaroring,leclerc,ferrari,7,18,0,0.0,0,Collision
2021,11,hungaroring,stroll,aston_martin,12,19,0,0.0,0,Collision
2021,11,hungaroring,vettel,aston_martin,10,20,0,0.0,70,Disqualified
2021,12,spa,max_verstappen,red_bull,1,1,1,12.5,1,Finished
2021,12,spa,russell,williams,2,2,0,9.0,1,Finished
2021,12,spa,hamilton,mercedes,3,3,0,7.5,1,Finished
2021,12,spa,ricciardo,mclaren,4,4,0,6.0,1,Finished
2021,12,spa,vettel,aston_martin,5,5,0,5.0,1,Finished
2021,12,spa,gasly,alphatauri,6,6,0,4.0,1,Finished
2021,12,spa,ocon,alpine,8,7,0,3.0,1,Finished
2021,12,spa,leclerc,ferrari,9,8,0,2.0,1,Finished
2021,12,spa,latifi,williams,10,9,0,1.0,1,Finished
2021,12,spa,sainz,ferrari,11,10,0,0.5,1,Finished
2021,12,spa,alonso,alpine,12,11,0,0.0,1,Finished
2021,12,spa,bottas,mercedes,13,12,0,0.0,1,Finished
2021,12,spa,giovinazzi,alfa,14,13,0,0.0,1,Finished
2021,12,spa,norris,mclaren,15,14,0,0.0,1,Finished
2021,12,spa,tsunoda,alphatauri,16,15,0,0.0,1,Finished
2021,12,spa,mick_schumacher,haas,17,16,0,0.0,1,Finished
2021,12,spa,mazepin,haas,18,17,0,0.0,1,Finished
2021,12,spa,raikkonen,alfa,0,18,0,0.0,1,Finished
2021,12,spa,perez,red_bull,0,19,0,0.0,1,Finished
2021,12,spa,stroll,aston_martin,19,20,0,0.0,1,Finished
2021,13,zandvoort,max_verstappen,red_bull,1,1,1,25.0,72,Finished
2021,13,zandvoort,hamilton,mercedes,2,2,0,19.0,72,Finished
2021,13,zandvoort,bottas,mercedes,3,3,0,15.0,72,Finished
2021,13,zandvoort,gasly,alphatauri,4,4,0,12.0,71,+1 Lap
2021,13,zandvoort,leclerc,ferrari,5,5,0,10.0,71,+1 Lap
2021,13,zandvoort,alonso,alpine,9,6,0,8.0,71,+1 Lap
2021,13,zandvoort,sainz,ferrari,6,7,0,6.0,71,+1 Lap
2021,13,zandvoort,perez,red_bull,0,8,0,4.0,71,+1 Lap
2021,13,zandvoort,ocon,alpine,8,9,0,2.0,71,+1 Lap
2021,13,zandvoort,norris,mclaren,13,10,0,1.0,71,+1 Lap
2021,13,zandvoort,ricciardo,mclaren,10,11,0,0.0,71,+1 Lap
2021,13,zandvoort,stroll,aston_martin,12,12,0,0.0,70,+2 Laps
2021,13,zandvoort,vettel,aston_martin,15,13,0,0.0,70,+2 Laps
2021,13,zandvoort,giovinazzi,alfa,7,14,0,0.0,70,+2 Laps
2021,13,zandvoort,kubica,alfa,16,15,0,0.0,70,+2 Laps
2021,13,zandvoort,latifi,williams,0,16,0,0.0,70,+2 Laps
2021,13,zandvoort,russell,williams,11,17,0,0.0,69,Gearbox
2021,13,zandvoort,mick_schumacher,haas,17,18,0,0.0,69,+3 Laps
2021,13,zandvoort,tsunoda,alphatauri,14,19,0,0.0,48,Power Unit
2021,13,zandvoort,mazepin,haas,18,20,0,0.0,41,Hydraulics
2021,14,monza,ricciardo,mclaren,2,1,1,26.0,53,Finished
2021,14,monza,norris,mclaren,3,2,0,18.0,53,Finished
2021,14,monza,bottas,mercedes,19,3,0,15.0,53,Finished
2021,14,monza,leclerc,ferrari,5,4,0,12.0,53,Finished
2021,14,monza,perez,red_bull,8,5,0,10.0,53,Finished
2021,14,monza,sainz,ferrari,6,6,0,8.0,53,Finished
2021,14,monza,stroll,aston_martin,9,7,0,6.0,53,Finished
2021,14,monza,alonso,alpine,10,8,0,4.0,53,Finished
2021,14,monza,russell,williams,14,9,0,2.0,53,Finished
2021,14,monza,ocon,alpine,12,10,0,1.0,53,Finished
2021,14,monza,latifi,williams,13,11,0,0.0,53,Finished
2021,14,monza,vettel,aston_martin,11,12,0,0.0,53,Finished
2021,14,monza,giovinazzi,alfa,7,13,0,0.0,53,Finished
2021,14,monza,kubica,alfa,17,14,0,0.0,53,Finished
2021,14,monza,mick_schumacher,haas,18,15,0,0.0,53,Finished
2021,14,monza,mazepin,haas,16,16,0,0.0,41,Power Unit
2021,14,monza,hamilton,mercedes,4,17,0,0.0,25,Collision
2021,14,monza,max_verstappen,red_bull,1,18,0,0.0,25,Collision
2021,14,monza,gasly,alphatauri,0,19,0,0.0,3,Suspension
2021,14,monza,tsunoda,alphatauri,0,20,0,0.0,0,Brakes
2021,15,sochi,hamilton,mercedes,4,1,1,25.0,53,Finished
2021,15,sochi,max_verstappen,red_bull,20,2,0,18.0,53,Finished
2021,15,sochi,sainz,ferrari,2,3,0,15.0,53,Finished
2021,15,sochi,ricciardo,mclaren,5,4,0,12.0,53,Finished
2021,15,sochi,bottas,mercedes,16,5,0,10.0,53,Finished
2021,15,sochi,alonso,alpine,6,6,0,8.0,53,Finished
2021,15,sochi,norris,mclaren,1,7,0,7.0,53,Finished
2021,15,sochi,raikkonen,alfa,13,8,0,4.0,53,Finished
2021,15,sochi,perez,red_bull,8,9,0,2.0,53,Finished
2021,15,sochi,russell,williams,3,10,0,1.0,53,Finished
2021,15,sochi,stroll,aston_martin,7,11,0,0.0,53,Finished
2021,15,sochi,vettel,aston_martin,10,12,0,0.0,52,+1 Lap
2021,15,sochi,gasly,alphatauri,11,13,0,0.0,52,+1 Lap
2021,15,sochi,ocon,alpine,9,14,0,0.0,52,+1 Lap
2021,15,sochi,leclerc,ferrari,19,15,0,0.0,52,+1 Lap
2021,15,sochi,giovinazzi,alfa,17,16,0,0.0,52,+1 Lap
2021,15,sochi,tsunoda,alphatauri,12,17,0,0.0,52,+1 Lap
2021,15,sochi,mazepin,haas,15,18,0,0.0,51,+2 Laps
2021,15,sochi,latifi,williams,18,19,0,0.0,47,Accident
2021,15,sochi,mick_schumacher,haas,14,20,0,0.0,32,Oil leak
2021,16,istanbul,bottas,mercedes,1,1,1,26.0,58,Finished
2021,16,istanbul,max_verstappen,red_bull,2,2,0,18.0,58,Finished
2021,16,istanbul,perez,red_bull,6,3,0,15.0,58,Finished
2021,16,istanbul,leclerc,ferrari,3,4,0,12.0,58,Finished
2021,16,istanbul,hamilton,mercedes,11,5,0,10.0,58,Finished
2021,16,istanbul,gasly,alphatauri,4,6,0,8.0,58,Finished
2021,16,istanbul,norris,mclaren,7,7,0,6.0,58,Finished
2021,16,istanbul,sainz,ferrari,19,8,0,4.0,58,Finished
2021,16,istanbul,stroll,aston_martin,8,9,0,2.0,58,Finished
2021,16,istanbul,ocon,alpine,12,10,0,1.0,57,+1 Lap
2021,16,istanbul,giovinazzi,alfa,16,11,0,0.0,57,+1 Lap
2021,16,istanbul,raikkonen,alfa,17,12,0,0.0,57,+1 Lap
2021,16,istanbul,ricciardo,mclaren,20,13,0,0.0,57,+1 Lap
2021,16,istanbul,tsunoda,alphatauri,9,14,0,0.0,57,+1 Lap
2021,16,istanbul,russell,williams,13,15,0,0.0,57,+1 Lap
2021,16,istanbul,alonso,alpine,5,16,0,0.0,57,+1 Lap
2021,16,istanbul,latifi,williams,15,17,0,0.0,57,+1 Lap
2021,16,istanbul,vettel,aston_martin,10,18,0,0.0,57,+1 Lap
2021,16,istanbul,mick_schumacher,haas,14,19,0,0.0,56,+2 Laps
2021,16,istanbul,mazepin,haas,18,20,0,0.0,56,+2 Laps
2021,17,americas,max_verstappen,red_bull,1,1,1,25.0,56,Finished
2021,17,americas,hamilton,mercedes,2,2,0,19.0,56,Finished
2021,17,americas,perez,red_bull,3,3,0,15.0,56,Finished
2021,17,americas,leclerc,ferrari,4,4,0,12.0,56,Finished
2021,17,americas,ricciardo,mclaren,6,5,0,10.0,56,Finished
2021,17,americas,bottas,mercedes,9,6,0,8.0,56,Finished
2021,17,americas,sainz,ferrari,5,7,0,6.0,56,Finished
2021,17,americas,norris,mclaren,7,8,0,4.0,56,Finished
2021,17,americas,tsunoda,alphatauri,10,9,0,2.0,55,+1 Lap
2021,17,americas,vettel,aston_martin,18,10,0,1.0,55,+1 Lap
2021,17,americas,giovinazzi,alfa,12,11,0,0.0,55,+1 Lap
2021,17,americas,stroll,aston_martin,13,12,0,0.0,55,+1 Lap
2021,17,americas,raikkonen,alfa,15,13,0,0.0,55,+1 Lap
2021,17,americas,russell,williams,20,14,0,0.0,55,+1 Lap
2021,17,americas,latifi,williams,14,15,0,0.0,55,+1 Lap
2021,17,americas,mick_schumacher,haas,16,16,0,0.0,54,+2 Laps
2021,17,americas,mazepin,haas,17,17,0,0.0,54,+2 Laps
2021,17,americas,alonso,alpine,19,18,0,0.0,49,Rear wing
2021,17,americas,ocon,alpine,11,19,0,0.0,40,Mechanical
2021,17,americas,gasly,alphatauri,8,20,0,0.0,14,Suspension
2021,18,rodriguez,max_verstappen,red_bull,3,1,1,25.0,71,Finished
2021,18,rodriguez,hamilton,mercedes,2,2,0,18.0,71,Finished
2021,18,rodriguez,perez,red_bull,4,3,0,15.0,71,Finished
2021,18,rodriguez,gasly,alphatauri,5,4,0,12.0,71,Finished
2021,18,rodriguez,leclerc,ferrari,8,5,0,10.0,71,Finished
2021,18,rodriguez,sainz,ferrari,6,6,0,8.0,70,+1 Lap
2021,18,rodriguez,vettel,aston_martin,9,7,0,6.0,70,+1 Lap
2021,18,rodriguez,raikkonen,alfa,10,8,0,4.0,70,+1 Lap
2021,18,rodriguez,alonso,alpine,12,9,0,2.0,70,+1 Lap
2021,18,rodriguez,norris,mclaren,18,10,0,1.0,70,+1 Lap
2021,18,rodriguez,giovinazzi,alfa,11,11,0,0.0,70,+1 Lap
2021,18,rodriguez,ricciardo,mclaren,7,12,0,0.0,70,+1 Lap
2021,18,rodriguez,ocon,alpine,19,13,0,0.0,70,+1 Lap
2021,18,rodriguez,stroll,aston_martin,20,14,0,0.0,69,+2 Laps
2021,18,rodriguez,bottas,mercedes,1,15,0,0.0,69,+2 Laps
2021,18,rodriguez,russell,williams,16,16,0,0.0,69,+2 Laps
2021,18,rodriguez,latifi,williams,13,17,0,0.0,69,+2 Laps
2021,18,rodriguez,mazepin,haas,15,18,0,0.0,68,+3 Laps
2021,18,rodriguez,mick_schumacher,haas,14,19,0,0.0,0,Collision
2021,18,rodriguez,tsunoda,alphatauri,17,20,0,0.0,0,Collision
2021,19,interlagos,hamilton,mercedes,10,1,1,25.0,71,Finished
2021,19,interlagos,max_verstappen,red_bull,2,2,0,18.0,71,Finished
2021,19,interlagos,bottas,mercedes,1,3,0,15.0,71,Finished
2021,19,interlagos,perez,red_bull,4,4,0,13.0,71,Finished
2021,19,interlagos,leclerc,ferrari,6,5,0,10.0,71,Finished
2021,19,interlagos,sainz,ferrari,3,6,0,8.0,71,Finished
2021,19,interlagos,gasly,alphatauri,7,7,0,6.0,70,+1 Lap
2021,19,interlagos,ocon,alpine,8,8,0,4.0,70,+1 Lap
2021,19,interlagos,alonso,alpine,12,9,0,2.0,70,+1 Lap
2021,19,interlagos,norris,mclaren,5,10,0,1.0,70,+1 Lap
2021,19,interlagos,vettel,aston_martin,9,11,0,0.0,70,+1 Lap
2021,19,interlagos,raikkonen,alfa,0,12,0,0.0,70,+1 Lap
2021,19,interlagos,russell,williams,17,13,0,0.0,70,+1 Lap
2021,19,interlagos,giovinazzi,alfa,13,14,0,0.0,70,+1 Lap
2021,19,interlagos,tsunoda,alphatauri,15,15,0,0.0,70,+1 Lap
2021,19,interlagos,latifi,williams,16,16,0,0.0,70,+1 Lap
2021,19,interlagos,mazepin,haas,19,17,0,0.0,69,+2 Laps
2021,19,interlagos,mick_schumacher,haas,18,18,0,0.0,69,+2 Laps
2021,19,interlagos,ricciardo,mclaren,11,19,0,0.0,49,Power loss
2021,19,interlagos,stroll,aston_martin,14,20,0,0.0,47,Collision damage
2021,20,losail,hamilton,mercedes,1,1,1,25.0,57,Finished
2021,20,losail,max_verstappen,red_bull,7,2,0,19.0,57,Finished
2021,20,losail,alonso,alpine,3,3,0,15.0,57,Finished
2021,20,losail,perez,red_bull,11,4,0,12.0,57,Finished
2021,20,losail,ocon,alpine,9,5,0,10.0,57,Finished
2021,20,losail,stroll,aston_martin,12,6,0,8.0,57,Finished
2021,20,losail,sainz,ferrari,5,7,0,6.0,57,Finished
2021,20,losail,leclerc,ferrari,13,8,0,4.0,57,Finished
2021,20,losail,norris,mclaren,4,9,0,2.0,56,+1 Lap
2021,20,losail,vettel,aston_martin,10,10,0,1.0,56,+1 Lap
2021,20,losail,gasly,alphatauri,2,11,0,0.0,56,+1 Lap
2021,20,losail,ricciardo,mclaren,14,12,0,0.0,56,+1 Lap
2021,20,losail,tsunoda,alphatauri,8,13,0,0.0,56,+1 Lap
2021,20,losail,raikkonen,alfa,16,14,0,0.0,56,+1 Lap
2021,20,losail,giovinazzi,alfa,18,15,0,0.0,56,+1 Lap
2021,20,losail,mick_schumacher,haas,19,16,0,0.0,56,+1 Lap
2021,20,losail,russell,williams,15,17,0,0.0,55,+2 Laps
2021,20,losail,mazepin,haas,20,18,0,0.0,55,+2 Laps
2021,20,losail,latifi,williams,17,19,0,0.0,50,Puncture
2021,20,losail,bottas,mercedes,6,20,0,0.0,48,Damage
2021,21,jeddah,hamilton,mercedes,1,1,1,26.0,50,Finished
2021,21,jeddah,max_verstappen,red_bull,3,2,0,18.0,50,Finished
2021,21,jeddah,bottas,mercedes,2,3,0,15.0,50,Finished
2021,21,jeddah,ocon,alpine,9,4,0,12.0,50,Finished
2021,21,jeddah,ricciardo,mclaren,11,5,0,10.0,50,Finished
2021,21,jeddah,gasly,alphatauri,6,6,0,8.0,50,Finished
2021,21,jeddah,leclerc,ferrari,4,7,0,6.0,50,Finished
2021,21,jeddah,sainz,ferrari,15,8,0,4.0,50,Finished
2021,21,jeddah,giovinazzi,alfa,10,9,0,2.0,50,Finished
2021,21,jeddah,norris,mclaren,7,10,0,1.0,50,Finished
2021,21,jeddah,stroll,aston_martin,18,11,0,0.0,50,Finished
2021,21,jeddah,latifi,williams,16,12,0,0.0,50,Finished
2021,21,jeddah,alonso,alpine,13,13,0,0.0,49,+1 Lap
2021,21,jeddah,tsunoda,alphatauri,8,14,0,0.0,49,+1 Lap
2021,21,jeddah,raikkonen,alfa,12,15,0,0.0,49,+1 Lap
2021,21,jeddah,vettel,aston_martin,17,16,0,0.0,44,Collision damage
2021,21,jeddah,perez,red_bull,5,17,0,0.0,14,Collision
2021,21,jeddah,mazepin,haas,20,18,0,0.0,14,Collision
2021,21,jeddah,russell,williams,14,19,0,0.0,14,Collision
2021,21,jeddah,mick_schumacher,haas,19,20,0,0.0,8,Accident
2021,22,yas_marina,max_verstappen,red_bull,1,1,1,26.0,58,Finished
2021,22,yas_marina,hamilton,mercedes,2,2,0,18.0,58,Finished
2021,22,yas_marina,sainz,ferrari,5,3,0,15.0,58,Finished
2021,22,yas_marina,tsunoda,alphatauri,8,4,0,12.0,58,Finished
2021,22,yas_marina,gasly,alphatauri,12,5,0,10.0,58,Finished
2021,22,yas_marina,bottas,mercedes,6,6,0,8.0,58,Finished
2021,22,yas_marina,norris,mclaren,3,7,0,6.0,58,Finished
2021,22,yas_marina,alonso,alpine,11,8,0,4.0,58,Finished
2021,22,yas_marina,ocon,alpine,9,9,0,2.0,58,Finished
2021,22,yas_marina,leclerc,ferrari,7,10,0,1.0,58,Finished
2021,22,yas_marina,vettel,aston_martin,15,11,0,0.0,58,Finished
2021,22,yas_marina,ricciardo,mclaren,10,12,0,0.0,57,+1 Lap
2021,22,yas_marina,stroll,aston_martin,13,13,0,0.0,57,+1 Lap
2021,22,yas_marina,mick_schumacher,haas,19,14,0,0.0,57,+1 Lap
2021,22,yas_marina,perez,red_bull,4,15,0,0.0,55,Engine
2021,22,yas_marina,latifi,williams,16,16,0,0.0,50,Accident
2021,22,yas_marina,giovinazzi,alfa,14,17,0,0.0,33,Gearbox
2021,22,yas_marina,russell,williams,17,18,0,0.0,26,Gearbox
2021,22,yas_marina,raikkonen,alfa,18,19,0,0.0,25,Brakes
2021,22,yas_marina,mazepin,haas,20,20,0,0.0,0,Illness
2022,1,bahrain,leclerc,ferrari,1,1,1,26.0,57,Finished
2022,1,bahrain,sainz,ferrari,3,2,0,18.0,57,Finished
2022,1,bahrain,hamilton,mercedes,5,3,0,15.0,57,Finished
2022,1,bahrain,russell,mercedes,9,4,0,12.0,57,Finished
2022,1,bahrain,kevin_magnussen,haas,7,5,0,10.0,57,Finished
2022,1,bahrain,bottas,alfa,6,6,0,8.0,57,Finished
2022,1,bahrain,ocon,alpine,11,7,0,6.0,57,Finished
2022,1,bahrain,tsunoda,alphatauri,16,8,0,4.0,57,Finished
2022,1,bahrain,alonso,alpine,8,9,0,2.0,57,Finished
2022,1,bahrain,zhou,alfa,15,10,0,1.0,57,Finished
2022,1,bahrain,mick_schumacher,haas,12,11,0,0.0,57,Finished
2022,1,bahrain,stroll,aston_martin,19,12,0,0.0,57,Finished
2022,1,bahrain,albon,williams,14,13,0,0.0,57,Finished
2022,1,bahrain,ricciardo,mclaren,18,14,0,0.0,57,Finished
2022,1,bahrain,norris,mclaren,13,15,0,0.0,57,Finished
2022,1,bahrain,latifi,williams,20,16,0,0.0,57,Finished
2022,1,bahrain,hulkenberg,aston_martin,17,17,0,0.0,57,Finished
2022,1,bahrain,perez,red_bull,4,18,0,0.0,56,Fuel pressure
2022,1,bahrain,max_verstappen,red_bull,2,19,0,0.0,54,Fuel pressure
2022,1,bahrain,gasly,alphatauri,10,20,0,0.0,44,Power Unit
2022,2,jeddah,max_verstappen,red_bull,4,1,1,25.0,50,Finished
2022,2,jeddah,leclerc,ferrari,2,2,0,19.0,50,Finished
2022,2,jeddah,sainz,ferrari,3,3,0,15.0,50,Finished
2022,2,jeddah,perez,red_bull,1,4,0,12.0,50,Finished
2022,2,jeddah,russell,mercedes,6,5,0,10.0,50,Finished
2022,2,jeddah,ocon,alpine,5,6,0,8.0,50,Finished
2022,2,jeddah,norris,mclaren,11,7,0,6.0,50,Finished
2022,2,jeddah,gasly,alphatauri,9,8,0,4.0,50,Finished
2022,2,jeddah,kevin_magnussen,haas,10,9,0,2.0,50,Finished
2022,2,jeddah,hamilton,mercedes,15,10,0,1.0,50,Finished
2022,2,jeddah,zhou,alfa,12,11,0,0.0,50,Finished
2022,2,jeddah,hulkenberg,aston_martin,17,12,0,0.0,50,Finished
2022,2,jeddah,stroll,aston_martin,13,13,0,0.0,49,+1 Lap
2022,2,jeddah,albon,williams,16,14,0,0.0,47,Collision damage
2022,2,jeddah,bottas,alfa,8,15,0,0.0,36,Cooling system
2022,2,jeddah,alonso,alpine,7,16,0,0.0,35,Water pump
2022,2,jeddah,ricciardo,mclaren,14,17,0,0.0,35,Gearbox
2022,2,jeddah,latifi,williams,18,18,0,0.0,14,Accident
2022,2,jeddah,tsunoda,alphatauri,19,19,0,0.0,0,Power Unit
2022,2,jeddah,mick_schumacher,haas,0,20,0,0.0,0,Withdrew
2022,3,albert_park,leclerc,ferrari,1,1,1,26.0,58,Finished
2022,3,albert_park,perez,red_bull,3,2,0,18.0,58,Finished
2022,3,albert_park,russell,mercedes,6,3,0,15.0,58,Finished
2022,3,albert_park,hamilton,mercedes,5,4,0,12.0,58,Finished
2022,3,albert_park,norris,mclaren,4,5,0,10.0,58,Finished
2022,3,albert_park,ricciardo,mclaren,7,6,0,8.0,58,Finished
2022,3,albert_park,ocon,alpine,8,7,0,6.0,58,Finished
2022,3,albert_park,bottas,alfa,12,8,0,4.0,58,Finished
2022,3,albert_park,gasly,alphatauri,11,9,0,2.0,58,Finished
2022,3,albert_park,albon,williams,20,10,0,1.0,58,Finished
2022,3,albert_park,zhou,alfa,14,11,0,0.0,58,Finished
2022,3,albert_park,stroll,aston_martin,19,12,0,0.0,58,Finished
2022,3,albert_park,mick_schumacher,haas,15,13,0,0.0,57,+1 Lap
2022,3,albert_park,kevin_magnussen,haas,16,14,0,0.0,57,+1 Lap
2022,3,albert_park,tsunoda,alphatauri,13,15,0,0.0,57,+1 Lap
2022,3,albert_park,latifi,williams,18,16,0,0.0,57,+1 Lap
2022,3,albert_park,alonso,alpine,10,17,0,0.0,57,+1 Lap
2022,3,albert_park,max_verstappen,red_bull,2,18,0,0.0,38,Fuel leak
2022,3,albert_park,vettel,aston_martin,17,19,0,0.0,22,Accident
2022,3,albert_park,sainz,ferrari,9,20,0,0.0,1,Spun off
2022,4,imola,max_verstappen,red_bull,1,1,1,26.0,63,Finished
2022,4,imola,perez,red_bull,3,2,0,18.0,63,Finished
2022,4,imola,norris,mclaren,5,3,0,15.0,63,Finished
2022,4,imola,russell,mercedes,11,4,0,12.0,63,Finished
2022,4,imola,bottas,alfa,7,5,0,10.0,63,Finished
2022,4,imola,leclerc,ferrari,2,6,0,8.0,63,Finished
2022,4,imola,tsunoda,alphatauri,12,7,0,6.0,63,Finished
2022,4,imola,vettel,aston_martin,13,8,0,4.0,63,Finished
2022,4,imola,kevin_magnussen,haas,8,9,0,2.0,63,Finished
2022,4,imola,stroll,aston_martin,15,10,0,1.0,62,+1 Lap
2022,4,imola,albon,williams,18,11,0,0.0,62,+1 Lap
2022,4,imola,gasly,alphatauri,17,12,0,0.0,62,+1 Lap
2022,4,imola,hamilton,mercedes,14,13,0,0.0,62,+1 Lap
2022,4,imola,ocon,alpine,16,14,0,0.0,62,+1 Lap
2022,4,imola,zhou,alfa,0,15,0,0.0,62,+1 Lap
2022,4,imola,latifi,williams,19,16,0,0.0,62,+1 Lap
2022,4,imola,mick_schumacher,haas,10,17,0,0.0,62,+1 Lap
2022,4,imola,ricciardo,mclaren,6,18,0,0.0,62,+1 Lap
2022,4,imola,alonso,alpine,9,19,0,0.0,6,Collision damage
2022,4,imola,sainz,ferrari,4,20,0,0.0,0,Collision
2022,5,miami,max_verstappen,red_bull,3,1,1,26.0,57,Finished
2022,5,miami,leclerc,ferrari,1,2,0,18.0,57,Finished
2022,5,miami,sainz,ferrari,2,3,0,15.0,57,Finished
2022,5,miami,perez,red_bull,4,4,0,12.0,57,Finished
2022,5,miami,russell,mercedes,12,5,0,10.0,57,Finished
2022,5,miami,hamilton,mercedes,6,6,0,8.0,57,Finished
2022,5,miami,bottas,alfa,5,7,0,6.0,57,Finished
2022,5,miami,ocon,alpine,20,8,0,4.0,57,Finished
2022,5,miami,albon,williams,18,9,0,2.0,57,Finished
2022,5,miami,stroll,aston_martin,0,10,0,1.0,57,Finished
2022,5,miami,alonso,alpine,11,11,0,0.0,57,Finished
2022,5,miami,tsunoda,alphatauri,9,12,0,0.0,57,Finished
2022,5,miami,ricciardo,mclaren,14,13,0,0.0,57,Finished
2022,5,miami,latifi,williams,19,14,0,0.0,57,Finished
2022,5,miami,mick_schumacher,haas,15,15,0,0.0,57,Finished
2022,5,miami,kevin_magnussen,haas,16,16,0,0.0,56,Front wing
2022,5,miami,vettel,aston_martin,0,17,0,0.0,54,Collision
2022,5,miami,gasly,alphatauri,7,18,0,0.0,45,Suspension
2022,5,miami,norris,mclaren,8,19,0,0.0,39,Collision
2022,5,miami,zhou,alfa,17,20,0,0.0,6,Water leak
2022,6,catalunya,max_verstappen,red_bull,2,1,1,25.0,66,Finished
2022,6,catalunya,perez,red_bull,5,2,0,19.0,66,Finished
2022,6,catalunya,russell,mercedes,4,3,0,15.0,66,Finished
2022,6,catalunya,sainz,ferrari,3,4,0,12.0,66,Finished
2022,6,catalunya,hamilton,mercedes,6,5,0,10.0,66,Finished
2022,6,catalunya,bottas,alfa,7,6,0,8.0,66,Finished
2022,6,catalunya,ocon,alpine,12,7,0,6.0,66,Finished
2022,6,catalunya,norris,mclaren,11,8,0,4.0,66,Finished
2022,6,catalunya,alonso,alpine,20,9,0,2.0,65,+1 Lap
2022,6,catalunya,tsunoda,alphatauri,13,10,0,1.0,65,+1 Lap
2022,6,catalunya,vettel,aston_martin,16,11,0,0.0,65,+1 Lap
2022,6,catalunya,ricciardo,mclaren,9,12,0,0.0,65,+1 Lap
2022,6,catalunya,gasly,alphatauri,14,13,0,0.0,65,+1 Lap
2022,6,catalunya,mick_schumacher,haas,10,14,0,0.0,65,+1 Lap
2022,6,catalunya,stroll,aston_martin,17,15,0,0.0,65,+1 Lap
2022,6,catalunya,latifi,williams,19,16,0,0.0,64,+2 Laps
2022,6,catalunya,kevin_magnussen,haas,8,17,0,0.0,64,+2 Laps
2022,6,catalunya,albon,williams,18,18,0,0.0,64,+2 Laps
2022,6,catalunya,zhou,alfa,15,19,0,0.0,28,Power loss
2022,6,catalunya,leclerc,ferrari,1,20,0,0.0,27,Turbo
2022,7,monaco,perez,red_bull,3,1,1,25.0,64,Finished
2022,7,monaco,sainz,ferrari,2,2,0,18.0,64,Finished
2022,7,monaco,max_verstappen,red_bull,4,3,0,15.0,64,Finished
2022,7,monaco,leclerc,ferrari,1,4,0,12.0,64,Finished
2022,7,monaco,russell,mercedes,6,5,0,10.0,64,Finished
2022,7,monaco,norris,mclaren,5,6,0,9.0,64,Finished
2022,7,monaco,alonso,alpine,7,7,0,6.0,64,Finished
2022,7,monaco,hamilton,mercedes,8,8,0,4.0,64,Finished
2022,7,monaco,bottas,alfa,12,9,0,2.0,64,Finished
2022,7,monaco,vettel,aston_martin,9,10,0,1.0,64,Finished
2022,7,monaco,gasly,alphatauri,17,11,0,0.0,64,Finished
2022,7,monaco,ocon,alpine,10,12,0,0.0,64,Finished
2022,7,monaco,ricciardo,mclaren,14,13,0,0.0,64,Finished
2022,7,monaco,stroll,aston_martin,18,14,0,0.0,64,Finished
2022,7,monaco,latifi,williams,19,15,0,0.0,63,+1 Lap
2022,7,monaco,zhou,alfa,20,16,0,0.0,63,+1 Lap
2022,7,monaco,tsunoda,alphatauri,11,17,0,0.0,63,+1 Lap
2022,7,monaco,albon,williams,16,18,0,0.0,48,Mechanical
2022,7,monaco,mick_schumacher,haas,15,19,0,0.0,24,Accident
2022,7,monaco,kevin_magnussen,haas,13,20,0,0.0,19,Water pressure
2022,8,baku,max_verstappen,red_bull,3,1,1,25.0,51,Finished
2022,8,baku,perez,red_bull,2,2,0,19.0,51,Finished
2022,8,baku,russell,mercedes,5,3,0,15.0,51,Finished
2022,8,baku,hamilton,mercedes,7,4,0,12.0,51,Finished
2022,8,baku,gasly,alphatauri,6,5,0,10.0,51,Finished
2022,8,baku,vettel,aston_martin,9,6,0,8.0,51,Finished
2022,8,baku,alonso,alpine,10,7,0,6.0,51,Finished
2022,8,baku,ricciardo,mclaren,12,8,0,4.0,51,Finished
2022,8,baku,norris,mclaren,11,9,0,2.0,51,Finished
2022,8,baku,ocon,alpine,13,10,0,1.0,51,Finished
2022,8,baku,bottas,alfa,15,11,0,0.0,50,+1 Lap
2022,8,baku,albon,williams,17,12,0,0.0,50,+1 Lap
2022,8,baku,tsunoda,alphatauri,8,13,0,0.0,50,+1 Lap
2022,8,baku,mick_schumacher,haas,20,14,0,0.0,50,+1 Lap
2022,8,baku,latifi,williams,18,15,0,0.0,50,+1 Lap
2022,8,baku,stroll,aston_martin,19,16,0,0.0,46,Vibrations
2022,8,baku,kevin_magnussen,haas,16,17,0,0.0,31,Power Unit
2022,8,baku,zhou,alfa,14,18,0,0.0,23,Hydraulics
2022,8,baku,leclerc,ferrari,1,19,0,0.0,21,Power Unit
2022,8,baku,sainz,ferrari,4,20,0,0.0,8,Hydraulics
2022,9,villeneuve,max_verstappen,red_bull,1,1,1,25.0,70,Finished
2022,9,villeneuve,sainz,ferrari,3,2,0,19.0,70,Finished
2022,9,villeneuve,hamilton,mercedes,4,3,0,15.0,70,Finished
2022,9,villeneuve,russell,mercedes,8,4,0,12.0,70,Finished
2022,9,villeneuve,leclerc,ferrari,19,5,0,10.0,70,Finished
2022,9,villeneuve,ocon,alpine,7,6,0,8.0,70,Finished
2022,9,villeneuve,bottas,alfa,11,7,0,6.0,70,Finished
2022,9,villeneuve,zhou,alfa,10,8,0,4.0,70,Finished
2022,9,villeneuve,alonso,alpine,2,9,0,2.0,70,Finished
2022,9,villeneuve,stroll,aston_martin,17,10,0,1.0,70,Finished
2022,9,villeneuve,ricciardo,mclaren,9,11,0,0.0,70,Finished
2022,9,villeneuve,vettel,aston_martin,16,12,0,0.0,70,Finished
2022,9,villeneuve,albon,williams,12,13,0,0.0,70,Finished
2022,9,villeneuve,gasly,alphatauri,15,14,0,0.0,70,Finished
2022,9,villeneuve,norris,mclaren,14,15,0,0.0,70,Finished
2022,9,villeneuve,latifi,williams,18,16,0,0.0,70,Finished
2022,9,villeneuve,kevin_magnussen,haas,5,17,0,0.0,70,Finished
2022,9,villeneuve,tsunoda,alphatauri,20,18,0,0.0,47,Accident
2022,9,villeneuve,mick_schumacher,haas,6,19,0,0.0,18,Engine
2022,9,villeneuve,perez,red_bull,13,20,0,0.0,7,Gearbox
2022,10,silverstone,sainz,ferrari,1,1,1,25.0,52,Finished
2022,10,silverstone,perez,red_bull,4,2,0,18.0,52,Finished
2022,10,silverstone,hamilton,mercedes,5,3,0,16.0,52,Finished
2022,10,silverstone,leclerc,ferrari,3,4,0,12.0,52,Finished
2022,10,silverstone,alonso,alpine,7,5,0,10.0,52,Finished
2022,10,silverstone,norris,mclaren,6,6,0,8.0,52,Finished
2022,10,silverstone,max_verstappen,red_bull,2,7,0,6.0,52,Finished
2022,10,silverstone,mick_schumacher,haas,19,8,0,4.0,52,Finished
2022,10,silverstone,vettel,aston_martin,18,9,0,2.0,52,Finished
2022,10,silverstone,kevin_magnussen,haas,17,10,0,1.0,52,Finished
2022,10,silverstone,stroll,aston_martin,20,11,0,0.0,52,Finished
2022,10,silverstone,latifi,williams,10,12,0,0.0,52,Finished
2022,10,silverstone,ricciardo,mclaren,14,13,0,0.0,52,Finished
2022,10,silverstone,tsunoda,alphatauri,13,14,0,0.0,52,Finished
2022,10,silverstone,ocon,alpine,15,15,0,0.0,37,Fuel pump
2022,10,silverstone,gasly,alphatauri,11,16,0,0.0,26,Collision damage
2022,10,silverstone,bottas,alfa,12,17,0,0.0,20,Gearbox
2022,10,silverstone,russell,mercedes,8,18,0,0.0,0,Collision
2022,10,silverstone,zhou,alfa,9,19,0,0.0,0,Collision
2022,10,silverstone,albon,williams,16,20,0,0.0,0,Collision
2022,11,red_bull_ring,leclerc,ferrari,2,1,1,25.0,71,Finished
2022,11,red_bull_ring,max_verstappen,red_bull,1,2,0,19.0,71,Finished
2022,11,red_bull_ring,hamilton,mercedes,8,3,0,15.0,71,Finished
2022,11,red_bull_ring,russell,mercedes,4,4,0,12.0,71,Finished
2022,11,red_bull_ring,ocon,alpine,6,5,0,10.0,71,Finished
2022,11,red_bull_ring,mick_schumacher,haas,9,6,0,8.0,70,+1 Lap
2022,11,red_bull_ring,norris,mclaren,10,7,0,6.0,70,+1 Lap
2022,11,red_bull_ring,kevin_magnussen,haas,7,8,0,4.0,70,+1 Lap
2022,11,red_bull_ring,ricciardo,mclaren,11,9,0,2.0,70,+1 Lap
2022,11,red_bull_ring,alonso,alpine,19,10,0,1.0,70,+1 Lap
2022,11,red_bull_ring,bottas,alfa,0,11,0,0.0,70,+1 Lap
2022,11,red_bull_ring,albon,williams,15,12,0,0.0,70,+1 Lap
2022,11,red_bull_ring,stroll,aston_martin,12,13,0,0.0,70,+1 Lap
2022,11,red_bull_ring,zhou,alfa,13,14,0,0.0,70,+1 Lap
2022,11,red_bull_ring,gasly,alphatauri,14,15,0,0.0,70,+1 Lap
2022,11,red_bull_ring,tsunoda,alphatauri,16,16,0,0.0,70,+1 Lap
2022,11,red_bull_ring,vettel,aston_martin,18,17,0,0.0,70,+1 Lap
2022,11,red_bull_ring,sainz,ferrari,3,18,0,0.0,56,Power Unit
2022,11,red_bull_ring,latifi,williams,17,19,0,0.0,48,Undertray
2022,11,red_bull_ring,perez,red_bull,5,20,0,0.0,24,Collision damage
2022,12,ricard,max_verstappen,red_bull,2,1,1,25.0,53,Finished
2022,12,ricard,hamilton,mercedes,4,2,0,18.0,53,Finished
2022,12,ricard,russell,mercedes,6,3,0,15.0,53,Finished
2022,12,ricard,perez,red_bull,3,4,0,12.0,53,Finished
2022,12,ricard,sainz,ferrari,19,5,0,11.0,53,Finished
2022,12,ricard,alonso,alpine,7,6,0,8.0,53,Finished
2022,12,ricard,norris,mclaren,5,7,0,6.0,53,Finished
2022,12,ricard,ocon,alpine,10,8,0,4.0,53,Finished
2022,12,ricard,ricciardo,mclaren,9,9,0,2.0,53,Finished
2022,12,ricard,stroll,aston_martin,15,10,0,1.0,53,Finished
2022,12,ricard,vettel,aston_martin,12,11,0,0.0,53,Finished
2022,12,ricard,gasly,alphatauri,14,12,0,0.0,53,Finished
2022,12,ricard,albon,williams,13,13,0,0.0,53,Finished
2022,12,ricard,bottas,alfa,11,14,0,0.0,53,Finished
2022,12,ricard,mick_schumacher,haas,17,15,0,0.0,53,Finished
2022,12,ricard,zhou,alfa,16,16,0,0.0,47,+6 Laps
2022,12,ricard,latifi,williams,18,17,0,0.0,40,Collision damage
2022,12,ricard,kevin_magnussen,haas,20,18,0,0.0,37,Collision damage
2022,12,ricard,leclerc,ferrari,1,19,0,0.0,17,Accident
2022,12,ricard,tsunoda,alphatauri,8,20,0,0.0,17,Undertray
2022,13,hungaroring,max_verstappen,red_bull,10,1,1,25.0,70,Finished
2022,13,hungaroring,hamilton,mercedes,7,2,0,19.0,70,Finished
2022,13,hungaroring,russell,mercedes,1,3,0,15.0,70,Finished
2022,13,hungaroring,sainz,ferrari,2,4,0,12.0,70,Finished
2022,13,hungaroring,perez,red_bull,11,5,0,10.0,70,Finished
2022,13,hungaroring,leclerc,ferrari,3,6,0,8.0,70,Finished
2022,13,hungaroring,norris,mclaren,4,7,0,6.0,70,Finished
2022,13,hungaroring,alonso,alpine,6,8,0,4.0,69,+1 Lap
2022,13,hungaroring,ocon,alpine,5,9,0,2.0,69,+1 Lap
2022,13,hungaroring,vettel,aston_martin,18,10,0,1.0,69,+1 Lap
2022,13,hungaroring,stroll,aston_martin,14,11,0,0.0,69,+1 Lap
2022,13,hungaroring,gasly,alphatauri,0,12,0,0.0,69,+1 Lap
2022,13,hungaroring,zhou,alfa,12,13,0,0.0,69,+1 Lap
2022,13,hungaroring,mick_schumacher,haas,15,14,0,0.0,69,+1 Lap
2022,13,hungaroring,ricciardo,mclaren,9,15,0,0.0,69,+1 Lap
2022,13,hungaroring,kevin_magnussen,haas,13,16,0,0.0,69,+1 Lap
2022,13,hungaroring,albon,williams,17,17,0,0.0,69,+1 Lap
2022,13,hungaroring,latifi,williams,19,18,0,0.0,69,+1 Lap
2022,13,hungaroring,tsunoda,alphatauri,16,19,0,0.0,68,+2 Laps
2022,13,hungaroring,bottas,alfa,8,20,0,0.0,65,Power Unit
2022,14,spa,max_verstappen,red_bull,14,1,1,26.0,44,Finished
2022,14,spa,perez,red_bull,2,2,0,18.0,44,Finished
2022,14,spa,sainz,ferrari,1,3,0,15.0,44,Finished
2022,14,spa,russell,mercedes,5,4,0,12.0,44,Finished
2022,14,spa,alonso,alpine,3,5,0,10.0,44,Finished
2022,14,spa,leclerc,ferrari,15,6,0,8.0,44,Finished
2022,14,spa,ocon,alpine,16,7,0,6.0,44,Finished
2022,14,spa,vettel,aston_martin,10,8,0,4.0,44,Finished
2022,14,spa,gasly,alphatauri,0,9,0,2.0,44,Finished
2022,14,spa,albon,williams,6,10,0,1.0,44,Finished
2022,14,spa,stroll,aston_martin,9,11,0,0.0,44,Finished
2022,14,spa,norris,mclaren,17,12,0,0.0,44,Finished
2022,14,spa,tsunoda,alphatauri,0,13,0,0.0,44,Finished
2022,14,spa,zhou,alfa,18,14,0,0.0,44,Finished
2022,14,spa,ricciardo,mclaren,7,15,0,0.0,44,Finished
2022,14,spa,kevin_magnussen,haas,12,16,0,0.0,43,+1 Lap
2022,14,spa,mick_schumacher,haas,19,17,0,0.0,43,+1 Lap
2022,14,spa,latifi,williams,11,18,0,0.0,43,+1 Lap
2022,14,spa,bottas,alfa,13,19,0,0.0,1,Accident
2022,14,spa,hamilton,mercedes,4,20,0,0.0,0,Collision damage
2022,15,zandvoort,max_verstappen,red_bull,1,1,1,26.0,72,Finished
2022,15,zandvoort,russell,mercedes,6,2,0,18.0,72,Finished
2022,15,zandvoort,leclerc,ferrari,2,3,0,15.0,72,Finished
2022,15,zandvoort,hamilton,mercedes,4,4,0,12.0,72,Finished
2022,15,zandvoort,perez,red_bull,5,5,0,10.0,72,Finished
2022,15,zandvoort,alonso,alpine,13,6,0,8.0,72,Finished
2022,15,zandvoort,norris,mclaren,7,7,0,6.0,72,Finished
2022,15,zandvoort,sainz,ferrari,3,8,0,4.0,72,Finished
2022,15,zandvoort,ocon,alpine,12,9,0,2.0,72,Finished
2022,15,zandvoort,stroll,aston_martin,10,10,0,1.0,72,Finished
2022,15,zandvoort,gasly,alphatauri,11,11,0,0.0,72,Finished
2022,15,zandvoort,albon,williams,15,12,0,0.0,72,Finished
2022,15,zandvoort,mick_schumacher,haas,8,13,0,0.0,72,Finished
2022,15,zandvoort,vettel,aston_martin,19,14,0,0.0,72,Finished
2022,15,zandvoort,kevin_magnussen,haas,18,15,0,0.0,72,Finished
2022,15,zandvoort,zhou,alfa,14,16,0,0.0,72,Finished
2022,15,zandvoort,ricciardo,mclaren,17,17,0,0.0,72,Finished
2022,15,zandvoort,latifi,williams,20,18,0,0.0,71,+1 Lap
2022,15,zandvoort,bottas,alfa,16,19,0,0.0,53,Engine
2022,15,zandvoort,tsunoda,alphatauri,9,20,0,0.0,43,Differential
2022,16,monza,max_verstappen,red_bull,7,1,1,25.0,53,Finished
2022,16,monza,leclerc,ferrari,1,2,0,18.0,53,Finished
2022,16,monza,russell,mercedes,2,3,0,15.0,53,Finished
2022,16,monza,sainz,ferrari,18,4,0,12.0,53,Finished
2022,16,monza,hamilton,mercedes,19,5,0,10.0,53,Finished
2022,16,monza,perez,red_bull,13,6,0,9.0,53,Finished
2022,16,monza,norris,mclaren,3,7,0,6.0,53,Finished
2022,16,monza,gasly,alphatauri,5,8,0,4.0,53,Finished
2022,16,monza,de_vries,williams,8,9,0,2.0,53,Finished
2022,16,monza,zhou,alfa,9,10,0,1.0,53,Finished
2022,16,monza,ocon,alpine,14,11,0,0.0,53,Finished
2022,16,monza,mick_schumacher,haas,17,12,0,0.0,53,Finished
2022,16,monza,bottas,alfa,15,13,0,0.0,52,+1 Lap
2022,16,monza,tsunoda,alphatauri,20,14,0,0.0,52,+1 Lap
2022,16,monza,latifi,williams,10,15,0,0.0,52,+1 Lap
2022,16,monza,kevin_magnussen,haas,16,16,0,0.0,52,+1 Lap
2022,16,monza,ricciardo,mclaren,4,17,0,0.0,45,Oil leak
2022,16,monza,stroll,aston_martin,12,18,0,0.0,39,Engine
2022,16,monza,alonso,alpine,6,19,0,0.0,31,Water pressure
2022,16,monza,vettel,aston_martin,11,20,0,0.0,10,Engine
2022,17,marina_bay,perez,red_bull,2,1,1,25.0,59,Finished
2022,17,marina_bay,leclerc,ferrari,1,2,0,18.0,59,Finished
2022,17,marina_bay,sainz,ferrari,4,3,0,15.0,59,Finished
2022,17,marina_bay,norris,mclaren,6,4,0,12.0,59,Finished
2022,17,marina_bay,ricciardo,mclaren,16,5,0,10.0,59,Finished
2022,17,marina_bay,stroll,aston_martin,11,6,0,8.0,59,Finished
2022,17,marina_bay,max_verstappen,red_bull,8,7,0,6.0,59,Finished
2022,17,marina_bay,vettel,aston_martin,13,8,0,4.0,59,Finished
2022,17,marina_bay,hamilton,mercedes,3,9,0,2.0,59,Finished
2022,17,marina_bay,gasly,alphatauri,7,10,0,1.0,59,Finished
2022,17,marina_bay,bottas,alfa,15,11,0,0.0,59,Finished
2022,17,marina_bay,kevin_magnussen,haas,9,12,0,0.0,59,Finished
2022,17,marina_bay,mick_schumacher,haas,12,13,0,0.0,58,+1 Lap
2022,17,marina_bay,russell,mercedes,0,14,0,0.0,57,+2 Laps
2022,17,marina_bay,tsunoda,alphatauri,10,15,0,0.0,34,Accident
2022,17,marina_bay,ocon,alpine,17,16,0,0.0,26,Engine
2022,17,marina_bay,albon,williams,18,17,0,0.0,25,Collision damage
2022,17,marina_bay,alonso,alpine,5,18,0,0.0,20,Engine
2022,17,marina_bay,latifi,williams,19,19,0,0.0,7,Collision damage
2022,17,marina_bay,zhou,alfa,14,20,0,0.0,6,Collision
2022,18,suzuka,max_verstappen,red_bull,1,1,1,25.0,28,Finished
2022,18,suzuka,perez,red_bull,4,2,0,18.0,28,Finished
2022,18,suzuka,leclerc,ferrari,2,3,0,15.0,28,Finished
2022,18,suzuka,ocon,alpine,5,4,0,12.0,28,Finished
2022,18,suzuka,hamilton,mercedes,6,5,0,10.0,28,Finished
2022,18,suzuka,vettel,aston_martin,9,6,0,8.0,28,Finished
2022,18,suzuka,alonso,alpine,7,7,0,6.0,28,Finished
2022,18,suzuka,russell,mercedes,8,8,0,4.0,28,Finished
2022,18,suzuka,latifi,williams,20,9,0,2.0,28,Finished
2022,18,suzuka,norris,mclaren,10,10,0,1.0,28,Finished
2022,18,suzuka,ricciardo,mclaren,11,11,0,0.0,28,Finished
2022,18,suzuka,stroll,aston_martin,19,12,0,0.0,28,Finished
2022,18,suzuka,tsunoda,alphatauri,13,13,0,0.0,28,Finished
2022,18,suzuka,kevin_magnussen,haas,18,14,0,0.0,28,Finished
2022,18,suzuka,bottas,alfa,12,15,0,0.0,28,Finished
2022,18,suzuka,zhou,alfa,14,16,0,0.0,28,Finished
2022,18,suzuka,mick_schumacher,haas,15,17,0,0.0,28,Finished
2022,18,suzuka,gasly,alphatauri,17,18,0,0.0,28,Finished
2022,18,suzuka,sainz,ferrari,3,19,0,0.0,0,Accident
2022,18,suzuka,albon,williams,16,20,0,0.0,0,Hydraulics
2022,19,americas,max_verstappen,red_bull,2,1,1,25.0,56,Finished
2022,19,americas,hamilton,mercedes,3,2,0,18.0,56,Finished
2022,19,americas,leclerc,ferrari,12,3,0,15.0,56,Finished
2022,19,americas,perez,red_bull,9,4,0,12.0,56,Finished
2022,19,americas,russell,mercedes,4,5,0,11.0,56,Finished
2022,19,americas,norris,mclaren,6,6,0,8.0,56,Finished
2022,19,americas,alonso,alpine,14,7,0,6.0,56,Finished
2022,19,americas,vettel,aston_martin,10,8,0,4.0,56,Finished
2022,19,americas,kevin_magnussen,haas,13,9,0,2.0,56,Finished
2022,19,americas,tsunoda,alphatauri,19,10,0,1.0,56,Finished
2022,19,americas,ocon,alpine,0,11,0,0.0,56,Finished
2022,19,americas,zhou,alfa,18,12,0,0.0,56,Finished
2022,19,americas,albon,williams,8,13,0,0.0,56,Finished
2022,19,americas,gasly,alphatauri,11,14,0,0.0,56,Finished
2022,19,americas,mick_schumacher,haas,16,15,0,0.0,56,Finished
2022,19,americas,ricciardo,mclaren,15,16,0,0.0,56,Finished
2022,19,americas,latifi,williams,17,17,0,0.0,56,Finished
2022,19,americas,stroll,aston_martin,5,18,0,0.0,21,Collision
2022,19,americas,bottas,alfa,7,19,0,0.0,16,Spun off
2022,19,americas,sainz,ferrari,1,20,0,0.0,1,Collision damage
2022,20,rodriguez,max_verstappen,red_bull,1,1,1,25.0,71,Finished
2022,20,rodriguez,hamilton,mercedes,3,2,0,18.0,71,Finished
2022,20,rodriguez,perez,red_bull,4,3,0,15.0,71,Finished
2022,20,rodriguez,russell,mercedes,2,4,0,13.0,71,Finished
2022,20,rodriguez,sainz,ferrari,5,5,0,10.0,71,Finished
2022,20,rodriguez,leclerc,ferrari,7,6,0,8.0,71,Finished
2022,20,rodriguez,ricciardo,mclaren,11,7,0,6.0,70,+1 Lap
2022,20,rodriguez,ocon,alpine,10,8,0,4.0,70,+1 Lap
2022,20,rodriguez,norris,mclaren,8,9,0,2.0,70,+1 Lap
2022,20,rodriguez,bottas,alfa,6,10,0,1.0,70,+1 Lap
2022,20,rodriguez,gasly,alphatauri,14,11,0,0.0,70,+1 Lap
2022,20,rodriguez,albon,williams,17,12,0,0.0,70,+1 Lap
2022,20,rodriguez,zhou,alfa,12,13,0,0.0,70,+1 Lap
2022,20,rodriguez,vettel,aston_martin,16,14,0,0.0,70,+1 Lap
2022,20,rodriguez,stroll,aston_martin,20,15,0,0.0,70,+1 Lap
2022,20,rodriguez,mick_schumacher,haas,15,16,0,0.0,70,+1 Lap
2022,20,rodriguez,kevin_magnussen,haas,19,17,0,0.0,70,+1 Lap
2022,20,rodriguez,latifi,williams,18,18,0,0.0,69,+2 Laps
2022,20,rodriguez,alonso,alpine,9,19,0,0.0,63,Engine
2022,20,rodriguez,tsunoda,alphatauri,13,20,0,0.0,50,Collision damage
2022,21,interlagos,russell,mercedes,1,1,1,26.0,71,Finished
2022,21,interlagos,hamilton,mercedes,2,2,0,18.0,71,Finished
2022,21,interlagos,sainz,ferrari,7,3,0,15.0,71,Finished
2022,21,interlagos,leclerc,ferrari,5,4,0,12.0,71,Finished
2022,21,interlagos,alonso,alpine,17,5,0,10.0,71,Finished
2022,21,interlagos,max_verstappen,red_bull,3,6,0,8.0,71,Finished
2022,21,interlagos,perez,red_bull,4,7,0,6.0,71,Finished
2022,21,interlagos,ocon,alpine,16,8,0,4.0,71,Finished
2022,21,interlagos,bottas,alfa,14,9,0,2.0,71,Finished
2022,21,interlagos,stroll,aston_martin,15,10,0,1.0,71,Finished
2022,21,interlagos,vettel,aston_martin,9,11,0,0.0,71,Finished
2022,21,interlagos,zhou,alfa,13,12,0,0.0,71,Finished
2022,21,interlagos,mick_schumacher,haas,12,13,0,0.0,71,Finished
2022,21,interlagos,gasly,alphatauri,10,14,0,0.0,71,Finished
2022,21,interlagos,albon,williams,19,15,0,0.0,71,Finished
2022,21,interlagos,latifi,williams,18,16,0,0.0,71,Finished
2022,21,interlagos,tsunoda,alphatauri,0,17,0,0.0,70,+1 Lap
2022,21,interlagos,norris,mclaren,6,18,0,0.0,50,Gearbox
2022,21,interlagos,kevin_magnussen,haas,8,19,0,0.0,0,Collision
2022,21,interlagos,ricciardo,mclaren,11,20,0,0.0,0,Collision
2022,22,yas_marina,max_verstappen,red_bull,1,1,1,25.0,58,Finished
2022,22,yas_marina,leclerc,ferrari,3,2,0,18.0,58,Finished
2022,22,yas_marina,perez,red_bull,2,3,0,15.0,58,Finished
2022,22,yas_marina,sainz,ferrari,4,4,0,12.0,58,Finished
2022,22,yas_marina,russell,mercedes,6,5,0,10.0,58,Finished
2022,22,yas_marina,norris,mclaren,7,6,0,9.0,58,Finished
2022,22,yas_marina,ocon,alpine,8,7,0,6.0,58,Finished
2022,22,yas_marina,stroll,aston_martin,14,8,0,4.0,58,Finished
2022,22,yas_marina,ricciardo,mclaren,13,9,0,2.0,58,Finished
2022,22,yas_marina,vettel,aston_martin,9,10,0,1.0,58,Finished
2022,22,yas_marina,tsunoda,alphatauri,11,11,0,0.0,58,Finished
2022,22,yas_marina,zhou,alfa,15,12,0,0.0,57,+1 Lap
2022,22,yas_marina,albon,williams,19,13,0,0.0,57,+1 Lap
2022,22,yas_marina,gasly,alphatauri,17,14,0,0.0,57,+1 Lap
2022,22,yas_marina,bottas,alfa,18,15,0,0.0,57,+1 Lap
2022,22,yas_marina,mick_schumacher,haas,12,16,0,0.0,57,+1 Lap
2022,22,yas_marina,kevin_magnussen,haas,16,17,0,0.0,57,+1 Lap
2022,22,yas_marina,hamilton,mercedes,5,18,0,0.0,55,Hydraulics
2022,22,yas_marina,latifi,williams,20,19,0,0.0,55,Collision damage
2022,22,yas_marina,alonso,alpine,10,20,0,0.0,27,Water leak
2023,1,bahrain,max_verstappen,red_bull,1,1,1,25.0,57,Finished
2023,1,bahrain,perez,red_bull,2,2,0,18.0,57,Finished
2023,1,bahrain,alonso,aston_martin,5,3,0,15.0,57,Finished
2023,1,bahrain,sainz,ferrari,4,4,0,12.0,57,Finished
2023,1,bahrain,hamilton,mercedes,7,5,0,10.0,57,Finished
2023,1,bahrain,stroll,aston_martin,8,6,0,8.0,57,Finished
2023,1,bahrain,russell,mercedes,6,7,0,6.0,57,Finished
2023,1,bahrain,bottas,alfa,12,8,0,4.0,57,Finished
2023,1,bahrain,gasly,alpine,20,9,0,2.0,57,Finished
2023,1,bahrain,albon,williams,15,10,0,1.0,57,Finished
2023,1,bahrain,tsunoda,alphatauri,14,11,0,0.0,57,Finished
2023,1,bahrain,sargeant,williams,16,12,0,0.0,56,Lapped
2023,1,bahrain,kevin_magnussen,haas,17,13,0,0.0,56,Lapped
2023,1,bahrain,de_vries,alphatauri,19,14,0,0.0,56,Lapped
2023,1,bahrain,hulkenberg,haas,10,15,0,0.0,56,Lapped
2023,1,bahrain,zhou,alfa,13,16,0,0.0,56,Lapped
2023,1,bahrain,norris,mclaren,11,17,0,0.0,55,Lapped
2023,1,bahrain,ocon,alpine,9,18,0,0.0,41,Retired
2023,1,bahrain,leclerc,ferrari,3,19,0,0.0,39,Retired
2023,1,bahrain,piastri,mclaren,18,20,0,0.0,13,Retired
2023,2,jeddah,perez,red_bull,1,1,1,25.0,50,Finished
2023,2,jeddah,max_verstappen,red_bull,15,2,0,19.0,50,Finished
2023,2,jeddah,alonso,aston_martin,2,3,0,15.0,50,Finished
2023,2,jeddah,russell,mercedes,3,4,0,12.0,50,Finished
2023,2,jeddah,hamilton,mercedes,7,5,0,10.0,50,Finished
2023,2,jeddah,sainz,ferrari,4,6,0,8.0,50,Finished
2023,2,jeddah,leclerc,ferrari,12,7,0,6.0,50,Finished
2023,2,jeddah,ocon,alpine,6,8,0,4.0,50,Finished
2023,2,jeddah,gasly,alpine,9,9,0,2.0,50,Finished
2023,2,jeddah,kevin_magnussen,haas,13,10,0,1.0,50,Finished
2023,2,jeddah,tsunoda,alphatauri,16,11,0,0.0,50,Finished
2023,2,jeddah,hulkenberg,haas,10,12,0,0.0,50,Finished
2023,2,jeddah,zhou,alfa,11,13,0,0.0,50,Finished
2023,2,jeddah,de_vries,alphatauri,18,14,0,0.0,50,Finished
2023,2,jeddah,piastri,mclaren,8,15,0,0.0,50,Finished
2023,2,jeddah,sargeant,williams,20,16,0,0.0,50,Finished
2023,2,jeddah,norris,mclaren,19,17,0,0.0,50,Finished
2023,2,jeddah,bottas,alfa,14,18,0,0.0,49,Lapped
2023,2,jeddah,albon,williams,17,19,0,0.0,27,Retired
2023,2,jeddah,stroll,aston_martin,5,20,0,0.0,16,Retired
2023,3,albert_park,max_verstappen,red_bull,1,1,1,25.0,58,Finished
2023,3,albert_park,hamilton,mercedes,3,2,0,18.0,58,Finished
2023,3,albert_park,alonso,aston_martin,4,3,0,15.0,58,Finished
2023,3,albert_park,stroll,aston_martin,6,4,0,12.0,58,Finished
2023,3,albert_park,perez,red_bull,20,5,0,11.0,58,Finished
2023,3,albert_park,norris,mclaren,13,6,0,8.0,58,Finished
2023,3,albert_park,hulkenberg,haas,10,7,0,6.0,58,Finished
2023,3,albert_park,piastri,mclaren,16,8,0,4.0,58,Finished
2023,3,albert_park,zhou,alfa,17,9,0,2.0,58,Finished
2023,3,albert_park,tsunoda,alphatauri,12,10,0,1.0,58,Finished
2023,3,albert_park,bottas,alfa,19,11,0,0.0,58,Finished
2023,3,albert_park,sainz,ferrari,5,12,0,0.0,58,Finished
2023,3,albert_park,gasly,alpine,9,13,0,0.0,56,Retired
2023,3,albert_park,ocon,alpine,11,14,0,0.0,56,Retired
2023,3,albert_park,de_vries,alphatauri,15,15,0,0.0,56,Retired
2023,3,albert_park,sargeant,williams,18,16,0,0.0,56,Retired
2023,3,albert_park,kevin_magnussen,haas,14,17,0,0.0,52,Retired
2023,3,albert_park,russell,mercedes,2,18,0,0.0,17,Retired
2023,3,albert_park,albon,williams,8,19,0,0.0,6,Retired
2023,3,albert_park,leclerc,ferrari,7,20,0,0.0,0,Retired
2023,4,baku,perez,red_bull,3,1,1,25.0,51,Finished
2023,4,baku,max_verstappen,red_bull,2,2,0,18.0,51,Finished
2023,4,baku,leclerc,ferrari,1,3,0,15.0,51,Finished
2023,4,baku,alonso,aston_martin,6,4,0,12.0,51,Finished
2023,4,baku,sainz,ferrari,4,5,0,10.0,51,Finished
2023,4,baku,hamilton,mercedes,5,6,0,8.0,51,Finished
2023,4,baku,stroll,aston_martin,9,7,0,6.0,51,Finished
2023,4,baku,russell,mercedes,11,8,0,5.0,51,Finished
2023,4,baku,norris,mclaren,7,9,0,2.0,51,Finished
2023,4,baku,tsunoda,alphatauri,8,10,0,1.0,51,Finished
2023,4,baku,piastri,mclaren,10,11,0,0.0,51,Finished
2023,4,baku,albon,williams,12,12,0,0.0,51,Finished
2023,4,baku,kevin_magnussen,haas,16,13,0,0.0,51,Finished
2023,4,baku,gasly,alpine,17,14,0,0.0,51,Finished
2023,4,baku,ocon,alpine,19,15,0,0.0,51,Finished
2023,4,baku,sargeant,williams,14,16,0,0.0,51,Finished
2023,4,baku,hulkenberg,haas,20,17,0,0.0,50,Lapped
2023,4,baku,bottas,alfa,13,18,0,0.0,50,Lapped
2023,4,baku,zhou,alfa,15,19,0,0.0,36,Retired
2023,4,baku,de_vries,alphatauri,18,20,0,0.0,9,Retired
2023,5,miami,max_verstappen,red_bull,9,1,1,26.0,57,Finished
2023,5,miami,perez,red_bull,1,2,0,18.0,57,Finished
2023,5,miami,alonso,aston_martin,2,3,0,15.0,57,Finished
2023,5,miami,russell,mercedes,6,4,0,12.0,57,Finished
2023,5,miami,sainz,ferrari,3,5,0,10.0,57,Finished
2023,5,miami,hamilton,mercedes,13,6,0,8.0,57,Finished
2023,5,miami,leclerc,ferrari,7,7,0,6.0,57,Finished
2023,5,miami,gasly,alpine,5,8,0,4.0,57,Finished
2023,5,miami,ocon,alpine,8,9,0,2.0,57,Finished
2023,5,miami,kevin_magnussen,haas,4,10,0,1.0,57,Finished
2023,5,miami,tsunoda,alphatauri,17,11,0,0.0,57,Finished
2023,5,miami,stroll,aston_martin,18,12,0,0.0,57,Finished
2023,5,miami,bottas,alfa,10,13,0,0.0,57,Finished
2023,5,miami,albon,williams,11,14,0,0.0,57,Finished
2023,5,miami,hulkenberg,haas,12,15,0,0.0,57,Finished
2023,5,miami,zhou,alfa,14,16,0,0.0,57,Finished
2023,5,miami,norris,mclaren,16,17,0,0.0,57,Finished
2023,5,miami,de_vries,alphatauri,15,18,0,0.0,57,Finished
2023,5,miami,piastri,mclaren,19,19,0,0.0,56,Lapped
2023,5,miami,sargeant,williams,20,20,0,0.0,56,Lapped
2023,6,monaco,max_verstappen,red_bull,1,1,1,25.0,78,Finished
2023,6,monaco,alonso,aston_martin,2,2,0,18.0,78,Finished
2023,6,monaco,ocon,alpine,3,3,0,15.0,78,Finished
2023,6,monaco,hamilton,mercedes,5,4,0,13.0,78,Finished
2023,6,monaco,russell,mercedes,8,5,0,10.0,78,Finished
2023,6,monaco,leclerc,ferrari,6,6,0,8.0,78,Finished
2023,6,monaco,gasly,alpine,7,7,0,6.0,78,Finished
2023,6,monaco,sainz,ferrari,4,8,0,4.0,78,Finished
2023,6,monaco,norris,mclaren,10,9,0,2.0,77,Lapped
2023,6,monaco,piastri,mclaren,11,10,0,1.0,77,Lapped
2023,6,monaco,bottas,alfa,15,11,0,0.0,77,Lapped
2023,6,monaco,de_vries,alphatauri,12,12,0,0.0,77,Lapped
2023,6,monaco,zhou,alfa,19,13,0,0.0,77,Lapped
2023,6,monaco,albon,williams,13,14,0,0.0,77,Lapped
2023,6,monaco,tsunoda,alphatauri,9,15,0,0.0,76,Lapped
2023,6,monaco,perez,red_bull,20,16,0,0.0,76,Lapped
2023,6,monaco,hulkenberg,haas,18,17,0,0.0,76,Lapped
2023,6,monaco,sargeant,williams,16,18,0,0.0,76,Lapped
2023,6,monaco,kevin_magnussen,haas,17,19,0,0.0,70,Retired
2023,6,monaco,stroll,aston_martin,14,20,0,0.0,53,Retired
2023,7,catalunya,max_verstappen,red_bull,1,1,1,26.0,66,Finished
2023,7,catalunya,hamilton,mercedes,4,2,0,18.0,66,Finished
2023,7,catalunya,russell,mercedes,12,3,0,15.0,66,Finished
2023,7,catalunya,perez,red_bull,11,4,0,12.0,66,Finished
2023,7,catalunya,sainz,ferrari,2,5,0,10.0,66,Finished
2023,7,catalunya,stroll,aston_martin,5,6,0,8.0,66,Finished
2023,7,catalunya,alonso,aston_martin,8,7,0,6.0,66,Finished
2023,7,catalunya,ocon,alpine,6,8,0,4.0,66,Finished
2023,7,catalunya,zhou,alfa,13,9,0,2.0,66,Finished
2023,7,catalunya,gasly,alpine,10,10,0,1.0,66,Finished
2023,7,catalunya,leclerc,ferrari,19,11,0,0.0,66,Finished
2023,7,catalunya,tsunoda,alphatauri,15,12,0,0.0,66,Finished
2023,7,catalunya,piastri,mclaren,9,13,0,0.0,65,Lapped
2023,7,catalunya,de_vries,alphatauri,14,14,0,0.0,65,Lapped
2023,7,catalunya,hulkenberg,haas,7,15,0,0.0,65,Lapped
2023,7,catalunya,albon,williams,18,16,0,0.0,65,Lapped
2023,7,catalunya,norris,mclaren,3,17,0,0.0,65,Lapped
2023,7,catalunya,kevin_magnussen,haas,17,18,0,0.0,65,Lapped
2023,7,catalunya,bottas,alfa,16,19,0,0.0,65,Lapped
2023,7,catalunya,sargeant,williams,20,20,0,0.0,65,Lapped
2023,8,villeneuve,max_verstappen,red_bull,1,1,1,25.0,70,Finished
2023,8,villeneuve,alonso,aston_martin,2,2,0,18.0,70,Finished
2023,8,villeneuve,hamilton,mercedes,3,3,0,15.0,70,Finished
2023,8,villeneuve,leclerc,ferrari,10,4,0,12.0,70,Finished
2023,8,villeneuve,sainz,ferrari,11,5,0,10.0,70,Finished
2023,8,villeneuve,perez,red_bull,12,6,0,9.0,70,Finished
2023,8,villeneuve,albon,williams,9,7,0,6.0,70,Finished
2023,8,villeneuve,ocon,alpine,6,8,0,4.0,70,Finished
2023,8,villeneuve,stroll,aston_martin,16,9,0,2.0,70,Finished
2023,8,villeneuve,bottas,alfa,14,10,0,1.0,70,Finished
2023,8,villeneuve,piastri,mclaren,8,11,0,0.0,70,Finished
2023,8,villeneuve,gasly,alpine,15,12,0,0.0,70,Finished
2023,8,villeneuve,norris,mclaren,7,13,0,0.0,70,Finished
2023,8,villeneuve,tsunoda,alphatauri,19,14,0,0.0,70,Finished
2023,8,villeneuve,hulkenberg,haas,5,15,0,0.0,69,Lapped
2023,8,villeneuve,zhou,alfa,20,16,0,0.0,69,Lapped
2023,8,villeneuve,kevin_magnussen,haas,13,17,0,0.0,69,Lapped
2023,8,villeneuve,de_vries,alphatauri,17,18,0,0.0,69,Lapped
2023,8,villeneuve,russell,mercedes,4,19,0,0.0,53,Retired
2023,8,villeneuve,sargeant,williams,18,20,0,0.0,6,Retired
2023,9,red_bull_ring,max_verstappen,red_bull,1,1,1,26.0,71,Finished
2023,9,red_bull_ring,leclerc,ferrari,2,2,0,18.0,71,Finished
2023,9,red_bull_ring,perez,red_bull,15,3,0,15.0,71,Finished
2023,9,red_bull_ring,norris,mclaren,4,4,0,12.0,71,Finished
2023,9,red_bull_ring,alonso,aston_martin,7,5,0,10.0,71,Finished
2023,9,red_bull_ring,sainz,ferrari,3,6,0,8.0,71,Finished
2023,9,red_bull_ring,russell,mercedes,11,7,0,6.0,71,Finished
2023,9,red_bull_ring,hamilton,mercedes,5,8,0,4.0,71,Finished
2023,9,red_bull_ring,stroll,aston_martin,6,9,0,2.0,71,Finished
2023,9,red_bull_ring,gasly,alpine,9,10,0,1.0,71,Finished
2023,9,red_bull_ring,albon,williams,10,11,0,0.0,71,Finished
2023,9,red_bull_ring,zhou,alfa,17,12,0,0.0,70,Lapped
2023,9,red_bull_ring,sargeant,williams,18,13,0,0.0,70,Lapped
2023,9,red_bull_ring,ocon,alpine,12,14,0,0.0,70,Lapped
2023,9,red_bull_ring,bottas,alfa,14,15,0,0.0,70,Lapped
2023,9,red_bull_ring,piastri,mclaren,13,16,0,0.0,70,Lapped
2023,9,red_bull_ring,de_vries,alphatauri,20,17,0,0.0,70,Lapped
2023,9,red_bull_ring,kevin_magnussen,haas,19,18,0,0.0,70,Lapped
2023,9,red_bull_ring,tsunoda,alphatauri,16,19,0,0.0,70,Lapped
2023,9,red_bull_ring,hulkenberg,haas,8,20,0,0.0,12,Retired
2023,10,silverstone,max_verstappen,red_bull,1,1,1,26.0,52,Finished
2023,10,silverstone,norris,mclaren,2,2,0,18.0,52,Finished
2023,10,silverstone,hamilton,mercedes,7,3,0,15.0,52,Finished
2023,10,silverstone,piastri,mclaren,3,4,0,12.0,52,Finished
2023,10,silverstone,russell,mercedes,6,5,0,10.0,52,Finished
2023,10,silverstone,perez,red_bull,15,6,0,8.0,52,Finished
2023,10,silverstone,alonso,aston_martin,9,7,0,6.0,52,Finished
2023,10,silverstone,albon,williams,8,8,0,4.0,52,Finished
2023,10,silverstone,leclerc,ferrari,4,9,0,2.0,52,Finished
2023,10,silverstone,sainz,ferrari,5,10,0,1.0,52,Finished
2023,10,silverstone,sargeant,williams,14,11,0,0.0,52,Finished
2023,10,silverstone,bottas,alfa,20,12,0,0.0,52,Finished
2023,10,silverstone,hulkenberg,haas,11,13,0,0.0,52,Finished
2023,10,silverstone,stroll,aston_martin,12,14,0,0.0,52,Finished
2023,10,silverstone,zhou,alfa,17,15,0,0.0,52,Finished
2023,10,silverstone,tsunoda,alphatauri,16,16,0,0.0,52,Finished
2023,10,silverstone,de_vries,alphatauri,18,17,0,0.0,52,Finished
2023,10,silverstone,gasly,alpine,10,18,0,0.0,46,Retired
2023,10,silverstone,kevin_magnussen,haas,19,19,0,0.0,31,Retired
2023,10,silverstone,ocon,alpine,13,20,0,0.0,9,Retired
2023,11,hungaroring,max_verstappen,red_bull,2,1,1,26.0,70,Finished
2023,11,hungaroring,norris,mclaren,3,2,0,18.0,70,Finished
2023,11,hungaroring,perez,red_bull,9,3,0,15.0,70,Finished
2023,11,hungaroring,hamilton,mercedes,1,4,0,12.0,70,Finished
2023,11,hungaroring,piastri,mclaren,4,5,0,10.0,70,Finished
2023,11,hungaroring,russell,mercedes,18,6,0,8.0,70,Finished
2023,11,hungaroring,leclerc,ferrari,6,7,0,6.0,70,Finished
2023,11,hungaroring,sainz,ferrari,11,8,0,4.0,70,Finished
2023,11,hungaroring,alonso,aston_martin,8,9,0,2.0,70,Finished
2023,11,hungaroring,stroll,aston_martin,14,10,0,1.0,69,Lapped
2023,11,hungaroring,albon,williams,16,11,0,0.0,69,Lapped
2023,11,hungaroring,bottas,alfa,7,12,0,0.0,69,Lapped
2023,11,hungaroring,ricciardo,alphatauri,13,13,0,0.0,69,Lapped
2023,11,hungaroring,hulkenberg,haas,10,14,0,0.0,69,Lapped
2023,11,hungaroring,tsunoda,alphatauri,17,15,0,0.0,69,Lapped
2023,11,hungaroring,zhou,alfa,5,16,0,0.0,69,Lapped
2023,11,hungaroring,kevin_magnussen,haas,19,17,0,0.0,69,Lapped
2023,11,hungaroring,sargeant,williams,20,18,0,0.0,67,Retired
2023,11,hungaroring,ocon,alpine,12,19,0,0.0,2,Retired
2023,11,hungaroring,gasly,alpine,15,20,0,0.0,1,Retired
2023,12,spa,max_verstappen,red_bull,6,1,1,25.0,44,Finished
2023,12,spa,perez,red_bull,2,2,0,18.0,44,Finished
2023,12,spa,leclerc,ferrari,1,3,0,15.0,44,Finished
2023,12,spa,hamilton,mercedes,3,4,0,13.0,44,Finished
2023,12,spa,alonso,aston_martin,9,5,0,10.0,44,Finished
2023,12,spa,russell,mercedes,8,6,0,8.0,44,Finished
2023,12,spa,norris,mclaren,7,7,0,6.0,44,Finished
2023,12,spa,ocon,alpine,14,8,0,4.0,44,Finished
2023,12,spa,stroll,aston_martin,10,9,0,2.0,44,Finished
2023,12,spa,tsunoda,alphatauri,11,10,0,1.0,44,Finished
2023,12,spa,gasly,alpine,12,11,0,0.0,44,Finished
2023,12,spa,bottas,alfa,13,12,0,0.0,44,Finished
2023,12,spa,zhou,alfa,17,13,0,0.0,44,Finished
2023,12,spa,albon,williams,15,14,0,0.0,44,Finished
2023,12,spa,kevin_magnussen,haas,16,15,0,0.0,44,Finished
2023,12,spa,ricciardo,alphatauri,19,16,0,0.0,44,Finished
2023,12,spa,sargeant,williams,18,17,0,0.0,44,Finished
2023,12,spa,hulkenberg,haas,20,18,0,0.0,44,Finished
2023,12,spa,sainz,ferrari,4,19,0,0.0,23,Retired
2023,12,spa,piastri,mclaren,5,20,0,0.0,0,Retired
2023,13,zandvoort,max_verstappen,red_bull,1,1,1,25.0,72,Finished
2023,13,zandvoort,alonso,aston_martin,5,2,0,19.0,72,Finished
2023,13,zandvoort,gasly,alpine,12,3,0,15.0,72,Finished
2023,13,zandvoort,perez,red_bull,7,4,0,12.0,72,Finished
2023,13,zandvoort,sainz,ferrari,6,5,0,10.0,72,Finished
2023,13,zandvoort,hamilton,mercedes,13,6,0,8.0,72,Finished
2023,13,zandvoort,norris,mclaren,2,7,0,6.0,72,Finished
2023,13,zandvoort,albon,williams,4,8,0,4.0,72,Finished
2023,13,zandvoort,piastri,mclaren,8,9,0,2.0,72,Finished
2023,13,zandvoort,ocon,alpine,16,10,0,1.0,72,Finished
2023,13,zandvoort,stroll,aston_martin,11,11,0,0.0,72,Finished
2023,13,zandvoort,hulkenberg,haas,14,12,0,0.0,72,Finished
2023,13,zandvoort,lawson,alphatauri,19,13,0,0.0,72,Finished
2023,13,zandvoort,bottas,alfa,18,14,0,0.0,72,Finished
2023,13,zandvoort,tsunoda,alphatauri,17,15,0,0.0,72,Finished
2023,13,zandvoort,kevin_magnussen,haas,0,16,0,0.0,72,Finished
2023,13,zandvoort,russell,mercedes,3,17,0,0.0,72,Finished
2023,13,zandvoort,zhou,alfa,15,18,0,0.0,62,Accident
2023,13,zandvoort,leclerc,ferrari,9,19,0,0.0,41,Undertray
2023,13,zandvoort,sargeant,williams,10,20,0,0.0,14,Accident
2023,14,monza,max_verstappen,red_bull,2,1,1,25.0,51,Finished
2023,14,monza,perez,red_bull,5,2,0,18.0,51,Finished
2023,14,monza,sainz,ferrari,1,3,0,15.0,51,Finished
2023,14,monza,leclerc,ferrari,3,4,0,12.0,51,Finished
2023,14,monza,russell,mercedes,4,5,0,10.0,51,Finished
2023,14,monza,hamilton,mercedes,8,6,0,8.0,51,Finished
2023,14,monza,albon,williams,6,7,0,6.0,51,Finished
2023,14,monza,norris,mclaren,9,8,0,4.0,51,Finished
2023,14,monza,alonso,aston_martin,10,9,0,2.0,51,Finished
2023,14,monza,bottas,alfa,14,10,0,1.0,51,Finished
2023,14,monza,lawson,alphatauri,12,11,0,0.0,51,Finished
2023,14,monza,piastri,mclaren,7,12,0,0.0,51,Finished
2023,14,monza,sargeant,williams,15,13,0,0.0,51,Finished
2023,14,monza,zhou,alfa,16,14,0,0.0,51,Finished
2023,14,monza,gasly,alpine,17,15,0,0.0,51,Finished
2023,14,monza,stroll,aston_martin,20,16,0,0.0,51,Finished
2023,14,monza,hulkenberg,haas,13,17,0,0.0,50,Lapped
2023,14,monza,kevin_magnussen,haas,19,18,0,0.0,50,Lapped
2023,14,monza,ocon,alpine,18,19,0,0.0,39,Retired
2023,14,monza,tsunoda,alphatauri,11,20,0,0.0,0,Did not start
2023,15,marina_bay,sainz,ferrari,1,1,1,25.0,62,Finished
2023,15,marina_bay,norris,mclaren,4,2,0,18.0,62,Finished
2023,15,marina_bay,hamilton,mercedes,5,3,0,16.0,62,Finished
2023,15,marina_bay,leclerc,ferrari,3,4,0,12.0,62,Finished
2023,15,marina_bay,max_verstappen,red_bull,11,5,0,10.0,62,Finished
2023,15,marina_bay,gasly,alpine,12,6,0,8.0,62,Finished
2023,15,marina_bay,piastri,mclaren,17,7,0,6.0,62,Finished
2023,15,marina_bay,perez,red_bull,13,8,0,4.0,62,Finished
2023,15,marina_bay,lawson,alphatauri,10,9,0,2.0,62,Finished
2023,15,marina_bay,kevin_magnussen,haas,6,10,0,1.0,62,Finished
2023,15,marina_bay,albon,williams,14,11,0,0.0,62,Finished
2023,15,marina_bay,zhou,alfa,19,12,0,0.0,62,Finished
2023,15,marina_bay,hulkenberg,haas,9,13,0,0.0,62,Finished
2023,15,marina_bay,sargeant,williams,18,14,0,0.0,62,Finished
2023,15,marina_bay,alonso,aston_martin,7,15,0,0.0,62,Finished
2023,15,marina_bay,russell,mercedes,2,16,0,0.0,61,Retired
2023,15,marina_bay,bottas,alfa,16,17,0,0.0,51,Retired
2023,15,marina_bay,ocon,alpine,8,18,0,0.0,42,Retired
2023,15,marina_bay,tsunoda,alphatauri,15,19,0,0.0,0,Retired
2023,15,marina_bay,stroll,aston_martin,0,20,0,0.0,0,Withdrew
2023,16,suzuka,max_verstappen,red_bull,1,1,1,26.0,53,Finished
2023,16,suzuka,norris,mclaren,3,2,0,18.0,53,Finished
2023,16,suzuka,piastri,mclaren,2,3,0,15.0,53,Finished
2023,16,suzuka,leclerc,ferrari,4,4,0,12.0,53,Finished
2023,16,suzuka,hamilton,mercedes,7,5,0,10.0,53,Finished
2023,16,suzuka,sainz,ferrari,6,6,0,8.0,53,Finished
2023,16,suzuka,russell,mercedes,8,7,0,6.0,53,Finished
2023,16,suzuka,alonso,aston_martin,10,8,0,4.0,53,Finished
2023,16,suzuka,ocon,alpine,14,9,0,2.0,53,Finished
2023,16,suzuka,gasly,alpine,12,10,0,1.0,53,Finished
2023,16,suzuka,lawson,alphatauri,11,11,0,0.0,52,Lapped
2023,16,suzuka,tsunoda,alphatauri,9,12,0,0.0,52,Lapped
2023,16,suzuka,zhou,alfa,19,13,0,0.0,52,Lapped
2023,16,suzuka,hulkenberg,haas,18,14,0,0.0,52,Lapped
2023,16,suzuka,kevin_magnussen,haas,15,15,0,0.0,52,Lapped
2023,16,suzuka,albon,williams,13,16,0,0.0,26,Retired
2023,16,suzuka,sargeant,williams,20,17,0,0.0,22,Retired
2023,16,suzuka,stroll,aston_martin,17,18,0,0.0,20,Retired
2023,16,suzuka,perez,red_bull,5,19,0,0.0,15,Retired
2023,16,suzuka,bottas,alfa,16,20,0,0.0,7,Retired
2023,17,losail,max_verstappen,red_bull,1,1,1,26.0,57,Finished
2023,17,losail,piastri,mclaren,6,2,0,18.0,57,Finished
2023,17,losail,norris,mclaren,10,3,0,15.0,57,Finished
2023,17,losail,russell,mercedes,2,4,0,12.0,57,Finished
2023,17,losail,leclerc,ferrari,5,5,0,10.0,57,Finished
2023,17,losail,alonso,aston_martin,4,6,0,8.0,57,Finished
2023,17,losail,ocon,alpine,8,7,0,6.0,57,Finished
2023,17,losail,bottas,alfa,9,8,0,4.0,57,Finished
2023,17,losail,zhou,alfa,19,9,0,2.0,57,Finished
2023,17,losail,perez,red_bull,20,10,0,1.0,57,Finished
2023,17,losail,stroll,aston_martin,16,11,0,0.0,57,Finished
2023,17,losail,gasly,alpine,7,12,0,0.0,57,Finished
2023,17,losail,albon,williams,13,13,0,0.0,57,Finished
2023,17,losail,kevin_magnussen,haas,18,14,0,0.0,56,Lapped
2023,17,losail,tsunoda,alphatauri,11,15,0,0.0,56,Lapped
2023,17,losail,hulkenberg,haas,14,16,0,0.0,56,Lapped
2023,17,losail,lawson,alphatauri,17,17,0,0.0,56,Lapped
2023,17,losail,sargeant,williams,15,18,0,0.0,40,Retired
2023,17,losail,hamilton,mercedes,3,19,0,0.0,0,Retired
2023,17,losail,sainz,ferrari,12,20,0,0.0,0,Did not start
2023,18,americas,max_verstappen,red_bull,6,1,1,25.0,56,Finished
2023,18,americas,norris,mclaren,2,2,0,18.0,56,Finished
2023,18,americas,sainz,ferrari,4,3,0,15.0,56,Finished
2023,18,americas,perez,red_bull,9,4,0,12.0,56,Finished
2023,18,americas,russell,mercedes,5,5,0,10.0,56,Finished
2023,18,americas,gasly,alpine,7,6,0,8.0,56,Finished
2023,18,americas,stroll,aston_martin,20,7,0,6.0,56,Finished
2023,18,americas,tsunoda,alphatauri,11,8,0,5.0,56,Finished
2023,18,americas,albon,williams,15,9,0,2.0,56,Finished
2023,18,americas,sargeant,williams,16,10,0,1.0,56,Finished
2023,18,americas,hulkenberg,haas,18,11,0,0.0,56,Finished
2023,18,americas,bottas,alfa,13,12,0,0.0,56,Finished
2023,18,americas,zhou,alfa,12,13,0,0.0,55,Lapped
2023,18,americas,kevin_magnussen,haas,17,14,0,0.0,55,Lapped
2023,18,americas,ricciardo,alphatauri,14,15,0,0.0,55,Lapped
2023,18,americas,alonso,aston_martin,19,16,0,0.0,49,Retired
2023,18,americas,piastri,mclaren,10,17,0,0.0,10,Retired
2023,18,americas,ocon,alpine,8,18,0,0.0,6,Retired
2023,18,americas,hamilton,mercedes,3,19,0,0.0,56,Disqualified
2023,18,americas,leclerc,ferrari,1,20,0,0.0,56,Disqualified
2023,19,rodriguez,max_verstappen,red_bull,3,1,1,25.0,71,Finished
2023,19,rodriguez,hamilton,mercedes,6,2,0,19.0,71,Finished
2023,19,rodriguez,leclerc,ferrari,1,3,0,15.0,71,Finished
2023,19,rodriguez,sainz,ferrari,2,4,0,12.0,71,Finished
2023,19,rodriguez,norris,mclaren,17,5,0,10.0,71,Finished
2023,19,rodriguez,russell,mercedes,8,6,0,8.0,71,Finished
2023,19,rodriguez,ricciardo,alphatauri,4,7,0,6.0,71,Finished
2023,19,rodriguez,piastri,mclaren,7,8,0,4.0,71,Finished
2023,19,rodriguez,albon,williams,14,9,0,2.0,71,Finished
2023,19,rodriguez,ocon,alpine,15,10,0,1.0,71,Finished
2023,19,rodriguez,gasly,alpine,11,11,0,0.0,71,Finished
2023,19,rodriguez,tsunoda,alphatauri,18,12,0,0.0,71,Finished
2023,19,rodriguez,hulkenberg,haas,12,13,0,0.0,71,Finished
2023,19,rodriguez,zhou,alfa,10,14,0,0.0,71,Finished
2023,19,rodriguez,bottas,alfa,9,15,0,0.0,71,Finished
2023,19,rodriguez,sargeant,williams,19,16,0,0.0,70,Retired
2023,19,rodriguez,stroll,aston_martin,0,17,0,0.0,66,Collision damage
2023,19,rodriguez,alonso,aston_martin,13,18,0,0.0,47,Withdrew
2023,19,rodriguez,kevin_magnussen,haas,16,19,0,0.0,31,Accident
2023,19,rodriguez,perez,red_bull,5,20,0,0.0,1,Collision damage
2023,20,interlagos,max_verstappen,red_bull,1,1,1,25.0,71,Finished
2023,20,interlagos,norris,mclaren,6,2,0,19.0,71,Finished
2023,20,interlagos,alonso,aston_martin,4,3,0,15.0,71,Finished
2023,20,interlagos,perez,red_bull,9,4,0,12.0,71,Finished
2023,20,interlagos,stroll,aston_martin,3,5,0,10.0,71,Finished
2023,20,interlagos,sainz,ferrari,7,6,0,8.0,71,Finished
2023,20,interlagos,gasly,alpine,15,7,0,6.0,71,Finished
2023,20,interlagos,hamilton,mercedes,5,8,0,4.0,71,Finished
2023,20,interlagos,tsunoda,alphatauri,16,9,0,2.0,71,Finished
2023,20,interlagos,ocon,alpine,14,10,0,1.0,70,Lapped
2023,20,interlagos,sargeant,williams,19,11,0,0.0,70,Lapped
2023,20,interlagos,hulkenberg,haas,11,12,0,0.0,70,Lapped
2023,20,interlagos,ricciardo,alphatauri,17,13,0,0.0,70,Lapped
2023,20,interlagos,piastri,mclaren,10,14,0,0.0,69,Lapped
2023,20,interlagos,russell,mercedes,8,15,0,0.0,57,Retired
2023,20,interlagos,bottas,alfa,18,16,0,0.0,39,Retired
2023,20,interlagos,zhou,alfa,20,17,0,0.0,22,Retired
2023,20,interlagos,kevin_magnussen,haas,12,18,0,0.0,0,Retired
2023,20,interlagos,albon,williams,13,19,0,0.0,0,Retired
2023,20,interlagos,leclerc,ferrari,2,20,0,0.0,0,Did not start
2023,21,vegas,max_verstappen,red_bull,2,1,1,25.0,50,Finished
2023,21,vegas,leclerc,ferrari,1,2,0,18.0,50,Finished
2023,21,vegas,perez,red_bull,11,3,0,15.0,50,Finished
2023,21,vegas,ocon,alpine,16,4,0,12.0,50,Finished
2023,21,vegas,stroll,aston_martin,19,5,0,10.0,50,Finished
2023,21,vegas,sainz,ferrari,12,6,0,8.0,50,Finished
2023,21,vegas,hamilton,mercedes,10,7,0,6.0,50,Finished
2023,21,vegas,russell,mercedes,3,8,0,4.0,50,Finished
2023,21,vegas,alonso,aston_martin,9,9,0,2.0,50,Finished
2023,21,vegas,piastri,mclaren,18,10,0,2.0,50,Finished
2023,21,vegas,gasly,alpine,4,11,0,0.0,50,Finished
2023,21,vegas,albon,williams,5,12,0,0.0,50,Finished
2023,21,vegas,kevin_magnussen,haas,8,13,0,0.0,50,Finished
2023,21,vegas,ricciardo,alphatauri,14,14,0,0.0,50,Finished
2023,21,vegas,zhou,alfa,17,15,0,0.0,50,Finished
2023,21,vegas,sargeant,williams,6,16,0,0.0,50,Finished
2023,21,vegas,bottas,alfa,7,17,0,0.0,50,Finished
2023,21,vegas,tsunoda,alphatauri,20,18,0,0.0,46,Retired
2023,21,vegas,hulkenberg,haas,13,19,0,0.0,45,Retired
2023,21,vegas,norris,mclaren,15,20,0,0.0,2,Retired
2023,22,yas_marina,max_verstappen,red_bull,1,1,1,26.0,58,Finished
2023,22,yas_marina,leclerc,ferrari,2,2,0,18.0,58,Finished
2023,22,yas_marina,russell,mercedes,4,3,0,15.0,58,Finished
2023,22,yas_marina,perez,red_bull,9,4,0,12.0,58,Finished
2023,22,yas_marina,norris,mclaren,5,5,0,10.0,58,Finished
2023,22,yas_marina,piastri,mclaren,3,6,0,8.0,58,Finished
2023,22,yas_marina,alonso,aston_martin,7,7,0,6.0,58,Finished
2023,22,yas_marina,tsunoda,alphatauri,6,8,0,4.0,58,Finished
2023,22,yas_marina,hamilton,mercedes,11,9,0,2.0,58,Finished
2023,22,yas_marina,stroll,aston_martin,13,10,0,1.0,58,Finished
2023,22,yas_marina,ricciardo,alphatauri,15,11,0,0.0,58,Finished
2023,22,yas_marina,ocon,alpine,12,12,0,0.0,58,Finished
2023,22,yas_marina,gasly,alpine,10,13,0,0.0,58,Finished
2023,22,yas_marina,albon,williams,14,14,0,0.0,58,Finished
2023,22,yas_marina,hulkenberg,haas,8,15,0,0.0,58,Finished
2023,22,yas_marina,sargeant,williams,20,16,0,0.0,58,Finished
2023,22,yas_marina,zhou,alfa,19,17,0,0.0,58,Finished
2023,22,yas_marina,sainz,ferrari,16,18,0,0.0,57,Retired
2023,22,yas_marina,bottas,alfa,18,19,0,0.0,57,Lapped
2023,22,yas_marina,kevin_magnussen,haas,17,20,0,0.0,57,Lapped
2024,1,bahrain,max_verstappen,red_bull,1,1,1,26.0,57,Finished
2024,1,bahrain,perez,red_bull,5,2,0,18.0,57,Finished
2024,1,bahrain,sainz,ferrari,4,3,0,15.0,57,Finished
2024,1,bahrain,leclerc,ferrari,2,4,0,12.0,57,Finished
2024,1,bahrain,russell,mercedes,3,5,0,10.0,57,Finished
2024,1,bahrain,norris,mclaren,7,6,0,8.0,57,Finished
2024,1,bahrain,hamilton,mercedes,9,7,0,6.0,57,Finished
2024,1,bahrain,piastri,mclaren,8,8,0,4.0,57,Finished
2024,1,bahrain,alonso,aston_martin,6,9,0,2.0,57,Finished
2024,1,bahrain,stroll,aston_martin,12,10,0,1.0,57,Finished
2024,1,bahrain,zhou,sauber,17,11,0,0.0,56,Lapped
2024,1,bahrain,kevin_magnussen,haas,15,12,0,0.0,56,Lapped
2024,1,bahrain,ricciardo,rb,14,13,0,0.0,56,Lapped
2024,1,bahrain,tsunoda,rb,11,14,0,0.0,56,Lapped
2024,1,bahrain,albon,williams,13,15,0,0.0,56,Lapped
2024,1,bahrain,hulkenberg,haas,10,16,0,0.0,56,Lapped
2024,1,bahrain,ocon,alpine,19,17,0,0.0,56,Lapped
2024,1,bahrain,gasly,alpine,20,18,0,0.0,56,Lapped
2024,1,bahrain,bottas,sauber,16,19,0,0.0,56,Lapped
2024,1,bahrain,sargeant,williams,18,20,0,0.0,55,Lapped
2024,2,jeddah,max_verstappen,red_bull,1,1,1,25.0,50,Finished
2024,2,jeddah,perez,red_bull,3,2,0,18.0,50,Finished
2024,2,jeddah,leclerc,ferrari,2,3,0,16.0,50,Finished
2024,2,jeddah,piastri,mclaren,5,4,0,12.0,50,Finished
2024,2,jeddah,alonso,aston_martin,4,5,0,10.0,50,Finished
2024,2,jeddah,russell,mercedes,7,6,0,8.0,50,Finished
2024,2,jeddah,bearman,ferrari,11,7,0,6.0,50,Finished
2024,2,jeddah,norris,mclaren,6,8,0,4.0,50,Finished
2024,2,jeddah,hamilton,mercedes,8,9,0,2.0,50,Finished
2024,2,jeddah,hulkenberg,haas,15,10,0,1.0,50,Finished
2024,2,jeddah,albon,williams,12,11,0,0.0,50,Finished
2024,2,jeddah,kevin_magnussen,haas,13,12,0,0.0,50,Finished
2024,2,jeddah,ocon,alpine,17,13,0,0.0,49,Lapped
2024,2,jeddah,sargeant,williams,19,14,0,0.0,49,Lapped
2024,2,jeddah,tsunoda,rb,9,15,0,0.0,49,Lapped
2024,2,jeddah,ricciardo,rb,14,16,0,0.0,49,Lapped
2024,2,jeddah,bottas,sauber,16,17,0,0.0,49,Lapped
2024,2,jeddah,zhou,sauber,20,18,0,0.0,49,Lapped
2024,2,jeddah,stroll,aston_martin,10,19,0,0.0,5,Retired
2024,2,jeddah,gasly,alpine,18,20,0,0.0,1,Retired
2024,3,albert_park,sainz,ferrari,2,1,1,25.0,58,Finished
2024,3,albert_park,leclerc,ferrari,4,2,0,19.0,58,Finished
2024,3,albert_park,norris,mclaren,3,3,0,15.0,58,Finished
2024,3,albert_park,piastri,mclaren,5,4,0,12.0,58,Finished
2024,3,albert_park,perez,red_bull,6,5,0,10.0,58,Finished
2024,3,albert_park,stroll,aston_martin,9,6,0,8.0,58,Finished
2024,3,albert_park,tsunoda,rb,8,7,0,6.0,58,Finished
2024,3,albert_park,alonso,aston_martin,10,8,0,4.0,58,Finished
2024,3,albert_park,hulkenberg,haas,16,9,0,2.0,58,Finished
2024,3,albert_park,kevin_magnussen,haas,14,10,0,1.0,57,Lapped
2024,3,albert_park,albon,williams,12,11,0,0.0,57,Lapped
2024,3,albert_park,ricciardo,rb,18,12,0,0.0,57,Lapped
2024,3,albert_park,gasly,alpine,17,13,0,0.0,57,Lapped
2024,3,albert_park,bottas,sauber,13,14,0,0.0,57,Lapped
2024,3,albert_park,zhou,sauber,19,15,0,0.0,57,Lapped
2024,3,albert_park,ocon,alpine,15,16,0,0.0,57,Lapped
2024,3,albert_park,russell,mercedes,7,17,0,0.0,56,Retired
2024,3,albert_park,hamilton,mercedes,11,18,0,0.0,15,Retired
2024,3,albert_park,max_verstappen,red_bull,1,19,0,0.0,3,Retired
2024,4,suzuka,max_verstappen,red_bull,1,1,1,26.0,53,Finished
2024,4,suzuka,perez,red_bull,2,2,0,18.0,53,Finished
2024,4,suzuka,sainz,ferrari,4,3,0,15.0,53,Finished
2024,4,suzuka,leclerc,ferrari,8,4,0,12.0,53,Finished
2024,4,suzuka,norris,mclaren,3,5,0,10.0,53,Finished
2024,4,suzuka,alonso,aston_martin,5,6,0,8.0,53,Finished
2024,4,suzuka,russell,mercedes,9,7,0,6.0,53,Finished
2024,4,suzuka,piastri,mclaren,6,8,0,4.0,53,Finished
2024,4,suzuka,hamilton,mercedes,7,9,0,2.0,53,Finished
2024,4,suzuka,tsunoda,rb,10,10,0,1.0,52,Lapped
2024,4,suzuka,hulkenberg,haas,12,11,0,0.0,52,Lapped
2024,4,suzuka,stroll,aston_martin,16,12,0,0.0,52,Lapped
2024,4,suzuka,kevin_magnussen,haas,18,13,0,0.0,52,Lapped
2024,4,suzuka,bottas,sauber,13,14,0,0.0,52,Lapped
2024,4,suzuka,ocon,alpine,15,15,0,0.0,52,Lapped
2024,4,suzuka,gasly,alpine,17,16,0,0.0,52,Lapped
2024,4,suzuka,sargeant,williams,19,17,0,0.0,52,Lapped
2024,4,suzuka,zhou,sauber,20,18,0,0.0,12,Retired
2024,4,suzuka,ricciardo,rb,11,19,0,0.0,0,Retired
2024,4,suzuka,albon,williams,14,20,0,0.0,0,Retired
2024,5,shanghai,max_verstappen,red_bull,1,1,1,25.0,56,Finished
2024,5,shanghai,norris,mclaren,4,2,0,18.0,56,Finished
2024,5,shanghai,perez,red_bull,2,3,0,15.0,56,Finished
2024,5,shanghai,leclerc,ferrari,6,4,0,12.0,56,Finished
2024,5,shanghai,sainz,ferrari,7,5,0,10.0,56,Finished
2024,5,shanghai,russell,mercedes,8,6,0,8.0,56,Finished
2024,5,shanghai,alonso,aston_martin,3,7,0,7.0,56,Finished
2024,5,shanghai,piastri,mclaren,5,8,0,4.0,56,Finished
2024,5,shanghai,hamilton,mercedes,18,9,0,2.0,56,Finished
2024,5,shanghai,hulkenberg,haas,9,10,0,1.0,56,Finished
2024,5,shanghai,ocon,alpine,13,11,0,0.0,56,Finished
2024,5,shanghai,albon,williams,14,12,0,0.0,56,Finished
2024,5,shanghai,gasly,alpine,15,13,0,0.0,56,Finished
2024,5,shanghai,zhou,sauber,16,14,0,0.0,56,Finished
2024,5,shanghai,stroll,aston_martin,11,15,0,0.0,56,Finished
2024,5,shanghai,kevin_magnussen,haas,17,16,0,0.0,56,Finished
2024,5,shanghai,sargeant,williams,20,17,0,0.0,56,Finished
2024,5,shanghai,ricciardo,rb,12,18,0,0.0,33,Retired
2024,5,shanghai,tsunoda,rb,19,19,0,0.0,26,Retired
2024,5,shanghai,bottas,sauber,10,20,0,0.0,19,Retired
2024,6,miami,norris,mclaren,5,1,1,25.0,57,Finished
2024,6,miami,max_verstappen,red_bull,1,2,0,18.0,57,Finished
2024,6,miami,leclerc,ferrari,2,3,0,15.0,57,Finished
2024,6,miami,perez,red_bull,4,4,0,12.0,57,Finished
2024,6,miami,sainz,ferrari,3,5,0,10.0,57,Finished
2024,6,miami,hamilton,mercedes,8,6,0,8.0,57,Finished
2024,6,miami,tsunoda,rb,10,7,0,6.0,57,Finished
2024,6,miami,russell,mercedes,7,8,0,4.0,57,Finished
2024,6,miami,alonso,aston_martin,15,9,0,2.0,57,Finished
2024,6,miami,ocon,alpine,13,10,0,1.0,57,Finished
2024,6,miami,hulkenberg,haas,9,11,0,0.0,57,Finished
2024,6,miami,gasly,alpine,12,12,0,0.0,57,Finished
2024,6,miami,piastri,mclaren,6,13,0,0.0,57,Finished
2024,6,miami,zhou,sauber,19,14,0,0.0,57,Finished
2024,6,miami,ricciardo,rb,20,15,0,0.0,57,Finished
2024,6,miami,bottas,sauber,16,16,0,0.0,57,Finished
2024,6,miami,stroll,aston_martin,11,17,0,0.0,57,Finished
2024,6,miami,albon,williams,14,18,0,0.0,57,Finished
2024,6,miami,kevin_magnussen,haas,18,19,0,0.0,57,Finished
2024,6,miami,sargeant,williams,17,20,0,0.0,27,Retired
2024,7,imola,max_verstappen,red_bull,1,1,1,25.0,63,Finished
2024,7,imola,norris,mclaren,2,2,0,18.0,63,Finished
2024,7,imola,leclerc,ferrari,3,3,0,15.0,63,Finished
2024,7,imola,piastri,mclaren,5,4,0,12.0,63,Finished
2024,7,imola,sainz,ferrari,4,5,0,10.0,63,Finished
2024,7,imola,hamilton,mercedes,8,6,0,8.0,63,Finished
2024,7,imola,russell,mercedes,6,7,0,7.0,63,Finished
2024,7,imola,perez,red_bull,11,8,0,4.0,63,Finished
2024,7,imola,stroll,aston_martin,13,9,0,2.0,63,Finished
2024,7,imola,tsunoda,rb,7,10,0,1.0,62,Lapped
2024,7,imola,hulkenberg,haas,10,11,0,0.0,62,Lapped
2024,7,imola,kevin_magnussen,haas,18,12,0,0.0,62,Lapped
2024,7,imola,ricciardo,rb,9,13,0,0.0,62,Lapped
2024,7,imola,ocon,alpine,12,14,0,0.0,62,Lapped
2024,7,imola,zhou,sauber,17,15,0,0.0,62,Lapped
2024,7,imola,gasly,alpine,15,16,0,0.0,62,Lapped
2024,7,imola,sargeant,williams,19,17,0,0.0,62,Lapped
2024,7,imola,bottas,sauber,16,18,0,0.0,62,Lapped
2024,7,imola,alonso,aston_martin,20,19,0,0.0,62,Lapped
2024,7,imola,albon,williams,14,20,0,0.0,51,Retired
2024,8,monaco,leclerc,ferrari,1,1,1,25.0,78,Finished
2024,8,monaco,piastri,mclaren,2,2,0,18.0,78,Finished
2024,8,monaco,sainz,ferrari,3,3,0,15.0,78,Finished
2024,8,monaco,norris,mclaren,4,4,0,12.0,78,Finished
2024,8,monaco,russell,mercedes,5,5,0,10.0,78,Finished
2024,8,monaco,max_verstappen,red_bull,6,6,0,8.0,78,Finished
2024,8,monaco,hamilton,mercedes,7,7,0,7.0,78,Finished
2024,8,monaco,tsunoda,rb,8,8,0,4.0,77,Lapped
2024,8,monaco,albon,williams,9,9,0,2.0,77,Lapped
2024,8,monaco,gasly,alpine,10,10,0,1.0,77,Lapped
2024,8,monaco,alonso,aston_martin,14,11,0,0.0,76,Lapped
2024,8,monaco,ricciardo,rb,12,12,0,0.0,76,Lapped
2024,8,monaco,bottas,sauber,17,13,0,0.0,76,Lapped
2024,8,monaco,stroll,aston_martin,13,14,0,0.0,76,Lapped
2024,8,monaco,sargeant,williams,15,15,0,0.0,76,Lapped
2024,8,monaco,zhou,sauber,18,16,0,0.0,76,Lapped
2024,8,monaco,ocon,alpine,11,17,0,0.0,0,Retired
2024,8,monaco,perez,red_bull,16,18,0,0.0,0,Retired
2024,8,monaco,hulkenberg,haas,19,19,0,0.0,0,Retired
2024,8,monaco,kevin_magnussen,haas,20,20,0,0.0,0,Retired
2024,9,villeneuve,max_verstappen,red_bull,2,1,1,25.0,70,Finished
2024,9,villeneuve,norris,mclaren,3,2,0,18.0,70,Finished
2024,9,villeneuve,russell,mercedes,1,3,0,15.0,70,Finished
2024,9,villeneuve,hamilton,mercedes,7,4,0,13.0,70,Finished
2024,9,villeneuve,piastri,mclaren,4,5,0,10.0,70,Finished
2024,9,villeneuve,alonso,aston_martin,6,6,0,8.0,70,Finished
2024,9,villeneuve,stroll,aston_martin,9,7,0,6.0,70,Finished
2024,9,villeneuve,ricciardo,rb,5,8,0,4.0,70,Finished
2024,9,villeneuve,gasly,alpine,15,9,0,2.0,70,Finished
2024,9,villeneuve,ocon,alpine,18,10,0,1.0,70,Finished
2024,9,villeneuve,hulkenberg,haas,17,11,0,0.0,70,Finished
2024,9,villeneuve,kevin_magnussen,haas,14,12,0,0.0,70,Finished
2024,9,villeneuve,bottas,sauber,19,13,0,0.0,70,Finished
2024,9,villeneuve,tsunoda,rb,8,14,0,0.0,70,Finished
2024,9,villeneuve,zhou,sauber,20,15,0,0.0,69,Lapped
2024,9,villeneuve,sainz,ferrari,12,16,0,0.0,52,Retired
2024,9,villeneuve,albon,williams,10,17,0,0.0,52,Retired
2024,9,villeneuve,perez,red_bull,16,18,0,0.0,51,Retired
2024,9,villeneuve,leclerc,ferrari,11,19,0,0.0,40,Retired
2024,9,villeneuve,sargeant,williams,13,20,0,0.0,23,Retired
2024,10,catalunya,max_verstappen,red_bull,2,1,1,25.0,66,Finished
2024,10,catalunya,norris,mclaren,1,2,0,19.0,66,Finished
2024,10,catalunya,hamilton,mercedes,3,3,0,15.0,66,Finished
2024,10,catalunya,russell,mercedes,4,4,0,12.0,66,Finished
2024,10,catalunya,leclerc,ferrari,5,5,0,10.0,66,Finished
2024,10,catalunya,sainz,ferrari,6,6,0,8.0,66,Finished
2024,10,catalunya,piastri,mclaren,9,7,0,6.0,66,Finished
2024,10,catalunya,perez,red_bull,11,8,0,4.0,66,Finished
2024,10,catalunya,gasly,alpine,7,9,0,2.0,66,Finished
2024,10,catalunya,ocon,alpine,8,10,0,1.0,66,Finished
2024,10,catalunya,hulkenberg,haas,13,11,0,0.0,66,Finished
2024,10,catalunya,alonso,aston_martin,10,12,0,0.0,65,Lapped
2024,10,catalunya,zhou,sauber,15,13,0,0.0,65,Lapped
2024,10,catalunya,stroll,aston_martin,14,14,0,0.0,65,Lapped
2024,10,catalunya,ricciardo,rb,18,15,0,0.0,65,Lapped
2024,10,catalunya,bottas,sauber,12,16,0,0.0,65,Lapped
2024,10,catalunya,kevin_magnussen,haas,16,17,0,0.0,65,Lapped
2024,10,catalunya,albon,williams,20,18,0,0.0,65,Lapped
2024,10,catalunya,tsunoda,rb,17,19,0,0.0,65,Lapped
2024,10,catalunya,sargeant,williams,19,20,0,0.0,64,Lapped
2024,11,red_bull_ring,russell,mercedes,3,1,1,25.0,71,Finished
2024,11,red_bull_ring,piastri,mclaren,7,2,0,18.0,71,Finished
2024,11,red_bull_ring,sainz,ferrari,4,3,0,15.0,71,Finished
2024,11,red_bull_ring,hamilton,mercedes,5,4,0,12.0,71,Finished
2024,11,red_bull_ring,max_verstappen,red_bull,1,5,0,10.0,71,Finished
2024,11,red_bull_ring,hulkenberg,haas,9,6,0,8.0,71,Finished
2024,11,red_bull_ring,perez,red_bull,8,7,0,6.0,71,Finished
2024,11,red_bull_ring,kevin_magnussen,haas,12,8,0,4.0,71,Finished
2024,11,red_bull_ring,ricciardo,rb,11,9,0,2.0,71,Finished
2024,11,red_bull_ring,gasly,alpine,13,10,0,1.0,71,Finished
2024,11,red_bull_ring,leclerc,ferrari,6,11,0,0.0,71,Finished
2024,11,red_bull_ring,ocon,alpine,10,12,0,0.0,71,Finished
2024,11,red_bull_ring,stroll,aston_martin,17,13,0,0.0,70,Lapped
2024,11,red_bull_ring,tsunoda,rb,14,14,0,0.0,70,Lapped
2024,11,red_bull_ring,albon,williams,16,15,0,0.0,70,Lapped
2024,11,red_bull_ring,bottas,sauber,18,16,0,0.0,70,Lapped
2024,11,red_bull_ring,zhou,sauber,20,17,0,0.0,70,Lapped
2024,11,red_bull_ring,alonso,aston_martin,15,18,0,0.0,70,Lapped
2024,11,red_bull_ring,sargeant,williams,19,19,0,0.0,69,Lapped
2024,11,red_bull_ring,norris,mclaren,2,20,0,0.0,64,Lapped
2024,12,silverstone,hamilton,mercedes,2,1,1,25.0,52,Finished
2024,12,silverstone,max_verstappen,red_bull,4,2,0,18.0,52,Finished
2024,12,silverstone,norris,mclaren,3,3,0,15.0,52,Finished
2024,12,silverstone,piastri,mclaren,5,4,0,12.0,52,Finished
2024,12,silverstone,sainz,ferrari,7,5,0,11.0,52,Finished
2024,12,silverstone,hulkenberg,haas,6,6,0,8.0,52,Finished
2024,12,silverstone,stroll,aston_martin,8,7,0,6.0,52,Finished
2024,12,silverstone,alonso,aston_martin,10,8,0,4.0,52,Finished
2024,12,silverstone,albon,williams,9,9,0,2.0,52,Finished
2024,12,silverstone,tsunoda,rb,13,10,0,1.0,52,Finished
2024,12,silverstone,sargeant,williams,12,11,0,0.0,52,Finished
2024,12,silverstone,kevin_magnussen,haas,17,12,0,0.0,52,Finished
2024,12,silverstone,ricciardo,rb,15,13,0,0.0,51,Lapped
2024,12,silverstone,leclerc,ferrari,11,14,0,0.0,51,Lapped
2024,12,silverstone,bottas,sauber,16,15,0,0.0,51,Lapped
2024,12,silverstone,ocon,alpine,18,16,0,0.0,50,Lapped
2024,12,silverstone,perez,red_bull,20,17,0,0.0,50,Lapped
2024,12,silverstone,zhou,sauber,14,18,0,0.0,50,Lapped
2024,12,silverstone,russell,mercedes,1,19,0,0.0,33,Retired
2024,12,silverstone,gasly,alpine,19,20,0,0.0,0,Did not start
2024,13,hungaroring,piastri,mclaren,2,1,1,25.0,70,Finished
2024,13,hungaroring,norris,mclaren,1,2,0,18.0,70,Finished
2024,13,hungaroring,hamilton,mercedes,5,3,0,15.0,70,Finished
2024,13,hungaroring,leclerc,ferrari,6,4,0,12.0,70,Finished
2024,13,hungaroring,max_verstappen,red_bull,3,5,0,10.0,70,Finished
2024,13,hungaroring,sainz,ferrari,4,6,0,8.0,70,Finished
2024,13,hungaroring,perez,red_bull,16,7,0,6.0,70,Finished
2024,13,hungaroring,russell,mercedes,17,8,0,5.0,70,Finished
2024,13,hungaroring,tsunoda,rb,10,9,0,2.0,70,Finished
2024,13,hungaroring,stroll,aston_martin,8,10,0,1.0,70,Finished
2024,13,hungaroring,alonso,aston_martin,7,11,0,0.0,70,Finished
2024,13,hungaroring,ricciardo,rb,9,12,0,0.0,69,Lapped
2024,13,hungaroring,hulkenberg,haas,11,13,0,0.0,69,Lapped
2024,13,hungaroring,albon,williams,13,14,0,0.0,69,Lapped
2024,13,hungaroring,kevin_magnussen,haas,15,15,0,0.0,69,Lapped
2024,13,hungaroring,bottas,sauber,12,16,0,0.0,69,Lapped
2024,13,hungaroring,sargeant,williams,14,17,0,0.0,69,Lapped
2024,13,hungaroring,ocon,alpine,19,18,0,0.0,69,Lapped
2024,13,hungaroring,zhou,sauber,18,19,0,0.0,69,Lapped
2024,13,hungaroring,gasly,alpine,20,20,0,0.0,33,Retired
2024,14,spa,hamilton,mercedes,3,1,1,25.0,44,Finished
2024,14,spa,piastri,mclaren,5,2,0,18.0,44,Finished
2024,14,spa,leclerc,ferrari,1,3,0,15.0,44,Finished
2024,14,spa,max_verstappen,red_bull,11,4,0,12.0,44,Finished
2024,14,spa,norris,mclaren,4,5,0,10.0,44,Finished
2024,14,spa,sainz,ferrari,7,6,0,8.0,44,Finished
2024,14,spa,perez,red_bull,2,7,0,7.0,44,Finished
2024,14,spa,alonso,aston_martin,8,8,0,4.0,44,Finished
2024,14,spa,ocon,alpine,9,9,0,2.0,44,Finished
2024,14,spa,ricciardo,rb,13,10,0,1.0,44,Finished
2024,14,spa,stroll,aston_martin,15,11,0,0.0,44,Finished
2024,14,spa,albon,williams,10,12,0,0.0,44,Finished
2024,14,spa,gasly,alpine,12,13,0,0.0,44,Finished
2024,14,spa,kevin_magnussen,haas,17,14,0,0.0,44,Finished
2024,14,spa,bottas,sauber,14,15,0,0.0,44,Finished
2024,14,spa,tsunoda,rb,20,16,0,0.0,44,Finished
2024,14,spa,sargeant,williams,18,17,0,0.0,44,Finished
2024,14,spa,hulkenberg,haas,16,18,0,0.0,44,Finished
2024,14,spa,zhou,sauber,19,19,0,0.0,5,Retired
2024,14,spa,russell,mercedes,6,20,0,0.0,44,Disqualified
2024,15,zandvoort,norris,mclaren,1,1,1,26.0,72,Finished
2024,15,zandvoort,max_verstappen,red_bull,2,2,0,18.0,72,Finished
2024,15,zandvoort,leclerc,ferrari,6,3,0,15.0,72,Finished
2024,15,zandvoort,piastri,mclaren,3,4,0,12.0,72,Finished
2024,15,zandvoort,sainz,ferrari,10,5,0,10.0,72,Finished
2024,15,zandvoort,perez,red_bull,5,6,0,8.0,72,Finished
2024,15,zandvoort,russell,mercedes,4,7,0,6.0,72,Finished
2024,15,zandvoort,hamilton,mercedes,14,8,0,4.0,72,Finished
2024,15,zandvoort,gasly,alpine,9,9,0,2.0,71,Lapped
2024,15,zandvoort,alonso,aston_martin,7,10,0,1.0,71,Lapped
2024,15,zandvoort,hulkenberg,haas,12,11,0,0.0,71,Lapped
2024,15,zandvoort,ricciardo,rb,13,12,0,0.0,71,Lapped
2024,15,zandvoort,stroll,aston_martin,8,13,0,0.0,71,Lapped
2024,15,zandvoort,albon,williams,19,14,0,0.0,71,Lapped
2024,15,zandvoort,ocon,alpine,15,15,0,0.0,71,Lapped
2024,15,zandvoort,sargeant,williams,18,16,0,0.0,71,Lapped
2024,15,zandvoort,tsunoda,rb,11,17,0,0.0,71,Lapped
2024,15,zandvoort,kevin_magnussen,haas,20,18,0,0.0,71,Lapped
2024,15,zandvoort,bottas,sauber,16,19,0,0.0,70,Lapped
2024,15,zandvoort,zhou,sauber,17,20,0,0.0,70,Lapped
2024,16,monza,leclerc,ferrari,4,1,1,25.0,53,Finished
2024,16,monza,piastri,mclaren,2,2,0,18.0,53,Finished
2024,16,monza,norris,mclaren,1,3,0,16.0,53,Finished
2024,16,monza,sainz,ferrari,5,4,0,12.0,53,Finished
2024,16,monza,hamilton,mercedes,6,5,0,10.0,53,Finished
2024,16,monza,max_verstappen,red_bull,7,6,0,8.0,53,Finished
2024,16,monza,russell,mercedes,3,7,0,6.0,53,Finished
2024,16,monza,perez,red_bull,8,8,0,4.0,53,Finished
2024,16,monza,albon,williams,9,9,0,2.0,53,Finished
2024,16,monza,kevin_magnussen,haas,13,10,0,1.0,53,Finished
2024,16,monza,alonso,aston_martin,11,11,0,0.0,53,Finished
2024,16,monza,colapinto,williams,18,12,0,0.0,53,Finished
2024,16,monza,ricciardo,rb,12,13,0,0.0,53,Finished
2024,16,monza,ocon,alpine,15,14,0,0.0,52,Lapped
2024,16,monza,gasly,alpine,14,15,0,0.0,52,Lapped
2024,16,monza,bottas,sauber,19,16,0,0.0,52,Lapped
2024,16,monza,hulkenberg,haas,10,17,0,0.0,52,Lapped
2024,16,monza,zhou,sauber,20,18,0,0.0,52,Lapped
2024,16,monza,stroll,aston_martin,17,19,0,0.0,52,Lapped
2024,16,monza,tsunoda,rb,16,20,0,0.0,7,Retired
2024,17,baku,piastri,mclaren,2,1,1,25.0,51,Finished
2024,17,baku,leclerc,ferrari,1,2,0,18.0,51,Finished
2024,17,baku,russell,mercedes,5,3,0,15.0,51,Finished
2024,17,baku,norris,mclaren,15,4,0,13.0,51,Finished
2024,17,baku,max_verstappen,red_bull,6,5,0,10.0,51,Finished
2024,17,baku,alonso,aston_martin,7,6,0,8.0,51,Finished
2024,17,baku,albon,williams,9,7,0,6.0,51,Finished
2024,17,baku,colapinto,williams,8,8,0,4.0,51,Finished
2024,17,baku,hamilton,mercedes,19,9,0,2.0,51,Finished
2024,17,baku,bearman,haas,10,10,0,1.0,51,Finished
2024,17,baku,hulkenberg,haas,12,11,0,0.0,51,Finished
2024,17,baku,gasly,alpine,18,12,0,0.0,51,Finished
2024,17,baku,ricciardo,rb,14,13,0,0.0,51,Finished
2024,17,baku,zhou,sauber,17,14,0,0.0,51,Finished
2024,17,baku,ocon,alpine,20,15,0,0.0,50,Lapped
2024,17,baku,bottas,sauber,16,16,0,0.0,50,Lapped
2024,17,baku,perez,red_bull,4,17,0,0.0,49,Retired
2024,17,baku,sainz,ferrari,3,18,0,0.0,49,Retired
2024,17,baku,stroll,aston_martin,13,19,0,0.0,45,Retired
2024,17,baku,tsunoda,rb,11,20,0,0.0,14,Retired
2024,18,marina_bay,norris,mclaren,1,1,1,25.0,62,Finished
2024,18,marina_bay,max_verstappen,red_bull,2,2,0,18.0,62,Finished
2024,18,marina_bay,piastri,mclaren,5,3,0,15.0,62,Finished
2024,18,marina_bay,russell,mercedes,4,4,0,12.0,62,Finished
2024,18,marina_bay,leclerc,ferrari,9,5,0,10.0,62,Finished
2024,18,marina_bay,hamilton,mercedes,3,6,0,8.0,62,Finished
2024,18,marina_bay,sainz,ferrari,10,7,0,6.0,62,Finished
2024,18,marina_bay,alonso,aston_martin,7,8,0,4.0,61,Lapped
2024,18,marina_bay,hulkenberg,haas,6,9,0,2.0,61,Lapped
2024,18,marina_bay,perez,red_bull,13,10,0,1.0,61,Lapped
2024,18,marina_bay,colapinto,williams,12,11,0,0.0,61,Lapped
2024,18,marina_bay,tsunoda,rb,8,12,0,0.0,61,Lapped
2024,18,marina_bay,ocon,alpine,15,13,0,0.0,61,Lapped
2024,18,marina_bay,stroll,aston_martin,17,14,0,0.0,61,Lapped
2024,18,marina_bay,zhou,sauber,20,15,0,0.0,61,Lapped
2024,18,marina_bay,bottas,sauber,19,16,0,0.0,61,Lapped
2024,18,marina_bay,gasly,alpine,18,17,0,0.0,61,Lapped
2024,18,marina_bay,ricciardo,rb,16,18,0,0.0,61,Lapped
2024,18,marina_bay,kevin_magnussen,haas,14,19,0,0.0,57,Retired
2024,18,marina_bay,albon,williams,11,20,0,0.0,15,Retired
2024,19,americas,leclerc,ferrari,4,1,1,25.0,56,Finished
2024,19,americas,sainz,ferrari,3,2,0,18.0,56,Finished
2024,19,americas,max_verstappen,red_bull,2,3,0,15.0,56,Finished
2024,19,americas,norris,mclaren,1,4,0,12.0,56,Finished
2024,19,americas,piastri,mclaren,5,5,0,10.0,56,Finished
2024,19,americas,russell,mercedes,20,6,0,8.0,56,Finished
2024,19,americas,perez,red_bull,9,7,0,6.0,56,Finished
2024,19,americas,hulkenberg,haas,11,8,0,4.0,56,Finished
2024,19,americas,lawson,rb,19,9,0,2.0,56,Finished
2024,19,americas,colapinto,williams,15,10,0,1.0,56,Finished
2024,19,americas,kevin_magnussen,haas,8,11,0,0.0,56,Finished
2024,19,americas,gasly,alpine,6,12,0,0.0,56,Finished
2024,19,americas,alonso,aston_martin,7,13,0,0.0,55,Lapped
2024,19,americas,tsunoda,rb,10,14,0,0.0,55,Lapped
2024,19,americas,stroll,aston_martin,13,15,0,0.0,55,Lapped
2024,19,americas,albon,williams,14,16,0,0.0,55,Lapped
2024,19,americas,bottas,sauber,16,17,0,0.0,55,Lapped
2024,19,americas,ocon,alpine,12,18,0,0.0,55,Lapped
2024,19,americas,zhou,sauber,18,19,0,0.0,55,Lapped
2024,19,americas,hamilton,mercedes,17,20,0,0.0,1,Retired
2024,20,rodriguez,sainz,ferrari,1,1,1,25.0,71,Finished
2024,20,rodriguez,norris,mclaren,3,2,0,18.0,71,Finished
2024,20,rodriguez,leclerc,ferrari,4,3,0,16.0,71,Finished
2024,20,rodriguez,hamilton,mercedes,6,4,0,12.0,71,Finished
2024,20,rodriguez,russell,mercedes,5,5,0,10.0,71,Finished
2024,20,rodriguez,max_verstappen,red_bull,2,6,0,8.0,71,Finished
2024,20,rodriguez,kevin_magnussen,haas,7,7,0,6.0,71,Finished
2024,20,rodriguez,piastri,mclaren,17,8,0,4.0,71,Finished
2024,20,rodriguez,hulkenberg,haas,10,9,0,2.0,70,Lapped
2024,20,rodriguez,gasly,alpine,8,10,0,1.0,70,Lapped
2024,20,rodriguez,stroll,aston_martin,14,11,0,0.0,70,Lapped
2024,20,rodriguez,colapinto,williams,16,12,0,0.0,70,Lapped
2024,20,rodriguez,ocon,alpine,0,13,0,0.0,70,Lapped
2024,20,rodriguez,bottas,sauber,15,14,0,0.0,70,Lapped
2024,20,rodriguez,zhou,sauber,19,15,0,0.0,70,Lapped
2024,20,rodriguez,lawson,rb,12,16,0,0.0,70,Lapped
2024,20,rodriguez,perez,red_bull,18,17,0,0.0,70,Lapped
2024,20,rodriguez,alonso,aston_martin,13,18,0,0.0,15,Retired
2024,20,rodriguez,albon,williams,9,19,0,0.0,0,Retired
2024,20,rodriguez,tsunoda,rb,11,20,0,0.0,0,Retired
2024,21,interlagos,max_verstappen,red_bull,17,1,1,26.0,69,Finished
2024,21,interlagos,ocon,alpine,4,2,0,18.0,69,Finished
2024,21,interlagos,gasly,alpine,13,3,0,15.0,69,Finished
2024,21,interlagos,russell,mercedes,2,4,0,12.0,69,Finished
2024,21,interlagos,leclerc,ferrari,6,5,0,10.0,69,Finished
2024,21,interlagos,norris,mclaren,1,6,0,8.0,69,Finished
2024,21,interlagos,tsunoda,rb,3,7,0,6.0,69,Finished
2024,21,interlagos,piastri,mclaren,8,8,0,4.0,69,Finished
2024,21,interlagos,lawson,rb,5,9,0,2.0,69,Finished
2024,21,interlagos,hamilton,mercedes,14,10,0,1.0,69,Finished
2024,21,interlagos,perez,red_bull,12,11,0,0.0,69,Finished
2024,21,interlagos,bearman,haas,15,12,0,0.0,69,Finished
2024,21,interlagos,bottas,sauber,11,13,0,0.0,69,Finished
2024,21,interlagos,alonso,aston_martin,9,14,0,0.0,69,Finished
2024,21,interlagos,zhou,sauber,19,15,0,0.0,69,Finished
2024,21,interlagos,sainz,ferrari,20,16,0,0.0,38,Retired
2024,21,interlagos,colapinto,williams,16,17,0,0.0,30,Retired
2024,21,interlagos,albon,williams,7,18,0,0.0,0,Did not start
2024,21,interlagos,stroll,aston_martin,10,19,0,0.0,0,Did not start
2024,21,interlagos,hulkenberg,haas,18,20,0,0.0,0,Disqualified
2024,22,vegas,russell,mercedes,1,1,1,25.0,50,Finished
2024,22,vegas,hamilton,mercedes,10,2,0,18.0,50,Finished
2024,22,vegas,sainz,ferrari,2,3,0,15.0,50,Finished
2024,22,vegas,leclerc,ferrari,4,4,0,12.0,50,Finished
2024,22,vegas,max_verstappen,red_bull,5,5,0,10.0,50,Finished
2024,22,vegas,norris,mclaren,6,6,0,9.0,50,Finished
2024,22,vegas,piastri,mclaren,8,7,0,6.0,50,Finished
2024,22,vegas,hulkenberg,haas,9,8,0,4.0,50,Finished
2024,22,vegas,tsunoda,rb,7,9,0,2.0,50,Finished
2024,22,vegas,perez,red_bull,15,10,0,1.0,50,Finished
2024,22,vegas,alonso,aston_martin,16,11,0,0.0,50,Finished
2024,22,vegas,kevin_magnussen,haas,12,12,0,0.0,50,Finished
2024,22,vegas,zhou,sauber,13,13,0,0.0,50,Finished
2024,22,vegas,colapinto,williams,20,14,0,0.0,50,Finished
2024,22,vegas,stroll,aston_martin,18,15,0,0.0,50,Finished
2024,22,vegas,lawson,rb,14,16,0,0.0,50,Finished
2024,22,vegas,ocon,alpine,11,17,0,0.0,49,Lapped
2024,22,vegas,bottas,sauber,19,18,0,0.0,49,Lapped
2024,22,vegas,albon,williams,17,19,0,0.0,25,Retired
2024,22,vegas,gasly,alpine,3,20,0,0.0,15,Retired
2024,23,losail,max_verstappen,red_bull,2,1,1,25.0,57,Finished
2024,23,losail,leclerc,ferrari,5,2,0,18.0,57,Finished
2024,23,losail,piastri,mclaren,4,3,0,15.0,57,Finished
2024,23,losail,russell,mercedes,1,4,0,12.0,57,Finished
2024,23,losail,gasly,alpine,11,5,0,10.0,57,Finished
2024,23,losail,sainz,ferrari,7,6,0,8.0,57,Finished
2024,23,losail,alonso,aston_martin,8,7,0,6.0,57,Finished
2024,23,losail,zhou,sauber,12,8,0,4.0,57,Finished
2024,23,losail,kevin_magnussen,haas,10,9,0,2.0,57,Finished
2024,23,losail,norris,mclaren,3,10,0,2.0,57,Finished
2024,23,losail,bottas,sauber,13,11,0,0.0,57,Finished
2024,23,losail,hamilton,mercedes,6,12,0,0.0,57,Finished
2024,23,losail,tsunoda,rb,14,13,0,0.0,57,Finished
2024,23,losail,lawson,rb,17,14,0,0.0,57,Finished
2024,23,losail,albon,williams,16,15,0,0.0,56,Lapped
2024,23,losail,hulkenberg,haas,18,16,0,0.0,39,Retired
2024,23,losail,perez,red_bull,9,17,0,0.0,38,Retired
2024,23,losail,stroll,aston_martin,15,18,0,0.0,8,Retired
2024,23,losail,colapinto,williams,19,19,0,0.0,0,Retired
2024,23,losail,ocon,alpine,20,20,0,0.0,0,Retired
2024,24,yas_marina,norris,mclaren,1,1,1,25.0,58,Finished
2024,24,yas_marina,sainz,ferrari,3,2,0,18.0,58,Finished
2024,24,yas_marina,leclerc,ferrari,19,3,0,15.0,58,Finished
2024,24,yas_marina,hamilton,mercedes,16,4,0,12.0,58,Finished
2024,24,yas_marina,russell,mercedes,6,5,0,10.0,58,Finished
2024,24,yas_marina,max_verstappen,red_bull,4,6,0,8.0,58,Finished
2024,24,yas_marina,gasly,alpine,5,7,0,6.0,58,Finished
2024,24,yas_marina,hulkenberg,haas,7,8,0,4.0,58,Finished
2024,24,yas_marina,alonso,aston_martin,8,9,0,2.0,58,Finished
2024,24,yas_marina,piastri,mclaren,2,10,0,1.0,58,Finished
2024,24,yas_marina,albon,williams,18,11,0,0.0,57,Lapped
2024,24,yas_marina,tsunoda,rb,11,12,0,0.0,57,Lapped
2024,24,yas_marina,zhou,sauber,15,13,0,0.0,57,Lapped
2024,24,yas_marina,stroll,aston_martin,13,14,0,0.0,57,Lapped
2024,24,yas_marina,doohan,alpine,17,15,0,0.0,57,Lapped
2024,24,yas_marina,kevin_magnussen,haas,14,16,0,0.0,57,Lapped
2024,24,yas_marina,lawson,rb,12,17,0,0.0,55,Retired
2024,24,yas_marina,bottas,sauber,9,18,0,0.0,30,Retired
2024,24,yas_marina,colapinto,williams,20,19,0,0.0,26,Retired
2024,24,yas_marina,perez,red_bull,10,20,0,0.0,0,Retired
2025,1,albert_park,norris,mclaren,1,1,1,25.0,57,Finished
2025,1,albert_park,max_verstappen,red_bull,3,2,0,18.0,57,Finished
2025,1,albert_park,russell,mercedes,4,3,0,15.0,57,Finished
2025,1,albert_park,antonelli,mercedes,16,4,0,12.0,57,Finished
2025,1,albert_park,albon,williams,6,5,0,10.0,57,Finished
2025,1,albert_park,stroll,aston_martin,13,6,0,8.0,57,Finished
2025,1,albert_park,hulkenberg,sauber,17,7,0,6.0,57,Finished
2025,1,albert_park,leclerc,ferrari,7,8,0,4.0,57,Finished
2025,1,albert_park,piastri,mclaren,2,9,0,2.0,57,Finished
2025,1,albert_park,hamilton,ferrari,8,10,0,1.0,57,Finished
2025,1,albert_park,gasly,alpine,9,11,0,0.0,57,Finished
2025,1,albert_park,tsunoda,rb,5,12,0,0.0,57,Finished
2025,1,albert_park,ocon,haas,19,13,0,0.0,57,Finished
2025,1,albert_park,bearman,haas,20,14,0,0.0,57,Finished
2025,1,albert_park,lawson,red_bull,18,15,0,0.0,46,Retired
2025,1,albert_park,bortoleto,sauber,15,16,0,0.0,45,Retired
2025,1,albert_park,alonso,aston_martin,12,17,0,0.0,32,Retired
2025,1,albert_park,sainz,williams,10,18,0,0.0,0,Retired
2025,1,albert_park,doohan,alpine,14,19,0,0.0,0,Retired
2025,1,albert_park,hadjar,rb,11,20,0,0.0,0,Retired
2025,2,shanghai,piastri,mclaren,1,1,1,25.0,56,Finished
2025,2,shanghai,norris,mclaren,3,2,0,18.0,56,Finished
2025,2,shanghai,russell,mercedes,2,3,0,15.0,56,Finished
2025,2,shanghai,max_verstappen,red_bull,4,4,0,12.0,56,Finished
2025,2,shanghai,ocon,haas,11,5,0,10.0,56,Finished
2025,2,shanghai,antonelli,mercedes,8,6,0,8.0,56,Finished
2025,2,shanghai,albon,williams,10,7,0,6.0,56,Finished
2025,2,shanghai,bearman,haas,17,8,0,4.0,56,Finished
2025,2,shanghai,stroll,aston_martin,14,9,0,2.0,56,Finished
2025,2,shanghai,sainz,williams,15,10,0,1.0,56,Finished
2025,2,shanghai,hadjar,rb,7,11,0,0.0,56,Finished
2025,2,shanghai,lawson,red_bull,20,12,0,0.0,56,Finished
2025,2,shanghai,doohan,alpine,18,13,0,0.0,56,Finished
2025,2,shanghai,bortoleto,sauber,19,14,0,0.0,55,Lapped
2025,2,shanghai,hulkenberg,sauber,12,15,0,0.0,55,Lapped
2025,2,shanghai,tsunoda,rb,9,16,0,0.0,55,Lapped
2025,2,shanghai,alonso,aston_martin,13,17,0,0.0,4,Retired
2025,2,shanghai,leclerc,ferrari,6,18,0,0.0,0,Disqualified
2025,2,shanghai,hamilton,ferrari,5,19,0,0.0,0,Disqualified
2025,2,shanghai,gasly,alpine,16,20,0,0.0,0,Disqualified
2025,3,suzuka,max_verstappen,red_bull,1,1,1,25.0,53,Finished
2025,3,suzuka,norris,mclaren,2,2,0,18.0,53,Finished
2025,3,suzuka,piastri,mclaren,3,3,0,15.0,53,Finished
2025,3,suzuka,leclerc,ferrari,4,4,0,12.0,53,Finished
2025,3,suzuka,russell,mercedes,5,5,0,10.0,53,Finished
2025,3,suzuka,antonelli,mercedes,6,6,0,8.0,53,Finished
2025,3,suzuka,hamilton,ferrari,8,7,0,6.0,53,Finished
2025,3,suzuka,hadjar,rb,7,8,0,4.0,53,Finished
2025,3,suzuka,albon,williams,9,9,0,2.0,53,Finished
2025,3,suzuka,bearman,haas,10,10,0,1.0,53,Finished
2025,3,suzuka,alonso,aston_martin,12,11,0,0.0,53,Finished
2025,3,suzuka,tsunoda,red_bull,14,12,0,0.0,53,Finished
2025,3,suzuka,gasly,alpine,11,13,0,0.0,53,Finished
2025,3,suzuka,sainz,williams,15,14,0,0.0,53,Finished
2025,3,suzuka,doohan,alpine,19,15,0,0.0,53,Finished
2025,3,suzuka,hulkenberg,sauber,16,16,0,0.0,53,Finished
2025,3,suzuka,lawson,rb,13,17,0,0.0,53,Finished
2025,3,suzuka,ocon,haas,18,18,0,0.0,53,Finished
2025,3,suzuka,bortoleto,sauber,17,19,0,0.0,53,Finished
2025,3,suzuka,stroll,aston_martin,20,20,0,0.0,52,Lapped
2025,4,bahrain,piastri,mclaren,1,1,1,25.0,57,Finished
2025,4,bahrain,russell,mercedes,3,2,0,18.0,57,Finished
2025,4,bahrain,norris,mclaren,6,3,0,15.0,57,Finished
2025,4,bahrain,leclerc,ferrari,2,4,0,12.0,57,Finished
2025,4,bahrain,hamilton,ferrari,9,5,0,10.0,57,Finished
2025,4,bahrain,max_verstappen,red_bull,7,6,0,8.0,57,Finished
2025,4,bahrain,gasly,alpine,4,7,0,6.0,57,Finished
2025,4,bahrain,ocon,haas,14,8,0,4.0,57,Finished
2025,4,bahrain,tsunoda,red_bull,10,9,0,2.0,57,Finished
2025,4,bahrain,bearman,haas,20,10,0,1.0,57,Finished
2025,4,bahrain,antonelli,mercedes,5,11,0,0.0,57,Finished
2025,4,bahrain,albon,williams,15,12,0,0.0,57,Finished
2025,4,bahrain,hadjar,rb,12,13,0,0.0,57,Finished
2025,4,bahrain,doohan,alpine,11,14,0,0.0,57,Finished
2025,4,bahrain,alonso,aston_martin,13,15,0,0.0,57,Finished
2025,4,bahrain,lawson,rb,17,16,0,0.0,57,Finished
2025,4,bahrain,stroll,aston_martin,19,17,0,0.0,57,Finished
2025,4,bahrain,bortoleto,sauber,18,18,0,0.0,57,Finished
2025,4,bahrain,sainz,williams,8,19,0,0.0,45,Retired
2025,4,bahrain,hulkenberg,sauber,16,20,0,0.0,0,Disqualified
2025,5,jeddah,piastri,mclaren,2,1,1,25.0,50,Finished
2025,5,jeddah,max_verstappen,red_bull,1,2,0,18.0,50,Finished
2025,5,jeddah,leclerc,ferrari,4,3,0,15.0,50,Finished
2025,5,jeddah,norris,mclaren,10,4,0,12.0,50,Finished
2025,5,jeddah,russell,mercedes,3,5,0,10.0,50,Finished
2025,5,jeddah,antonelli,mercedes,5,6,0,8.0,50,Finished
2025,5,jeddah,hamilton,ferrari,7,7,0,6.0,50,Finished
2025,5,jeddah,sainz,williams,6,8,0,4.0,50,Finished
2025,5,jeddah,albon,williams,11,9,0,2.0,50,Finished
2025,5,jeddah,hadjar,rb,14,10,0,1.0,50,Finished
2025,5,jeddah,alonso,aston_martin,13,11,0,0.0,50,Finished
2025,5,jeddah,lawson,rb,12,12,0,0.0,50,Finished
2025,5,jeddah,bearman,haas,15,13,0,0.0,50,Finished
2025,5,jeddah,ocon,haas,19,14,0,0.0,50,Finished
2025,5,jeddah,hulkenberg,sauber,18,15,0,0.0,49,Lapped
2025,5,jeddah,stroll,aston_martin,16,16,0,0.0,49,Lapped
2025,5,jeddah,doohan,alpine,17,17,0,0.0,49,Lapped
2025,5,jeddah,bortoleto,sauber,20,18,0,0.0,49,Lapped
2025,5,jeddah,tsunoda,red_bull,8,19,0,0.0,1,Retired
2025,5,jeddah,gasly,alpine,9,20,0,0.0,0,Retired
2025,6,miami,piastri,mclaren,4,1,1,25.0,57,Finished
2025,6,miami,norris,mclaren,2,2,0,18.0,57,Finished
2025,6,miami,russell,mercedes,5,3,0,15.0,57,Finished
2025,6,miami,max_verstappen,red_bull,1,4,0,12.0,57,Finished
2025,6,miami,albon,williams,7,5,0,10.0,57,Finished
2025,6,miami,antonelli,mercedes,3,6,0,8.0,57,Finished
2025,6,miami,leclerc,ferrari,8,7,0,6.0,57,Finished
2025,6,miami,hamilton,ferrari,12,8,0,4.0,57,Finished
2025,6,miami,sainz,williams,6,9,0,2.0,57,Finished
2025,6,miami,tsunoda,red_bull,10,10,0,1.0,57,Finished
2025,6,miami,hadjar,rb,11,11,0,0.0,57,Finished
2025,6,miami,ocon,haas,9,12,0,0.0,57,Finished
2025,6,miami,gasly,alpine,20,13,0,0.0,57,Finished
2025,6,miami,hulkenberg,sauber,16,14,0,0.0,56,Lapped
2025,6,miami,alonso,aston_martin,17,15,0,0.0,56,Lapped
2025,6,miami,stroll,aston_martin,18,16,0,0.0,56,Lapped
2025,6,miami,lawson,rb,15,17,0,0.0,36,Retired
2025,6,miami,bortoleto,sauber,13,18,0,0.0,30,Retired
2025,6,miami,bearman,haas,19,19,0,0.0,27,Retired
2025,6,miami,doohan,alpine,14,20,0,0.0,0,Retired
2025,7,imola,max_verstappen,red_bull,2,1,1,25.0,63,Finished
2025,7,imola,norris,mclaren,4,2,0,18.0,63,Finished
2025,7,imola,piastri,mclaren,1,3,0,15.0,63,Finished
2025,7,imola,hamilton,ferrari,12,4,0,12.0,63,Finished
2025,7,imola,albon,williams,7,5,0,10.0,63,Finished
2025,7,imola,leclerc,ferrari,11,6,0,8.0,63,Finished
2025,7,imola,russell,mercedes,3,7,0,6.0,63,Finished
2025,7,imola,sainz,williams,6,8,0,4.0,63,Finished
2025,7,imola,hadjar,rb,9,9,0,2.0,63,Finished
2025,7,imola,tsunoda,red_bull,20,10,0,1.0,63,Finished
2025,7,imola,alonso,aston_martin,5,11,0,0.0,63,Finished
2025,7,imola,hulkenberg,sauber,17,12,0,0.0,63,Finished
2025,7,imola,gasly,alpine,10,13,0,0.0,63,Finished
2025,7,imola,lawson,rb,15,14,0,0.0,63,Finished
2025,7,imola,stroll,aston_martin,8,15,0,0.0,63,Finished
2025,7,imola,colapinto,alpine,16,16,0,0.0,63,Finished
2025,7,imola,bearman,haas,19,17,0,0.0,63,Finished
2025,7,imola,bortoleto,sauber,14,18,0,0.0,63,Finished
2025,7,imola,antonelli,mercedes,13,19,0,0.0,44,Retired
2025,7,imola,ocon,haas,18,20,0,0.0,27,Retired
2025,8,monaco,norris,mclaren,1,1,1,25.0,78,Finished
2025,8,monaco,leclerc,ferrari,2,2,0,18.0,78,Finished
2025,8,monaco,piastri,mclaren,3,3,0,15.0,78,Finished
2025,8,monaco,max_verstappen,red_bull,4,4,0,12.0,78,Finished
2025,8,monaco,hamilton,ferrari,7,5,0,10.0,78,Finished
2025,8,monaco,hadjar,rb,5,6,0,8.0,77,Lapped
2025,8,monaco,ocon,haas,8,7,0,6.0,77,Lapped
2025,8,monaco,lawson,rb,9,8,0,4.0,77,Lapped
2025,8,monaco,albon,williams,10,9,0,2.0,76,Lapped
2025,8,monaco,sainz,williams,11,10,0,1.0,76,Lapped
2025,8,monaco,russell,mercedes,14,11,0,0.0,76,Lapped
2025,8,monaco,bearman,haas,20,12,0,0.0,76,Lapped
2025,8,monaco,colapinto,alpine,18,13,0,0.0,76,Lapped
2025,8,monaco,bortoleto,sauber,16,14,0,0.0,76,Lapped
2025,8,monaco,stroll,aston_martin,19,15,0,0.0,76,Lapped
2025,8,monaco,hulkenberg,sauber,13,16,0,0.0,76,Lapped
2025,8,monaco,tsunoda,red_bull,12,17,0,0.0,76,Lapped
2025,8,monaco,antonelli,mercedes,15,18,0,0.0,75,Lapped
2025,8,monaco,alonso,aston_martin,6,19,0,0.0,36,Retired
2025,8,monaco,gasly,alpine,17,20,0,0.0,7,Retired
2025,9,catalunya,piastri,mclaren,1,1,1,25.0,66,Finished
2025,9,catalunya,norris,mclaren,2,2,0,18.0,66,Finished
2025,9,catalunya,leclerc,ferrari,7,3,0,15.0,66,Finished
2025,9,catalunya,russell,mercedes,4,4,0,12.0,66,Finished
2025,9,catalunya,hulkenberg,sauber,15,5,0,10.0,66,Finished
2025,9,catalunya,hamilton,ferrari,5,6,0,8.0,66,Finished
2025,9,catalunya,hadjar,rb,9,7,0,6.0,66,Finished
2025,9,catalunya,gasly,alpine,8,8,0,4.0,66,Finished
2025,9,catalunya,alonso,aston_martin,10,9,0,2.0,66,Finished
2025,9,catalunya,max_verstappen,red_bull,3,10,0,1.0,66,Finished
2025,9,catalunya,lawson,rb,13,11,0,0.0,66,Finished
2025,9,catalunya,bortoleto,sauber,12,12,0,0.0,66,Finished
2025,9,catalunya,tsunoda,red_bull,19,13,0,0.0,66,Finished
2025,9,catalunya,sainz,williams,17,14,0,0.0,66,Finished
2025,9,catalunya,colapinto,alpine,18,15,0,0.0,66,Finished
2025,9,catalunya,ocon,haas,16,16,0,0.0,66,Finished
2025,9,catalunya,bearman,haas,14,17,0,0.0,66,Finished
2025,9,catalunya,antonelli,mercedes,6,18,0,0.0,53,Retired
2025,9,catalunya,albon,williams,11,19,0,0.0,27,Retired
2025,10,villeneuve,russell,mercedes,1,1,1,25.0,70,Finished
2025,10,villeneuve,max_verstappen,red_bull,2,2,0,18.0,70,Finished
2025,10,villeneuve,antonelli,mercedes,4,3,0,15.0,70,Finished
2025,10,villeneuve,piastri,mclaren,3,4,0,12.0,70,Finished
2025,10,villeneuve,leclerc,ferrari,8,5,0,10.0,70,Finished
2025,10,villeneuve,hamilton,ferrari,5,6,0,8.0,70,Finished
2025,10,villeneuve,alonso,aston_martin,6,7,0,6.0,70,Finished
2025,10,villeneuve,hulkenberg,sauber,11,8,0,4.0,70,Finished
2025,10,villeneuve,ocon,haas,14,9,0,2.0,69,Lapped
2025,10,villeneuve,sainz,williams,16,10,0,1.0,69,Lapped
2025,10,villeneuve,bearman,haas,13,11,0,0.0,69,Lapped
2025,10,villeneuve,tsunoda,red_bull,18,12,0,0.0,69,Lapped
2025,10,villeneuve,colapinto,alpine,10,13,0,0.0,69,Lapped
2025,10,villeneuve,bortoleto,sauber,15,14,0,0.0,69,Lapped
2025,10,villeneuve,gasly,alpine,20,15,0,0.0,69,Lapped
2025,10,villeneuve,hadjar,rb,12,16,0,0.0,69,Lapped
2025,10,villeneuve,stroll,aston_martin,17,17,0,0.0,69,Lapped
2025,10,villeneuve,norris,mclaren,7,18,0,0.0,66,Retired
2025,10,villeneuve,lawson,rb,19,19,0,0.0,53,Retired
2025,10,villeneuve,albon,williams,9,20,0,0.0,46,Retired
2025,11,red_bull_ring,norris,mclaren,1,1,1,25.0,70,Finished
2025,11,red_bull_ring,piastri,mclaren,3,2,0,18.0,70,Finished
2025,11,red_bull_ring,leclerc,ferrari,2,3,0,15.0,70,Finished
2025,11,red_bull_ring,hamilton,ferrari,4,4,0,12.0,70,Finished
2025,11,red_bull_ring,russell,mercedes,5,5,0,10.0,70,Finished
2025,11,red_bull_ring,lawson,rb,6,6,0,8.0,70,Finished
2025,11,red_bull_ring,alonso,aston_martin,11,7,0,6.0,69,Lapped
2025,11,red_bull_ring,bortoleto,sauber,8,8,0,4.0,69,Lapped
2025,11,red_bull_ring,hulkenberg,sauber,20,9,0,2.0,69,Lapped
2025,11,red_bull_ring,ocon,haas,17,10,0,1.0,69,Lapped
2025,11,red_bull_ring,bearman,haas,15,11,0,0.0,69,Lapped
2025,11,red_bull_ring,hadjar,rb,13,12,0,0.0,69,Lapped
2025,11,red_bull_ring,gasly,alpine,10,13,0,0.0,69,Lapped
2025,11,red_bull_ring,stroll,aston_martin,16,14,0,0.0,69,Lapped
2025,11,red_bull_ring,colapinto,alpine,14,15,0,0.0,69,Lapped
2025,11,red_bull_ring,tsunoda,red_bull,18,16,0,0.0,68,Lapped
2025,11,red_bull_ring,albon,williams,12,17,0,0.0,15,Retired
2025,11,red_bull_ring,max_verstappen,red_bull,7,18,0,0.0,0,Retired
2025,11,red_bull_ring,antonelli,mercedes,9,19,0,0.0,0,Retired
2025,11,red_bull_ring,sainz,williams,19,20,0,0.0,0,Did not start
2025,12,silverstone,norris,mclaren,3,1,1,25.0,52,Finished
2025,12,silverstone,piastri,mclaren,2,2,0,18.0,52,Finished
2025,12,silverstone,hulkenberg,sauber,19,3,0,15.0,52,Finished
2025,12,silverstone,hamilton,ferrari,5,4,0,12.0,52,Finished
2025,12,silverstone,max_verstappen,red_bull,1,5,0,10.0,52,Finished
2025,12,silverstone,gasly,alpine,8,6,0,8.0,52,Finished
2025,12,silverstone,stroll,aston_martin,17,7,0,6.0,52,Finished
2025,12,silverstone,albon,williams,13,8,0,4.0,52,Finished
2025,12,silverstone,alonso,aston_martin,7,9,0,2.0,52,Finished
2025,12,silverstone,russell,mercedes,4,10,0,1.0,52,Finished
2025,12,silverstone,bearman,haas,18,11,0,0.0,52,Finished
2025,12,silverstone,sainz,williams,9,12,0,0.0,52,Finished
2025,12,silverstone,ocon,haas,14,13,0,0.0,52,Finished
2025,12,silverstone,leclerc,ferrari,6,14,0,0.0,52,Finished
2025,12,silverstone,tsunoda,red_bull,11,15,0,0.0,51,Lapped
2025,12,silverstone,antonelli,mercedes,10,16,0,0.0,23,Retired
2025,12,silverstone,hadjar,rb,12,17,0,0.0,17,Retired
2025,12,silverstone,bortoleto,sauber,16,18,0,0.0,3,Retired
2025,12,silverstone,lawson,rb,15,19,0,0.0,0,Retired
2025,12,silverstone,colapinto,alpine,20,20,0,0.0,0,Did not start
2025,13,spa,piastri,mclaren,2,1,1,25.0,44,Finished
2025,13,spa,norris,mclaren,1,2,0,18.0,44,Finished
2025,13,spa,leclerc,ferrari,3,3,0,15.0,44,Finished
2025,13,spa,max_verstappen,red_bull,4,4,0,12.0,44,Finished
2025,13,spa,russell,mercedes,6,5,0,10.0,44,Finished
2025,13,spa,albon,williams,5,6,0,8.0,44,Finished
2025,13,spa,hamilton,ferrari,18,7,0,6.0,44,Finished
2025,13,spa,lawson,rb,9,8,0,4.0,44,Finished
2025,13,spa,bortoleto,sauber,10,9,0,2.0,44,Finished
2025,13,spa,gasly,alpine,13,10,0,1.0,44,Finished
2025,13,spa,bearman,haas,12,11,0,0.0,44,Finished
2025,13,spa,hulkenberg,sauber,14,12,0,0.0,44,Finished
2025,13,spa,tsunoda,red_bull,7,13,0,0.0,44,Finished
2025,13,spa,stroll,aston_martin,16,14,0,0.0,44,Finished
2025,13,spa,ocon,haas,11,15,0,0.0,44,Finished
2025,13,spa,antonelli,mercedes,19,16,0,0.0,44,Finished
2025,13,spa,alonso,aston_martin,20,17,0,0.0,44,Finished
2025,13,spa,sainz,williams,17,18,0,0.0,44,Finished
2025,13,spa,colapinto,alpine,15,19,0,0.0,44,Finished
2025,13,spa,hadjar,rb,8,20,0,0.0,43,Lapped
2025,14,hungaroring,norris,mclaren,3,1,1,25.0,70,Finished
2025,14,hungaroring,piastri,mclaren,2,2,0,18.0,70,Finished
2025,14,hungaroring,russell,mercedes,4,3,0,15.0,70,Finished
2025,14,hungaroring,leclerc,ferrari,1,4,0,12.0,70,Finished
2025,14,hungaroring,alonso,aston_martin,5,5,0,10.0,70,Finished
2025,14,hungaroring,bortoleto,sauber,7,6,0,8.0,70,Finished
2025,14,hungaroring,stroll,aston_martin,6,7,0,6.0,70,Finished
2025,14,hungaroring,lawson,rb,9,8,0,4.0,70,Finished
2025,14,hungaroring,max_verstappen,red_bull,8,9,0,2.0,70,Finished
2025,14,hungaroring,antonelli,mercedes,15,10,0,1.0,69,Lapped
2025,14,hungaroring,hadjar,rb,10,11,0,0.0,69,Lapped
2025,14,hungaroring,hamilton,ferrari,12,12,0,0.0,69,Lapped
2025,14,hungaroring,hulkenberg,sauber,18,13,0,0.0,69,Lapped
2025,14,hungaroring,sainz,williams,13,14,0,0.0,69,Lapped
2025,14,hungaroring,albon,williams,19,15,0,0.0,69,Lapped
2025,14,hungaroring,ocon,haas,17,16,0,0.0,69,Lapped
2025,14,hungaroring,tsunoda,red_bull,20,17,0,0.0,69,Lapped
2025,14,hungaroring,colapinto,alpine,14,18,0,0.0,69,Lapped
2025,14,hungaroring,gasly,alpine,16,19,0,0.0,69,Lapped
2025,14,hungaroring,bearman,haas,11,20,0,0.0,48,Retired
2025,15,zandvoort,piastri,mclaren,1,1,1,25.0,72,Finished
2025,15,zandvoort,max_verstappen,red_bull,3,2,0,18.0,72,Finished
2025,15,zandvoort,hadjar,rb,4,3,0,15.0,72,Finished
2025,15,zandvoort,russell,mercedes,5,4,0,12.0,72,Finished
2025,15,zandvoort,albon,williams,15,5,0,10.0,72,Finished
2025,15,zandvoort,bearman,haas,20,6,0,8.0,72,Finished
2025,15,zandvoort,stroll,aston_martin,19,7,0,6.0,72,Finished
2025,15,zandvoort,alonso,aston_martin,10,8,0,4.0,72,Finished
2025,15,zandvoort,tsunoda,red_bull,12,9,0,2.0,72,Finished
2025,15,zandvoort,ocon,haas,18,10,0,1.0,72,Finished
2025,15,zandvoort,colapinto,alpine,16,11,0,0.0,72,Finished
2025,15,zandvoort,lawson,rb,8,12,0,0.0,72,Finished
2025,15,zandvoort,sainz,williams,9,13,0,0.0,72,Finished
2025,15,zandvoort,hulkenberg,sauber,17,14,0,0.0,72,Finished
2025,15,zandvoort,bortoleto,sauber,13,15,0,0.0,72,Finished
2025,15,zandvoort,antonelli,mercedes,11,16,0,0.0,72,Finished
2025,15,zandvoort,gasly,alpine,14,17,0,0.0,72,Finished
2025,15,zandvoort,norris,mclaren,2,18,0,0.0,64,Retired
2025,15,zandvoort,leclerc,ferrari,6,19,0,0.0,52,Retired
2025,15,zandvoort,hamilton,ferrari,7,20,0,0.0,22,Retired
2025,16,monza,max_verstappen,red_bull,1,1,1,25.0,53,Finished
2025,16,monza,norris,mclaren,2,2,0,18.0,53,Finished
2025,16,monza,piastri,mclaren,3,3,0,15.0,53,Finished
2025,16,monza,leclerc,ferrari,4,4,0,12.0,53,Finished
2025,16,monza,russell,mercedes,5,5,0,10.0,53,Finished
2025,16,monza,hamilton,ferrari,10,6,0,8.0,53,Finished
2025,16,monza,albon,williams,14,7,0,6.0,53,Finished
2025,16,monza,bortoleto,sauber,7,8,0,4.0,53,Finished
2025,16,monza,antonelli,mercedes,6,9,0,2.0,53,Finished
2025,16,monza,hadjar,rb,19,10,0,1.0,53,Finished
2025,16,monza,sainz,williams,13,11,0,0.0,53,Finished
2025,16,monza,bearman,haas,11,12,0,0.0,53,Finished
2025,16,monza,tsunoda,red_bull,9,13,0,0.0,53,Finished
2025,16,monza,lawson,rb,18,14,0,0.0,53,Finished
2025,16,monza,ocon,haas,15,15,0,0.0,52,Lapped
2025,16,monza,gasly,alpine,20,16,0,0.0,52,Lapped
2025,16,monza,colapinto,alpine,17,17,0,0.0,52,Lapped
2025,16,monza,stroll,aston_martin,16,18,0,0.0,52,Lapped
2025,16,monza,alonso,aston_martin,8,19,0,0.0,24,Retired
2025,16,monza,hulkenberg,sauber,12,20,0,0.0,0,Did not start
2025,17,baku,max_verstappen,red_bull,1,1,1,25.0,51,Finished
2025,17,baku,russell,mercedes,5,2,0,18.0,51,Finished
2025,17,baku,sainz,williams,2,3,0,15.0,51,Finished
2025,17,baku,antonelli,mercedes,4,4,0,12.0,51,Finished
2025,17,baku,lawson,rb,3,5,0,10.0,51,Finished
2025,17,baku,tsunoda,red_bull,6,6,0,8.0,51,Finished
2025,17,baku,norris,mclaren,7,7,0,6.0,51,Finished
2025,17,baku,hamilton,ferrari,12,8,0,4.0,51,Finished
2025,17,baku,leclerc,ferrari,10,9,0,2.0,51,Finished
2025,17,baku,hadjar,rb,8,10,0,1.0,51,Finished
2025,17,baku,bortoleto,sauber,13,11,0,0.0,51,Finished
2025,17,baku,bearman,haas,15,12,0,0.0,51,Finished
2025,17,baku,albon,williams,19,13,0,0.0,51,Finished
2025,17,baku,ocon,haas,20,14,0,0.0,51,Finished
2025,17,baku,alonso,aston_martin,11,15,0,0.0,51,Finished
2025,17,baku,hulkenberg,sauber,17,16,0,0.0,51,Finished
2025,17,baku,stroll,aston_martin,14,17,0,0.0,51,Finished
2025,17,baku,gasly,alpine,18,18,0,0.0,50,Lapped
2025,17,baku,colapinto,alpine,16,19,0,0.0,50,Lapped
2025,17,baku,piastri,mclaren,9,20,0,0.0,0,Retired
2025,18,marina_bay,russell,mercedes,1,1,1,25.0,62,Finished
2025,18,marina_bay,max_verstappen,red_bull,2,2,0,18.0,62,Finished
2025,18,marina_bay,norris,mclaren,5,3,0,15.0,62,Finished
2025,18,marina_bay,piastri,mclaren,3,4,0,12.0,62,Finished
2025,18,marina_bay,antonelli,mercedes,4,5,0,10.0,62,Finished
2025,18,marina_bay,leclerc,ferrari,7,6,0,8.0,62,Finished
2025,18,marina_bay,alonso,aston_martin,10,7,0,6.0,62,Finished
2025,18,marina_bay,hamilton,ferrari,6,8,0,4.0,62,Finished
2025,18,marina_bay,bearman,haas,9,9,0,2.0,62,Finished
2025,18,marina_bay,sainz,williams,18,10,0,1.0,61,Lapped
2025,18,marina_bay,hadjar,rb,8,11,0,0.0,61,Lapped
2025,18,marina_bay,tsunoda,red_bull,13,12,0,0.0,61,Lapped
2025,18,marina_bay,stroll,aston_martin,15,13,0,0.0,61,Lapped
2025,18,marina_bay,albon,williams,20,14,0,0.0,61,Lapped
2025,18,marina_bay,lawson,rb,12,15,0,0.0,61,Lapped
2025,18,marina_bay,colapinto,alpine,16,16,0,0.0,61,Lapped
2025,18,marina_bay,bortoleto,sauber,14,17,0,0.0,61,Lapped
2025,18,marina_bay,ocon,haas,17,18,0,0.0,61,Lapped
2025,18,marina_bay,gasly,alpine,19,19,0,0.0,61,Lapped
2025,18,marina_bay,hulkenberg,sauber,11,20,0,0.0,61,Lapped
2025,19,americas,max_verstappen,red_bull,1,1,1,25.0,56,Finished
2025,19,americas,norris,mclaren,2,2,0,18.0,56,Finished
2025,19,americas,leclerc,ferrari,3,3,0,15.0,56,Finished
2025,19,americas,hamilton,ferrari,5,4,0,12.0,56,Finished
2025,19,americas,piastri,mclaren,6,5,0,10.0,56,Finished
2025,19,americas,russell,mercedes,4,6,0,8.0,56,Finished
2025,19,americas,tsunoda,red_bull,13,7,0,6.0,56,Finished
2025,19,americas,hulkenberg,sauber,11,8,0,4.0,56,Finished
2025,19,americas,bearman,haas,8,9,0,2.0,56,Finished
2025,19,americas,alonso,aston_martin,10,10,0,1.0,56,Finished
2025,19,americas,lawson,rb,12,11,0,0.0,56,Finished
2025,19,americas,stroll,aston_martin,19,12,0,0.0,56,Finished
2025,19,americas,antonelli,mercedes,7,13,0,0.0,56,Finished
2025,19,americas,albon,williams,18,14,0,0.0,56,Finished
2025,19,americas,ocon,haas,17,15,0,0.0,56,Finished
2025,19,americas,hadjar,rb,20,16,0,0.0,56,Finished
2025,19,americas,colapinto,alpine,15,17,0,0.0,55,Lapped
2025,19,americas,bortoleto,sauber,16,18,0,0.0,55,Lapped
2025,19,americas,gasly,alpine,14,19,0,0.0,55,Lapped
2025,19,americas,sainz,williams,9,20,0,0.0,5,Retired
2025,20,rodriguez,norris,mclaren,1,1,1,25.0,71,Finished
2025,20,rodriguez,leclerc,ferrari,2,2,0,18.0,71,Finished
2025,20,rodriguez,max_verstappen,red_bull,5,3,0,15.0,71,Finished
2025,20,rodriguez,bearman,haas,9,4,0,12.0,71,Finished
2025,20,rodriguez,piastri,mclaren,7,5,0,10.0,71,Finished
2025,20,rodriguez,antonelli,mercedes,6,6,0,8.0,71,Finished
2025,20,rodriguez,russell,mercedes,4,7,0,6.0,71,Finished
2025,20,rodriguez,hamilton,ferrari,3,8,0,4.0,71,Finished
2025,20,rodriguez,ocon,haas,11,9,0,2.0,71,Finished
2025,20,rodriguez,bortoleto,sauber,16,10,0,1.0,71,Finished
2025,20,rodriguez,tsunoda,red_bull,10,11,0,0.0,71,Finished
2025,20,rodriguez,albon,williams,17,12,0,0.0,70,Lapped
2025,20,rodriguez,hadjar,rb,8,13,0,0.0,70,Lapped
2025,20,rodriguez,stroll,aston_martin,19,14,0,0.0,70,Lapped
2025,20,rodriguez,gasly,alpine,18,15,0,0.0,70,Lapped
2025,20,rodriguez,colapinto,alpine,20,16,0,0.0,70,Lapped
2025,20,rodriguez,sainz,williams,12,17,0,0.0,67,Retired
2025,20,rodriguez,alonso,aston_martin,14,18,0,0.0,34,Retired
2025,20,rodriguez,hulkenberg,sauber,13,19,0,0.0,25,Retired
2025,20,rodriguez,lawson,rb,15,20,0,0.0,5,Retired
2025,21,interlagos,norris,mclaren,1,1,1,25.0,71,Finished
2025,21,interlagos,antonelli,mercedes,2,2,0,18.0,71,Finished
2025,21,interlagos,max_verstappen,red_bull,19,3,0,15.0,71,Finished
2025,21,interlagos,russell,mercedes,6,4,0,12.0,71,Finished
2025,21,interlagos,piastri,mclaren,4,5,0,10.0,71,Finished
2025,21,interlagos,bearman,haas,8,6,0,8.0,71,Finished
2025,21,interlagos,lawson,rb,7,7,0,6.0,71,Finished
2025,21,interlagos,hadjar,rb,5,8,0,4.0,71,Finished
2025,21,interlagos,hulkenberg,sauber,10,9,0,2.0,71,Finished
2025,21,interlagos,gasly,alpine,9,10,0,1.0,71,Finished
2025,21,interlagos,albon,williams,12,11,0,0.0,71,Finished
2025,21,interlagos,ocon,haas,20,12,0,0.0,71,Finished
2025,21,interlagos,sainz,williams,15,13,0,0.0,71,Finished
2025,21,interlagos,alonso,aston_martin,11,14,0,0.0,71,Finished
2025,21,interlagos,colapinto,alpine,16,15,0,0.0,71,Finished
2025,21,interlagos,stroll,aston_martin,14,16,0,0.0,71,Finished
2025,21,interlagos,tsunoda,red_bull,17,17,0,0.0,71,Finished
2025,21,interlagos,hamilton,ferrari,13,18,0,0.0,37,Retired
2025,21,interlagos,leclerc,ferrari,3,19,0,0.0,5,Retired
2025,21,interlagos,bortoleto,sauber,18,20,0,0.0,0,Retired
2025,22,vegas,max_verstappen,red_bull,2,1,1,25.0,50,Finished
2025,22,vegas,russell,mercedes,4,2,0,18.0,50,Finished
2025,22,vegas,antonelli,mercedes,17,3,0,15.0,50,Finished
2025,22,vegas,leclerc,ferrari,9,4,0,12.0,50,Finished
2025,22,vegas,sainz,williams,3,5,0,10.0,50,Finished
2025,22,vegas,hadjar,rb,8,6,0,8.0,50,Finished
2025,22,vegas,hulkenberg,sauber,11,7,0,6.0,50,Finished
2025,22,vegas,hamilton,ferrari,19,8,0,4.0,50,Finished
2025,22,vegas,ocon,haas,13,9,0,2.0,50,Finished
2025,22,vegas,bearman,haas,14,10,0,1.0,50,Finished
2025,22,vegas,alonso,aston_martin,7,11,0,0.0,50,Finished
2025,22,vegas,tsunoda,red_bull,20,12,0,0.0,50,Finished
2025,22,vegas,gasly,alpine,10,13,0,0.0,50,Finished
2025,22,vegas,lawson,rb,6,14,0,0.0,49,Lapped
2025,22,vegas,colapinto,alpine,15,15,0,0.0,49,Lapped
2025,22,vegas,albon,williams,16,16,0,0.0,35,Retired
2025,22,vegas,bortoleto,sauber,18,17,0,0.0,2,Retired
2025,22,vegas,stroll,aston_martin,12,18,0,0.0,0,Retired
2025,22,vegas,norris,mclaren,1,19,0,0.0,50,Disqualified
2025,22,vegas,piastri,mclaren,5,20,0,0.0,50,Disqualified
2025,23,losail,max_verstappen,red_bull,3,1,1,25.0,57,Finished
2025,23,losail,piastri,mclaren,1,2,0,18.0,57,Finished
2025,23,losail,sainz,williams,7,3,0,15.0,57,Finished
2025,23,losail,norris,mclaren,2,4,0,12.0,57,Finished
2025,23,losail,antonelli,mercedes,5,5,0,10.0,57,Finished
2025,23,losail,russell,mercedes,4,6,0,8.0,57,Finished
2025,23,losail,alonso,aston_martin,8,7,0,6.0,57,Finished
2025,23,losail,leclerc,ferrari,10,8,0,4.0,57,Finished
2025,23,losail,lawson,rb,12,9,0,2.0,57,Finished
2025,23,losail,tsunoda,red_bull,15,10,0,1.0,57,Finished
2025,23,losail,albon,williams,14,11,0,0.0,57,Finished
2025,23,losail,hamilton,ferrari,17,12,0,0.0,57,Finished
2025,23,losail,bortoleto,sauber,19,13,0,0.0,57,Finished
2025,23,losail,colapinto,alpine,20,14,0,0.0,56,Lapped
2025,23,losail,ocon,haas,16,15,0,0.0,56,Lapped
2025,23,losail,gasly,alpine,9,16,0,0.0,56,Lapped
2025,23,losail,stroll,aston_martin,18,17,0,0.0,55,Retired
2025,23,losail,hadjar,rb,6,18,0,0.0,55,Retired
2025,23,losail,bearman,haas,13,19,0,0.0,41,Retired
2025,23,losail,hulkenberg,sauber,11,20,0,0.0,6,Retired
2025,24,yas_marina,max_verstappen,red_bull,1,1,1,25.0,58,Finished
2025,24,yas_marina,piastri,mclaren,3,2,0,18.0,58,Finished
2025,24,yas_marina,norris,mclaren,2,3,0,15.0,58,Finished
2025,24,yas_marina,leclerc,ferrari,5,4,0,12.0,58,Finished
2025,24,yas_marina,russell,mercedes,4,5,0,10.0,58,Finished
2025,24,yas_marina,alonso,aston_martin,6,6,0,8.0,58,Finished
2025,24,yas_marina,ocon,haas,8,7,0,6.0,58,Finished
2025,24,yas_marina,hamilton,ferrari,16,8,0,4.0,58,Finished
2025,24,yas_marina,hulkenberg,sauber,18,9,0,2.0,58,Finished
2025,24,yas_marina,stroll,aston_martin,15,10,0,1.0,58,Finished
2025,24,yas_marina,bortoleto,sauber,7,11,0,0.0,58,Finished
2025,24,yas_marina,bearman,haas,11,12,0,0.0,58,Finished
2025,24,yas_marina,sainz,williams,12,13,0,0.0,58,Finished
2025,24,yas_marina,tsunoda,red_bull,10,14,0,0.0,58,Finished
2025,24,yas_marina,antonelli,mercedes,14,15,0,0.0,58,Finished
2025,24,yas_marina,albon,williams,17,16,0,0.0,58,Finished
2025,24,yas_marina,hadjar,rb,9,17,0,0.0,57,Lapped
2025,24,yas_marina,lawson,rb,13,18,0,0.0,57,Lapped
2025,24,yas_marina,gasly,alpine,19,19,0,0.0,57,Lapped
2025,24,yas_marina,colapinto,alpine,20,20,0,0.0,57,Lapped
2026,1,albert_park,russell,mercedes,1,1,1,25.0,58,Finished
2026,1,albert_park,antonelli,mercedes,2,2,0,18.0,58,Finished
2026,1,albert_park,leclerc,ferrari,4,3,0,15.0,58,Finished
2026,1,albert_park,hamilton,ferrari,7,4,0,12.0,58,Finished
2026,1,albert_park,norris,mclaren,6,5,0,10.0,58,Finished
2026,1,albert_park,max_verstappen,red_bull,20,6,0,8.0,58,Finished
2026,1,albert_park,bearman,haas,12,7,0,6.0,57,Lapped
2026,1,albert_park,arvid_lindblad,rb,9,8,0,4.0,57,Lapped
2026,1,albert_park,bortoleto,audi,10,9,0,2.0,57,Lapped
2026,1,albert_park,gasly,alpine,14,10,0,1.0,57,Lapped
2026,1,albert_park,ocon,haas,13,11,0,0.0,57,Lapped
2026,1,albert_park,albon,williams,15,12,0,0.0,57,Lapped
2026,1,albert_park,lawson,rb,8,13,0,0.0,57,Lapped
2026,1,albert_park,colapinto,alpine,16,14,0,0.0,56,Lapped
2026,1,albert_park,sainz,williams,21,15,0,0.0,56,Lapped
2026,1,albert_park,perez,cadillac,18,16,0,0.0,55,Lapped
2026,1,albert_park,stroll,aston_martin,22,17,0,0.0,43,Lapped
2026,1,albert_park,alonso,aston_martin,17,18,0,0.0,21,Retired
2026,1,albert_park,bottas,cadillac,19,19,0,0.0,15,Retired
2026,1,albert_park,hadjar,red_bull,3,20,0,0.0,10,Retired
2026,1,albert_park,piastri,mclaren,5,21,0,0.0,0,Did not start
2026,1,albert_park,hulkenberg,audi,11,22,0,0.0,0,Did not start
2026,2,shanghai,antonelli,mercedes,1,1,1,25.0,56,Finished
2026,2,shanghai,russell,mercedes,2,2,0,18.0,56,Finished
2026,2,shanghai,hamilton,ferrari,3,3,0,15.0,56,Finished
2026,2,shanghai,leclerc,ferrari,4,4,0,12.0,56,Finished
2026,2,shanghai,bearman,haas,10,5,0,10.0,56,Finished
2026,2,shanghai,gasly,alpine,7,6,0,8.0,56,Finished
2026,2,shanghai,lawson,rb,14,7,0,6.0,56,Finished
2026,2,shanghai,hadjar,red_bull,9,8,0,4.0,56,Finished
2026,2,shanghai,sainz,williams,17,9,0,2.0,55,Lapped
2026,2,shanghai,colapinto,alpine,12,10,0,1.0,55,Lapped
2026,2,shanghai,hulkenberg,audi,11,11,0,0.0,55,Lapped
2026,2,shanghai,arvid_lindblad,rb,15,12,0,0.0,55,Lapped
2026,2,shanghai,bottas,cadillac,19,13,0,0.0,55,Lapped
2026,2,shanghai,ocon,haas,13,14,0,0.0,55,Lapped
2026,2,shanghai,perez,cadillac,21,15,0,0.0,55,Lapped
2026,2,shanghai,max_verstappen,red_bull,8,16,0,0.0,45,Retired
2026,2,shanghai,alonso,aston_martin,18,17,0,0.0,32,Retired
2026,2,shanghai,stroll,aston_martin,20,18,0,0.0,9,Retired
2026,2,shanghai,piastri,mclaren,5,19,0,0.0,0,Did not start
2026,2,shanghai,norris,mclaren,6,20,0,0.0,0,Did not start
2026,2,shanghai,bortoleto,audi,16,21,0,0.0,0,Did not start
2026,2,shanghai,albon,williams,22,22,0,0.0,0,Did not start
