year,round,circuit,driver,quali_pos
2015,1,albert_park,hamilton,1
2015,1,albert_park,rosberg,2
2015,1,albert_park,massa,3
2015,1,albert_park,vettel,4
2015,1,albert_park,raikkonen,5
2015,1,albert_park,bottas,6
2015,1,albert_park,ricciardo,7
2015,1,albert_park,sainz,8
2015,1,albert_park,grosjean,9
2015,1,albert_park,maldonado,10
2015,1,albert_park,nasr,11
2015,1,albert_park,max_verstappen,12
2015,1,albert_park,kvyat,13
2015,1,albert_park,hulkenberg,14
2015,1,albert_park,perez,15
2015,1,albert_park,ericsson,16
2015,1,albert_park,button,17
2015,1,albert_park,kevin_magnussen,18
2015,2,sepang,hamilton,1
2015,2,sepang,vettel,2
2015,2,sepang,rosberg,3
2015,2,sepang,ricciardo,4
2015,2,sepang,kvyat,5
2015,2,sepang,max_verstappen,6
2015,2,sepang,massa,7
2015,2,sepang,grosjean,8
2015,2,sepang,bottas,9
2015,2,sepang,ericsson,10
2015,2,sepang,raikkonen,11
2015,2,sepang,maldonado,12
2015,2,sepang,hulkenberg,13
2015,2,sepang,perez,14
2015,2,sepang,sainz,15
2015,2,sepang,nasr,16
2015,2,sepang,button,17
2015,2,sepang,alonso,18
2015,2,sepang,merhi,19
2015,3,shanghai,hamilton,1
2015,3,shanghai,rosberg,2
2015,3,shanghai,vettel,3
2015,3,shanghai,massa,4
2015,3,shanghai,bottas,5
2015,3,shanghai,raikkonen,6
2015,3,shanghai,ricciardo,7
2015,3,shanghai,grosjean,8
2015,3,shanghai,nasr,9
2015,3,shanghai,ericsson,10
2015,3,shanghai,maldonado,11
2015,3,shanghai,kvyat,12
2015,3,shanghai,max_verstappen,13
2015,3,shanghai,sainz,14
2015,3,shanghai,perez,15
2015,3,shanghai,hulkenberg,16
2015,3,shanghai,button,17
2015,3,shanghai,alonso,18
2015,3,shanghai,stevens,19
2015,3,shanghai,merhi,20
2015,4,bahrain,hamilton,1
2015,4,bahrain,vettel,2
2015,4,bahrain,rosberg,3
2015,4,bahrain,raikkonen,4
2015,4,bahrain,bottas,5
2015,4,bahrain,massa,6
2015,4,bahrain,ricciardo,7
2015,4,bahrain,hulkenberg,8
2015,4,bahrain,sainz,9
2015,4,bahrain,grosjean,10
2015,4,bahrain,perez,11
2015,4,bahrain,nasr,12
2015,4,bahrain,ericsson,13
2015,4,bahrain,alonso,14
2015,4,bahrain,max_verstappen,15
2015,4,bahrain,maldonado,16
2015,4,bahrain,kvyat,17
2015,4,bahrain,stevens,18
2015,4,bahrain,merhi,19
2015,5,catalunya,rosberg,1
2015,5,catalunya,hamilton,2
2015,5,catalunya,vettel,3
2015,5,catalunya,bottas,4
2015,5,catalunya,sainz,5
2015,5,catalunya,max_verstappen,6
2015,5,catalunya,raikkonen,7
2015,5,catalunya,kvyat,8
2015,5,catalunya,massa,9
2015,5,catalunya,ricciardo,10
2015,5,catalunya,grosjean,11
2015,5,catalunya,maldonado,12
2015,5,catalunya,alonso,13
2015,5,catalunya,button,14
2015,5,catalunya,nasr,15
2015,5,catalunya,ericsson,16
2015,5,catalunya,hulkenberg,17
2015,5,catalunya,perez,18
2015,5,catalunya,stevens,19
2015,5,catalunya,merhi,20
2015,6,monaco,hamilton,1
2015,6,monaco,rosberg,2
2015,6,monaco,vettel,3
2015,6,monaco,ricciardo,4
2015,6,monaco,kvyat,5
2015,6,monaco,raikkonen,6
2015,6,monaco,perez,7
2015,6,monaco,sainz,8
2015,6,monaco,maldonado,9
2015,6,monaco,max_verstappen,10
2015,6,monaco,grosjean,11
2015,6,monaco,button,12
2015,6,monaco,hulkenberg,13
2015,6,monaco,massa,14
2015,6,monaco,alonso,15
2015,6,monaco,nasr,16
2015,6,monaco,bottas,17
2015,6,monaco,ericsson,18
2015,6,monaco,stevens,19
2015,6,monaco,merhi,20
2015,7,villeneuve,hamilton,1
2015,7,villeneuve,rosberg,2
2015,7,villeneuve,raikkonen,3
2015,7,villeneuve,bottas,4
2015,7,villeneuve,grosjean,5
2015,7,villeneuve,maldonado,6
2015,7,villeneuve,hulkenberg,7
2015,7,villeneuve,kvyat,8
2015,7,villeneuve,ricciardo,9
2015,7,villeneuve,perez,10
2015,7,villeneuve,sainz,11
2015,7,villeneuve,max_verstappen,12
2015,7,villeneuve,ericsson,13
2015,7,villeneuve,alonso,14
2015,7,villeneuve,nasr,15
2015,7,villeneuve,vettel,16
2015,7,villeneuve,massa,17
2015,7,villeneuve,merhi,18
2015,7,villeneuve,stevens,19
2015,8,red_bull_ring,hamilton,1
2015,8,red_bull_ring,rosberg,2
2015,8,red_bull_ring,vettel,3
2015,8,red_bull_ring,massa,4
2015,8,red_bull_ring,hulkenberg,5
2015,8,red_bull_ring,bottas,6
2015,8,red_bull_ring,max_verstappen,7
2015,8,red_bull_ring,kvyat,8
2015,8,red_bull_ring,nasr,9
2015,8,red_bull_ring,grosjean,10
2015,8,red_bull_ring,maldonado,11
2015,8,red_bull_ring,ericsson,12
2015,8,red_bull_ring,sainz,13
2015,8,red_bull_ring,ricciardo,14
2015,8,red_bull_ring,alonso,15
2015,8,red_bull_ring,perez,16
2015,8,red_bull_ring,button,17
2015,8,red_bull_ring,raikkonen,18
2015,8,red_bull_ring,merhi,19
2015,8,red_bull_ring,stevens,20
2015,9,silverstone,hamilton,1
2015,9,silverstone,rosberg,2
2015,9,silverstone,massa,3
2015,9,silverstone,bottas,4
2015,9,silverstone,raikkonen,5
2015,9,silverstone,vettel,6
2015,9,silverstone,kvyat,7
2015,9,silverstone,sainz,8
2015,9,silverstone,hulkenberg,9
2015,9,silverstone,ricciardo,10
2015,9,silverstone,perez,11
2015,9,silverstone,grosjean,12
2015,9,silverstone,max_verstappen,13
2015,9,silverstone,maldonado,14
2015,9,silverstone,ericsson,15
2015,9,silverstone,nasr,16
2015,9,silverstone,alonso,17
2015,9,silverstone,button,18
2015,9,silverstone,stevens,19
2015,9,silverstone,merhi,20
2015,10,hungaroring,hamilton,1
2015,10,hungaroring,rosberg,2
2015,10,hungaroring,vettel,3
2015,10,hungaroring,ricciardo,4
2015,10,hungaroring,raikkonen,5
2015,10,hungaroring,bottas,6
2015,10,hungaroring,kvyat,7
2015,10,hungaroring,massa,8
2015,10,hungaroring,max_verstappen,9
2015,10,hungaroring,grosjean,10
2015,10,hungaroring,hulkenberg,11
2015,10,hungaroring,sainz,12
2015,10,hungaroring,perez,13
2015,10,hungaroring,maldonado,14
2015,10,hungaroring,alonso,15
2015,10,hungaroring,button,16
2015,10,hungaroring,ericsson,17
2015,10,hungaroring,nasr,18
2015,10,hungaroring,merhi,19
2015,10,hungaroring,stevens,20
2015,11,spa,hamilton,1
2015,11,spa,rosberg,2
2015,11,spa,bottas,3
2015,11,spa,grosjean,4
2015,11,spa,perez,5
2015,11,spa,ricciardo,6
2015,11,spa,massa,7
2015,11,spa,maldonado,8
2015,11,spa,vettel,9
2015,11,spa,sainz,10
2015,11,spa,hulkenberg,11
2015,11,spa,kvyat,12
2015,11,spa,ericsson,13
2015,11,spa,raikkonen,14
2015,11,spa,max_verstappen,15
2015,11,spa,nasr,16
2015,11,spa,button,17
2015,11,spa,alonso,18
2015,11,spa,stevens,19
2015,11,spa,merhi,20
2015,12,monza,hamilton,1
2015,12,monza,raikkonen,2
2015,12,monza,vettel,3
2015,12,monza,rosberg,4
2015,12,monza,massa,5
2015,12,monza,bottas,6
2015,12,monza,perez,7
2015,12,monza,grosjean,8
2015,12,monza,hulkenberg,9
2015,12,monza,ericsson,10
2015,12,monza,maldonado,11
2015,12,monza,nasr,12
2015,12,monza,sainz,13
2015,12,monza,kvyat,14
2015,12,monza,ricciardo,15
2015,12,monza,button,16
2015,12,monza,alonso,17
2015,12,monza,stevens,18
2015,12,monza,merhi,19
2015,12,monza,max_verstappen,20
2015,13,marina_bay,vettel,1
2015,13,marina_bay,ricciardo,2
2015,13,marina_bay,raikkonen,3
2015,13,marina_bay,kvyat,4
2015,13,marina_bay,hamilton,5
2015,13,marina_bay,rosberg,6
2015,13,marina_bay,bottas,7
2015,13,marina_bay,max_verstappen,8
2015,13,marina_bay,massa,9
2015,13,marina_bay,grosjean,10
2015,13,marina_bay,hulkenberg,11
2015,13,marina_bay,alonso,12
2015,13,marina_bay,perez,13
2015,13,marina_bay,sainz,14
2015,13,marina_bay,button,15
2015,13,marina_bay,nasr,16
2015,13,marina_bay,ericsson,17
2015,13,marina_bay,maldonado,18
2015,13,marina_bay,stevens,19
2015,13,marina_bay,rossi,20
2015,14,suzuka,rosberg,1
2015,14,suzuka,hamilton,2
2015,14,suzuka,bottas,3
2015,14,suzuka,vettel,4
2015,14,suzuka,massa,5
2015,14,suzuka,raikkonen,6
2015,14,suzuka,ricciardo,7
2015,14,suzuka,grosjean,8
2015,14,suzuka,perez,9
2015,14,suzuka,kvyat,10
2015,14,suzuka,hulkenberg,11
2015,14,suzuka,sainz,12
2015,14,suzuka,maldonado,13
2015,14,suzuka,alonso,14
2015,14,suzuka,max_verstappen,15
2015,14,suzuka,button,16
2015,14,suzuka,ericsson,17
2015,14,suzuka,nasr,18
2015,14,suzuka,stevens,19
2015,14,suzuka,rossi,20
2015,15,sochi,rosberg,1
2015,15,sochi,hamilton,2
2015,15,sochi,bottas,3
2015,15,sochi,vettel,4
2015,15,sochi,raikkonen,5
2015,15,sochi,hulkenberg,6
2015,15,sochi,perez,7
2015,15,sochi,grosjean,8
2015,15,sochi,max_verstappen,9
2015,15,sochi,ricciardo,10
2015,15,sochi,kvyat,11
2015,15,sochi,nasr,12
2015,15,sochi,button,13
2015,15,sochi,maldonado,14
2015,15,sochi,massa,15
2015,15,sochi,alonso,16
2015,15,sochi,ericsson,17
2015,15,sochi,stevens,18
2015,15,sochi,merhi,19
2015,16,americas,rosberg,1
2015,16,americas,hamilton,2
2015,16,americas,ricciardo,3
2015,16,americas,kvyat,4
2015,16,americas,vettel,5
2015,16,americas,perez,6
2015,16,americas,hulkenberg,7
2015,16,americas,raikkonen,8
2015,16,americas,massa,9
2015,16,americas,max_verstappen,10
2015,16,americas,alonso,11
2015,16,americas,bottas,12
2015,16,americas,grosjean,13
2015,16,americas,button,14
2015,16,americas,maldonado,15
2015,16,americas,ericsson,16
2015,16,americas,nasr,17
2015,16,americas,rossi,18
2015,16,americas,stevens,19
2015,16,americas,sainz,20
2015,17,rodriguez,rosberg,1
2015,17,rodriguez,hamilton,2
2015,17,rodriguez,vettel,3
2015,17,rodriguez,kvyat,4
2015,17,rodriguez,ricciardo,5
2015,17,rodriguez,bottas,6
2015,17,rodriguez,massa,7
2015,17,rodriguez,max_verstappen,8
2015,17,rodriguez,perez,9
2015,17,rodriguez,hulkenberg,10
2015,17,rodriguez,sainz,11
2015,17,rodriguez,grosjean,12
2015,17,rodriguez,maldonado,13
2015,17,rodriguez,ericsson,14
2015,17,rodriguez,raikkonen,15
2015,17,rodriguez,alonso,16
2015,17,rodriguez,nasr,17
2015,17,rodriguez,rossi,18
2015,17,rodriguez,stevens,19
2015,17,rodriguez,button,20
2015,18,interlagos,rosberg,1
2015,18,interlagos,hamilton,2
2015,18,interlagos,vettel,3
2015,18,interlagos,bottas,4
2015,18,interlagos,raikkonen,5
2015,18,interlagos,hulkenberg,6
2015,18,interlagos,kvyat,7
2015,18,interlagos,massa,8
2015,18,interlagos,ricciardo,9
2015,18,interlagos,max_verstappen,10
2015,18,interlagos,nasr,11
2015,18,interlagos,sainz,12
2015,18,interlagos,perez,13
2015,18,interlagos,ericsson,14
2015,18,interlagos,grosjean,15
2015,18,interlagos,maldonado,16
2015,18,interlagos,button,17
2015,18,interlagos,rossi,18
2015,18,interlagos,stevens,19
2015,18,interlagos,alonso,20
2015,19,yas_marina,rosberg,1
2015,19,yas_marina,hamilton,2
2015,19,yas_marina,raikkonen,3
2015,19,yas_marina,perez,4
2015,19,yas_marina,ricciardo,5
2015,19,yas_marina,bottas,6
2015,19,yas_marina,hulkenberg,7
2015,19,yas_marina,massa,8
2015,19,yas_marina,kvyat,9
2015,19,yas_marina,sainz,10
2015,19,yas_marina,max_verstappen,11
2015,19,yas_marina,button,12
2015,19,yas_marina,maldonado,13
2015,19,yas_marina,nasr,14
2015,19,yas_marina,grosjean,15
2015,19,yas_marina,vettel,16
2015,19,yas_marina,alonso,17
2015,19,yas_marina,ericsson,18
2015,19,yas_marina,stevens,19
2015,19,yas_marina,merhi,20
2016,1,albert_park,hamilton,1
2016,1,albert_park,rosberg,2
2016,1,albert_park,vettel,3
2016,1,albert_park,raikkonen,4
2016,1,albert_park,max_verstappen,5
2016,1,albert_park,massa,6
2016,1,albert_park,sainz,7
2016,1,albert_park,ricciardo,8
2016,1,albert_park,perez,9
2016,1,albert_park,hulkenberg,10
2016,1,albert_park,bottas,11
2016,1,albert_park,alonso,12
2016,1,albert_park,button,13
2016,1,albert_park,jolyon_palmer,14
2016,1,albert_park,kevin_magnussen,15
2016,1,albert_park,ericsson,16
2016,1,albert_park,nasr,17
2016,1,albert_park,kvyat,18
2016,1,albert_park,grosjean,19
2016,1,albert_park,gutierrez,20
2016,1,albert_park,haryanto,21
2016,1,albert_park,wehrlein,22
2016,2,bahrain,hamilton,1
2016,2,bahrain,rosberg,2
2016,2,bahrain,vettel,3
2016,2,bahrain,raikkonen,4
2016,2,bahrain,ricciardo,5
2016,2,bahrain,bottas,6
2016,2,bahrain,massa,7
2016,2,bahrain,hulkenberg,8
2016,2,bahrain,grosjean,9
2016,2,bahrain,max_verstappen,10
2016,2,bahrain,sainz,11
2016,2,bahrain,vandoorne,12
2016,2,bahrain,gutierrez,13
2016,2,bahrain,button,14
2016,2,bahrain,kvyat,15
2016,2,bahrain,wehrlein,16
2016,2,bahrain,ericsson,17
2016,2,bahrain,perez,18
2016,2,bahrain,kevin_magnussen,19
2016,2,bahrain,jolyon_palmer,20
2016,2,bahrain,haryanto,21
2016,2,bahrain,nasr,22
2016,3,shanghai,rosberg,1
2016,3,shanghai,ricciardo,2
2016,3,shanghai,raikkonen,3
2016,3,shanghai,vettel,4
2016,3,shanghai,bottas,5
2016,3,shanghai,kvyat,6
2016,3,shanghai,perez,7
2016,3,shanghai,sainz,8
2016,3,shanghai,max_verstappen,9
2016,3,shanghai,hulkenberg,10
2016,3,shanghai,massa,11
2016,3,shanghai,alonso,12
2016,3,shanghai,button,13
2016,3,shanghai,grosjean,14
2016,3,shanghai,ericsson,15
2016,3,shanghai,nasr,16
2016,3,shanghai,kevin_magnussen,17
2016,3,shanghai,gutierrez,18
2016,3,shanghai,jolyon_palmer,19
2016,3,shanghai,haryanto,20
2016,3,shanghai,wehrlein,21
2016,3,shanghai,hamilton,22
2016,4,sochi,rosberg,1
2016,4,sochi,vettel,2
2016,4,sochi,bottas,3
2016,4,sochi,raikkonen,4
2016,4,sochi,massa,5
2016,4,sochi,ricciardo,6
2016,4,sochi,perez,7
2016,4,sochi,kvyat,8
2016,4,sochi,max_verstappen,9
2016,4,sochi,hamilton,10
2016,4,sochi,sainz,11
2016,4,sochi,button,12
2016,4,sochi,hulkenberg,13
2016,4,sochi,alonso,14
2016,4,sochi,grosjean,15
2016,4,sochi,gutierrez,16
2016,4,sochi,kevin_magnussen,17
2016,4,sochi,jolyon_palmer,18
2016,4,sochi,nasr,19
2016,4,sochi,wehrlein,20
2016,4,sochi,haryanto,21
2016,4,sochi,ericsson,22
2016,5,catalunya,hamilton,1
2016,5,catalunya,rosberg,2
2016,5,catalunya,ricciardo,3
2016,5,catalunya,max_verstappen,4
2016,5,catalunya,raikkonen,5
2016,5,catalunya,vettel,6
2016,5,catalunya,bottas,7
2016,5,catalunya,sainz,8
2016,5,catalunya,perez,9
2016,5,catalunya,alonso,10
2016,5,catalunya,hulkenberg,11
2016,5,catalunya,button,12
2016,5,catalunya,kvyat,13
2016,5,catalunya,grosjean,14
2016,5,catalunya,kevin_magnussen,15
2016,5,catalunya,gutierrez,16
2016,5,catalunya,jolyon_palmer,17
2016,5,catalunya,massa,18
2016,5,catalunya,ericsson,19
2016,5,catalunya,nasr,20
2016,5,catalunya,wehrlein,21
2016,5,catalunya,haryanto,22
2016,6,monaco,ricciardo,1
2016,6,monaco,rosberg,2
2016,6,monaco,hamilton,3
2016,6,monaco,vettel,4
2016,6,monaco,hulkenberg,5
2016,6,monaco,raikkonen,6
2016,6,monaco,sainz,7
2016,6,monaco,perez,8
2016,6,monaco,kvyat,9
2016,6,monaco,alonso,10
2016,6,monaco,bottas,11
2016,6,monaco,gutierrez,12
2016,6,monaco,button,13
2016,6,monaco,massa,14
2016,6,monaco,grosjean,15
2016,6,monaco,kevin_magnussen,16
2016,6,monaco,ericsson,17
2016,6,monaco,jolyon_palmer,18
2016,6,monaco,haryanto,19
2016,6,monaco,wehrlein,20
2016,6,monaco,max_verstappen,21
2016,6,monaco,nasr,22
2016,7,villeneuve,hamilton,1
2016,7,villeneuve,rosberg,2
2016,7,villeneuve,vettel,3
2016,7,villeneuve,ricciardo,4
2016,7,villeneuve,max_verstappen,5
2016,7,villeneuve,raikkonen,6
2016,7,villeneuve,bottas,7
2016,7,villeneuve,massa,8
2016,7,villeneuve,hulkenberg,9
2016,7,villeneuve,alonso,10
2016,7,villeneuve,perez,11
2016,7,villeneuve,button,12
2016,7,villeneuve,kvyat,13
2016,7,villeneuve,gutierrez,14
2016,7,villeneuve,grosjean,15
2016,7,villeneuve,sainz,16
2016,7,villeneuve,jolyon_palmer,17
2016,7,villeneuve,wehrlein,18
2016,7,villeneuve,ericsson,19
2016,7,villeneuve,nasr,20
2016,7,villeneuve,haryanto,21
2016,8,baku,rosberg,1
2016,8,baku,perez,2
2016,8,baku,ricciardo,3
2016,8,baku,vettel,4
2016,8,baku,raikkonen,5
2016,8,baku,massa,6
2016,8,baku,kvyat,7
2016,8,baku,bottas,8
2016,8,baku,max_verstappen,9
2016,8,baku,hamilton,10
2016,8,baku,grosjean,11
2016,8,baku,hulkenberg,12
2016,8,baku,sainz,13
2016,8,baku,alonso,14
2016,8,baku,gutierrez,15
2016,8,baku,nasr,16
2016,8,baku,haryanto,17
2016,8,baku,wehrlein,18
2016,8,baku,button,19
2016,8,baku,ericsson,20
2016,8,baku,kevin_magnussen,21
2016,8,baku,jolyon_palmer,22
2016,9,red_bull_ring,hamilton,1
2016,9,red_bull_ring,rosberg,2
2016,9,red_bull_ring,hulkenberg,3
2016,9,red_bull_ring,vettel,4
2016,9,red_bull_ring,button,5
2016,9,red_bull_ring,raikkonen,6
2016,9,red_bull_ring,ricciardo,7
2016,9,red_bull_ring,bottas,8
2016,9,red_bull_ring,max_verstappen,9
2016,9,red_bull_ring,massa,10
2016,9,red_bull_ring,gutierrez,11
2016,9,red_bull_ring,wehrlein,12
2016,9,red_bull_ring,grosjean,13
2016,9,red_bull_ring,alonso,14
2016,9,red_bull_ring,sainz,15
2016,9,red_bull_ring,perez,16
2016,9,red_bull_ring,kevin_magnussen,17
2016,9,red_bull_ring,jolyon_palmer,18
2016,9,red_bull_ring,haryanto,19
2016,9,red_bull_ring,kvyat,20
2016,9,red_bull_ring,ericsson,21
2016,9,red_bull_ring,nasr,22
2016,10,silverstone,hamilton,1
2016,10,silverstone,rosberg,2
2016,10,silverstone,max_verstappen,3
2016,10,silverstone,ricciardo,4
2016,10,silverstone,raikkonen,5
2016,10,silverstone,vettel,6
2016,10,silverstone,bottas,7
2016,10,silverstone,sainz,8
2016,10,silverstone,hulkenberg,9
2016,10,silverstone,alonso,10
2016,10,silverstone,perez,11
2016,10,silverstone,massa,12
2016,10,silverstone,grosjean,13
2016,10,silverstone,gutierrez,14
2016,10,silverstone,kvyat,15
2016,10,silverstone,kevin_magnussen,16
2016,10,silverstone,button,17
2016,10,silverstone,jolyon_palmer,18
2016,10,silverstone,haryanto,19
2016,10,silverstone,wehrlein,20
2016,10,silverstone,nasr,21
2016,11,hungaroring,rosberg,1
2016,11,hungaroring,hamilton,2
2016,11,hungaroring,ricciardo,3
2016,11,hungaroring,max_verstappen,4
2016,11,hungaroring,vettel,5
2016,11,hungaroring,sainz,6
2016,11,hungaroring,alonso,7
2016,11,hungaroring,button,8
2016,11,hungaroring,hulkenberg,9
2016,11,hungaroring,bottas,10
2016,11,hungaroring,grosjean,11
2016,11,hungaroring,kvyat,12
2016,11,hungaroring,perez,13
2016,11,hungaroring,raikkonen,14
2016,11,hungaroring,gutierrez,15
2016,11,hungaroring,nasr,16
2016,11,hungaroring,jolyon_palmer,17
2016,11,hungaroring,massa,18
2016,11,hungaroring,kevin_magnussen,19
2016,11,hungaroring,ericsson,20
2016,11,hungaroring,wehrlein,21
2016,11,hungaroring,haryanto,22
2016,12,hockenheimring,rosberg,1
2016,12,hockenheimring,hamilton,2
2016,12,hockenheimring,ricciardo,3
2016,12,hockenheimring,max_verstappen,4
2016,12,hockenheimring,raikkonen,5
2016,12,hockenheimring,vettel,6
2016,12,hockenheimring,hulkenberg,7
2016,12,hockenheimring,bottas,8
2016,12,hockenheimring,perez,9
2016,12,hockenheimring,massa,10
2016,12,hockenheimring,gutierrez,11
2016,12,hockenheimring,button,12
2016,12,hockenheimring,sainz,13
2016,12,hockenheimring,alonso,14
2016,12,hockenheimring,grosjean,15
2016,12,hockenheimring,jolyon_palmer,16
2016,12,hockenheimring,kevin_magnussen,17
2016,12,hockenheimring,wehrlein,18
2016,12,hockenheimring,kvyat,19
2016,12,hockenheimring,haryanto,20
2016,12,hockenheimring,nasr,21
2016,12,hockenheimring,ericsson,22
2016,13,spa,rosberg,1
2016,13,spa,max_verstappen,2
2016,13,spa,raikkonen,3
2016,13,spa,vettel,4
2016,13,spa,ricciardo,5
2016,13,spa,perez,6
2016,13,spa,hulkenberg,7
2016,13,spa,bottas,8
2016,13,spa,button,9
2016,13,spa,massa,10
2016,13,spa,grosjean,11
2016,13,spa,kevin_magnussen,12
2016,13,spa,gutierrez,13
2016,13,spa,jolyon_palmer,14
2016,13,spa,sainz,15
2016,13,spa,wehrlein,16
2016,13,spa,nasr,17
2016,13,spa,ocon,18
2016,13,spa,kvyat,19
2016,13,spa,ericsson,20
2016,13,spa,hamilton,21
2016,14,monza,hamilton,1
2016,14,monza,rosberg,2
2016,14,monza,vettel,3
2016,14,monza,raikkonen,4
2016,14,monza,bottas,5
2016,14,monza,ricciardo,6
2016,14,monza,max_verstappen,7
2016,14,monza,perez,8
2016,14,monza,hulkenberg,9
2016,14,monza,gutierrez,10
2016,14,monza,massa,11
2016,14,monza,grosjean,12
2016,14,monza,alonso,13
2016,14,monza,wehrlein,14
2016,14,monza,button,15
2016,14,monza,sainz,16
2016,14,monza,kvyat,17
2016,14,monza,nasr,18
2016,14,monza,ericsson,19
2016,14,monza,jolyon_palmer,20
2016,14,monza,kevin_magnussen,21
2016,15,marina_bay,rosberg,1
2016,15,marina_bay,ricciardo,2
2016,15,marina_bay,hamilton,3
2016,15,marina_bay,max_verstappen,4
2016,15,marina_bay,raikkonen,5
2016,15,marina_bay,sainz,6
2016,15,marina_bay,kvyat,7
2016,15,marina_bay,hulkenberg,8
2016,15,marina_bay,alonso,9
2016,15,marina_bay,perez,10
2016,15,marina_bay,bottas,11
2016,15,marina_bay,massa,12
2016,15,marina_bay,button,13
2016,15,marina_bay,gutierrez,14
2016,15,marina_bay,grosjean,15
2016,15,marina_bay,ericsson,16
2016,15,marina_bay,kevin_magnussen,17
2016,15,marina_bay,nasr,18
2016,15,marina_bay,jolyon_palmer,19
2016,15,marina_bay,wehrlein,20
2016,15,marina_bay,ocon,21
2016,15,marina_bay,vettel,22
2016,16,sepang,hamilton,1
2016,16,sepang,rosberg,2
2016,16,sepang,max_verstappen,3
2016,16,sepang,ricciardo,4
2016,16,sepang,vettel,5
2016,16,sepang,raikkonen,6
2016,16,sepang,perez,7
2016,16,sepang,hulkenberg,8
2016,16,sepang,button,9
2016,16,sepang,massa,10
2016,16,sepang,bottas,11
2016,16,sepang,grosjean,12
2016,16,sepang,gutierrez,13
2016,16,sepang,kevin_magnussen,14
2016,16,sepang,kvyat,15
2016,16,sepang,sainz,16
2016,16,sepang,ericsson,17
2016,16,sepang,nasr,18
2016,16,sepang,jolyon_palmer,19
2016,16,sepang,ocon,20
2016,16,sepang,wehrlein,21
2016,16,sepang,alonso,22
2016,17,suzuka,rosberg,1
2016,17,suzuka,hamilton,2
2016,17,suzuka,raikkonen,3
2016,17,suzuka,vettel,4
2016,17,suzuka,max_verstappen,5
2016,17,suzuka,ricciardo,6
2016,17,suzuka,perez,7
2016,17,suzuka,grosjean,8
2016,17,suzuka,hulkenberg,9
2016,17,suzuka,gutierrez,10
2016,17,suzuka,bottas,11
2016,17,suzuka,massa,12
2016,17,suzuka,kvyat,13
2016,17,suzuka,sainz,14
2016,17,suzuka,alonso,15
2016,17,suzuka,jolyon_palmer,16
2016,17,suzuka,button,17
2016,17,suzuka,kevin_magnussen,18
2016,17,suzuka,ericsson,19
2016,17,suzuka,nasr,20
2016,17,suzuka,ocon,21
2016,17,suzuka,wehrlein,22
2016,18,americas,hamilton,1
2016,18,americas,rosberg,2
2016,18,americas,ricciardo,3
2016,18,americas,max_verstappen,4
2016,18,americas,raikkonen,5
2016,18,americas,vettel,6
2016,18,americas,hulkenberg,7
2016,18,americas,bottas,8
2016,18,americas,massa,9
2016,18,americas,sainz,10
2016,18,americas,perez,11
2016,18,americas,alonso,12
2016,18,americas,kvyat,13
2016,18,americas,gutierrez,14
2016,18,americas,jolyon_palmer,15
2016,18,americas,ericsson,16
2016,18,americas,grosjean,17
2016,18,americas,kevin_magnussen,18
2016,18,americas,button,19
2016,18,americas,wehrlein,20
2016,18,americas,nasr,21
2016,18,americas,ocon,22
2016,19,rodriguez,hamilton,1
2016,19,rodriguez,rosberg,2
2016,19,rodriguez,max_verstappen,3
2016,19,rodriguez,ricciardo,4
2016,19,rodriguez,hulkenberg,5
2016,19,rodriguez,raikkonen,6
2016,19,rodriguez,vettel,7
2016,19,rodriguez,bottas,8
2016,19,rodriguez,massa,9
2016,19,rodriguez,sainz,10
2016,19,rodriguez,alonso,11
2016,19,rodriguez,perez,12
2016,19,rodriguez,button,13
2016,19,rodriguez,kevin_magnussen,14
2016,19,rodriguez,ericsson,15
2016,19,rodriguez,wehrlein,16
2016,19,rodriguez,gutierrez,17
2016,19,rodriguez,kvyat,18
2016,19,rodriguez,nasr,19
2016,19,rodriguez,ocon,20
2016,19,rodriguez,grosjean,21
2016,20,interlagos,hamilton,1
2016,20,interlagos,rosberg,2
2016,20,interlagos,raikkonen,3
2016,20,interlagos,max_verstappen,4
2016,20,interlagos,vettel,5
2016,20,interlagos,ricciardo,6
2016,20,interlagos,grosjean,7
2016,20,interlagos,hulkenberg,8
2016,20,interlagos,perez,9
2016,20,interlagos,alonso,10
2016,20,interlagos,bottas,11
2016,20,interlagos,gutierrez,12
2016,20,interlagos,massa,13
2016,20,interlagos,kvyat,14
2016,20,interlagos,sainz,15
2016,20,interlagos,jolyon_palmer,16
2016,20,interlagos,button,17
2016,20,interlagos,kevin_magnussen,18
2016,20,interlagos,wehrlein,19
2016,20,interlagos,ocon,20
2016,20,interlagos,ericsson,21
2016,20,interlagos,nasr,22
2016,21,yas_marina,hamilton,1
2016,21,yas_marina,rosberg,2
2016,21,yas_marina,ricciardo,3
2016,21,yas_marina,raikkonen,4
2016,21,yas_marina,vettel,5
2016,21,yas_marina,max_verstappen,6
2016,21,yas_marina,hulkenberg,7
2016,21,yas_marina,perez,8
2016,21,yas_marina,alonso,9
2016,21,yas_marina,massa,10
2016,21,yas_marina,bottas,11
2016,21,yas_marina,button,12
2016,21,yas_marina,gutierrez,13
2016,21,yas_marina,grosjean,14
2016,21,yas_marina,jolyon_palmer,15
2016,21,yas_marina,wehrlein,16
2016,21,yas_marina,kvyat,17
2016,21,yas_marina,kevin_magnussen,18
2016,21,yas_marina,nasr,19
2016,21,yas_marina,ocon,20
2016,21,yas_marina,sainz,21
2016,21,yas_marina,ericsson,22
2017,1,albert_park,hamilton,1
2017,1,albert_park,vettel,2
2017,1,albert_park,bottas,3
2017,1,albert_park,raikkonen,4
2017,1,albert_park,max_verstappen,5
2017,1,albert_park,grosjean,6
2017,1,albert_park,massa,7
2017,1,albert_park,sainz,8
2017,1,albert_park,kvyat,9
2017,1,albert_park,ricciardo,10
2017,1,albert_park,perez,11
2017,1,albert_park,hulkenberg,12
2017,1,albert_park,alonso,13
2017,1,albert_park,ocon,14
2017,1,albert_park,ericsson,15
2017,1,albert_park,giovinazzi,16
2017,1,albert_park,kevin_magnussen,17
2017,1,albert_park,vandoorne,18
2017,1,albert_park,stroll,19
2017,1,albert_park,jolyon_palmer,20
2017,2,shanghai,hamilton,1
2017,2,shanghai,vettel,2
2017,2,shanghai,bottas,3
2017,2,shanghai,raikkonen,4
2017,2,shanghai,ricciardo,5
2017,2,shanghai,massa,6
2017,2,shanghai,hulkenberg,7
2017,2,shanghai,perez,8
2017,2,shanghai,kvyat,9
2017,2,shanghai,stroll,10
2017,2,shanghai,sainz,11
2017,2,shanghai,kevin_magnussen,12
2017,2,shanghai,alonso,13
2017,2,shanghai,ericsson,14
2017,2,shanghai,giovinazzi,15
2017,2,shanghai,vandoorne,16
2017,2,shanghai,grosjean,17
2017,2,shanghai,jolyon_palmer,18
2017,2,shanghai,max_verstappen,19
2017,2,shanghai,ocon,20
2017,3,bahrain,bottas,1
2017,3,bahrain,hamilton,2
2017,3,bahrain,vettel,3
2017,3,bahrain,ricciardo,4
2017,3,bahrain,raikkonen,5
2017,3,bahrain,max_verstappen,6
2017,3,bahrain,hulkenberg,7
2017,3,bahrain,massa,8
2017,3,bahrain,grosjean,9
2017,3,bahrain,jolyon_palmer,10
2017,3,bahrain,kvyat,11
2017,3,bahrain,stroll,12
2017,3,bahrain,wehrlein,13
2017,3,bahrain,ocon,14
2017,3,bahrain,alonso,15
2017,3,bahrain,sainz,16
2017,3,bahrain,vandoorne,17
2017,3,bahrain,perez,18
2017,3,bahrain,ericsson,19
2017,3,bahrain,kevin_magnussen,20
2017,4,sochi,vettel,1
2017,4,sochi,raikkonen,2
2017,4,sochi,bottas,3
2017,4,sochi,hamilton,4
2017,4,sochi,ricciardo,5
2017,4,sochi,massa,6
2017,4,sochi,max_verstappen,7
2017,4,sochi,hulkenberg,8
2017,4,sochi,perez,9
2017,4,sochi,ocon,10
2017,4,sochi,sainz,11
2017,4,sochi,stroll,12
2017,4,sochi,kvyat,13
2017,4,sochi,kevin_magnussen,14
2017,4,sochi,alonso,15
2017,4,sochi,jolyon_palmer,16
2017,4,sochi,vandoorne,17
2017,4,sochi,wehrlein,18
2017,4,sochi,ericsson,19
2017,4,sochi,grosjean,20
2017,5,catalunya,hamilton,1
2017,5,catalunya,vettel,2
2017,5,catalunya,bottas,3
2017,5,catalunya,raikkonen,4
2017,5,catalunya,max_verstappen,5
2017,5,catalunya,ricciardo,6
2017,5,catalunya,alonso,7
2017,5,catalunya,perez,8
2017,5,catalunya,massa,9
2017,5,catalunya,ocon,10
2017,5,catalunya,kevin_magnussen,11
2017,5,catalunya,sainz,12
2017,5,catalunya,hulkenberg,13
2017,5,catalunya,grosjean,14
2017,5,catalunya,wehrlein,15
2017,5,catalunya,ericsson,16
2017,5,catalunya,jolyon_palmer,17
2017,5,catalunya,stroll,18
2017,5,catalunya,vandoorne,19
2017,5,catalunya,kvyat,20
2017,6,monaco,raikkonen,1
2017,6,monaco,vettel,2
2017,6,monaco,bottas,3
2017,6,monaco,max_verstappen,4
2017,6,monaco,ricciardo,5
2017,6,monaco,sainz,6
2017,6,monaco,perez,7
2017,6,monaco,grosjean,8
2017,6,monaco,button,9
2017,6,monaco,vandoorne,10
2017,6,monaco,kvyat,11
2017,6,monaco,hulkenberg,12
2017,6,monaco,kevin_magnussen,13
2017,6,monaco,hamilton,14
2017,6,monaco,massa,15
2017,6,monaco,ocon,16
2017,6,monaco,jolyon_palmer,17
2017,6,monaco,stroll,18
2017,6,monaco,wehrlein,19
2017,6,monaco,ericsson,20
2017,7,villeneuve,hamilton,1
2017,7,villeneuve,vettel,2
2017,7,villeneuve,bottas,3
2017,7,villeneuve,raikkonen,4
2017,7,villeneuve,max_verstappen,5
2017,7,villeneuve,ricciardo,6
2017,7,villeneuve,massa,7
2017,7,villeneuve,perez,8
2017,7,villeneuve,ocon,9
2017,7,villeneuve,hulkenberg,10
2017,7,villeneuve,kvyat,11
2017,7,villeneuve,alonso,12
2017,7,villeneuve,sainz,13
2017,7,villeneuve,grosjean,14
2017,7,villeneuve,jolyon_palmer,15
2017,7,villeneuve,vandoorne,16
2017,7,villeneuve,stroll,17
2017,7,villeneuve,kevin_magnussen,18
2017,7,villeneuve,ericsson,19
2017,7,villeneuve,wehrlein,20
2017,8,baku,hamilton,1
2017,8,baku,bottas,2
2017,8,baku,raikkonen,3
2017,8,baku,vettel,4
2017,8,baku,max_verstappen,5
2017,8,baku,perez,6
2017,8,baku,ocon,7
2017,8,baku,stroll,8
2017,8,baku,massa,9
2017,8,baku,ricciardo,10
2017,8,baku,kvyat,11
2017,8,baku,sainz,12
2017,8,baku,kevin_magnussen,13
2017,8,baku,hulkenberg,14
2017,8,baku,wehrlein,15
2017,8,baku,alonso,16
2017,8,baku,grosjean,17
2017,8,baku,ericsson,18
2017,8,baku,vandoorne,19
2017,9,red_bull_ring,bottas,1
2017,9,red_bull_ring,vettel,2
2017,9,red_bull_ring,hamilton,3
2017,9,red_bull_ring,raikkonen,4
2017,9,red_bull_ring,ricciardo,5
2017,9,red_bull_ring,max_verstappen,6
2017,9,red_bull_ring,grosjean,7
2017,9,red_bull_ring,perez,8
2017,9,red_bull_ring,ocon,9
2017,9,red_bull_ring,sainz,10
2017,9,red_bull_ring,hulkenberg,11
2017,9,red_bull_ring,alonso,12
2017,9,red_bull_ring,vandoorne,13
2017,9,red_bull_ring,kvyat,14
2017,9,red_bull_ring,kevin_magnussen,15
2017,9,red_bull_ring,jolyon_palmer,16
2017,9,red_bull_ring,massa,17
2017,9,red_bull_ring,stroll,18
2017,9,red_bull_ring,ericsson,19
2017,9,red_bull_ring,wehrlein,20
2017,10,silverstone,hamilton,1
2017,10,silverstone,raikkonen,2
2017,10,silverstone,vettel,3
2017,10,silverstone,bottas,4
2017,10,silverstone,max_verstappen,5
2017,10,silverstone,hulkenberg,6
2017,10,silverstone,perez,7
2017,10,silverstone,ocon,8
2017,10,silverstone,vandoorne,9
2017,10,silverstone,grosjean,10
2017,10,silverstone,jolyon_palmer,11
2017,10,silverstone,kvyat,12
2017,10,silverstone,alonso,13
2017,10,silverstone,sainz,14
2017,10,silverstone,massa,15
2017,10,silverstone,stroll,16
2017,10,silverstone,kevin_magnussen,17
2017,10,silverstone,wehrlein,18
2017,10,silverstone,ericsson,19
2017,10,silverstone,ricciardo,20
2017,11,hungaroring,vettel,1
2017,11,hungaroring,raikkonen,2
2017,11,hungaroring,bottas,3
2017,11,hungaroring,hamilton,4
2017,11,hungaroring,max_verstappen,5
2017,11,hungaroring,ricciardo,6
2017,11,hungaroring,hulkenberg,7
2017,11,hungaroring,alonso,8
2017,11,hungaroring,vandoorne,9
2017,11,hungaroring,sainz,10
2017,11,hungaroring,jolyon_palmer,11
2017,11,hungaroring,ocon,12
2017,11,hungaroring,kvyat,13
2017,11,hungaroring,perez,14
2017,11,hungaroring,grosjean,15
2017,11,hungaroring,kevin_magnussen,16
2017,11,hungaroring,stroll,17
2017,11,hungaroring,wehrlein,18
2017,11,hungaroring,resta,19
2017,11,hungaroring,ericsson,20
2017,12,spa,hamilton,1
2017,12,spa,vettel,2
2017,12,spa,bottas,3
2017,12,spa,raikkonen,4
2017,12,spa,max_verstappen,5
2017,12,spa,ricciardo,6
2017,12,spa,hulkenberg,7
2017,12,spa,perez,8
2017,12,spa,ocon,9
2017,12,spa,jolyon_palmer,10
2017,12,spa,alonso,11
2017,12,spa,grosjean,12
2017,12,spa,kevin_magnussen,13
2017,12,spa,sainz,14
2017,12,spa,vandoorne,15
2017,12,spa,massa,16
2017,12,spa,kvyat,17
2017,12,spa,stroll,18
2017,12,spa,ericsson,19
2017,12,spa,wehrlein,20
2017,13,monza,hamilton,1
2017,13,monza,max_verstappen,2
2017,13,monza,ricciardo,3
2017,13,monza,stroll,4
2017,13,monza,ocon,5
2017,13,monza,bottas,6
2017,13,monza,raikkonen,7
2017,13,monza,vettel,8
2017,13,monza,massa,9
2017,13,monza,vandoorne,10
2017,13,monza,perez,11
2017,13,monza,hulkenberg,12
2017,13,monza,alonso,13
2017,13,monza,kvyat,14
2017,13,monza,sainz,15
2017,13,monza,kevin_magnussen,16
2017,13,monza,jolyon_palmer,17
2017,13,monza,ericsson,18
2017,13,monza,wehrlein,19
2017,13,monza,grosjean,20
2017,14,marina_bay,vettel,1
2017,14,marina_bay,max_verstappen,2
2017,14,marina_bay,ricciardo,3
2017,14,marina_bay,raikkonen,4
2017,14,marina_bay,hamilton,5
2017,14,marina_bay,bottas,6
2017,14,marina_bay,hulkenberg,7
2017,14,marina_bay,alonso,8
2017,14,marina_bay,vandoorne,9
2017,14,marina_bay,sainz,10
2017,14,marina_bay,jolyon_palmer,11
2017,14,marina_bay,perez,12
2017,14,marina_bay,kvyat,13
2017,14,marina_bay,ocon,14
2017,14,marina_bay,grosjean,15
2017,14,marina_bay,kevin_magnussen,16
2017,14,marina_bay,massa,17
2017,14,marina_bay,stroll,18
2017,14,marina_bay,wehrlein,19
2017,14,marina_bay,ericsson,20
2017,15,sepang,hamilton,1
2017,15,sepang,raikkonen,2
2017,15,sepang,max_verstappen,3
2017,15,sepang,ricciardo,4
2017,15,sepang,bottas,5
2017,15,sepang,ocon,6
2017,15,sepang,vandoorne,7
2017,15,sepang,hulkenberg,8
2017,15,sepang,perez,9
2017,15,sepang,alonso,10
2017,15,sepang,massa,11
2017,15,sepang,jolyon_palmer,12
2017,15,sepang,stroll,13
2017,15,sepang,sainz,14
2017,15,sepang,gasly,15
2017,15,sepang,grosjean,16
2017,15,sepang,kevin_magnussen,17
2017,15,sepang,wehrlein,18
2017,15,sepang,ericsson,19
2017,15,sepang,vettel,20
2017,16,suzuka,hamilton,1
2017,16,suzuka,bottas,2
2017,16,suzuka,vettel,3
2017,16,suzuka,ricciardo,4
2017,16,suzuka,max_verstappen,5
2017,16,suzuka,raikkonen,6
2017,16,suzuka,ocon,7
2017,16,suzuka,perez,8
2017,16,suzuka,massa,9
2017,16,suzuka,alonso,10
2017,16,suzuka,vandoorne,11
2017,16,suzuka,hulkenberg,12
2017,16,suzuka,kevin_magnussen,13
2017,16,suzuka,jolyon_palmer,14
2017,16,suzuka,sainz,15
2017,16,suzuka,grosjean,16
2017,16,suzuka,gasly,17
2017,16,suzuka,stroll,18
2017,16,suzuka,ericsson,19
2017,16,suzuka,wehrlein,20
2017,17,americas,hamilton,1
2017,17,americas,vettel,2
2017,17,americas,bottas,3
2017,17,americas,ricciardo,4
2017,17,americas,raikkonen,5
2017,17,americas,max_verstappen,6
2017,17,americas,ocon,7
2017,17,americas,sainz,8
2017,17,americas,alonso,9
2017,17,americas,perez,10
2017,17,americas,massa,11
2017,17,americas,kvyat,12
2017,17,americas,vandoorne,13
2017,17,americas,grosjean,14
2017,17,americas,hulkenberg,15
2017,17,americas,ericsson,16
2017,17,americas,stroll,17
2017,17,americas,brendon_hartley,18
2017,17,americas,wehrlein,19
2017,17,americas,kevin_magnussen,20
2017,18,rodriguez,vettel,1
2017,18,rodriguez,max_verstappen,2
2017,18,rodriguez,hamilton,3
2017,18,rodriguez,bottas,4
2017,18,rodriguez,raikkonen,5
2017,18,rodriguez,ocon,6
2017,18,rodriguez,ricciardo,7
2017,18,rodriguez,hulkenberg,8
2017,18,rodriguez,sainz,9
2017,18,rodriguez,perez,10
2017,18,rodriguez,massa,11
2017,18,rodriguez,stroll,12
2017,18,rodriguez,brendon_hartley,13
2017,18,rodriguez,alonso,14
2017,18,rodriguez,vandoorne,15
2017,18,rodriguez,ericsson,16
2017,18,rodriguez,wehrlein,17
2017,18,rodriguez,kevin_magnussen,18
2017,18,rodriguez,grosjean,19
2017,19,interlagos,bottas,1
2017,19,interlagos,vettel,2
2017,19,interlagos,raikkonen,3
2017,19,interlagos,max_verstappen,4
2017,19,interlagos,ricciardo,5
2017,19,interlagos,perez,6
2017,19,interlagos,alonso,7
2017,19,interlagos,hulkenberg,8
2017,19,interlagos,sainz,9
2017,19,interlagos,massa,10
2017,19,interlagos,ocon,11
2017,19,interlagos,grosjean,12
2017,19,interlagos,vandoorne,13
2017,19,interlagos,kevin_magnussen,14
2017,19,interlagos,brendon_hartley,15
2017,19,interlagos,wehrlein,16
2017,19,interlagos,gasly,17
2017,19,interlagos,stroll,18
2017,19,interlagos,ericsson,19
2017,19,interlagos,hamilton,20
2017,20,yas_marina,bottas,1
2017,20,yas_marina,hamilton,2
2017,20,yas_marina,vettel,3
2017,20,yas_marina,ricciardo,4
2017,20,yas_marina,raikkonen,5
2017,20,yas_marina,max_verstappen,6
2017,20,yas_marina,hulkenberg,7
2017,20,yas_marina,perez,8
2017,20,yas_marina,ocon,9
2017,20,yas_marina,massa,10
2017,20,yas_marina,alonso,11
2017,20,yas_marina,sainz,12
2017,20,yas_marina,vandoorne,13
2017,20,yas_marina,kevin_magnussen,14
2017,20,yas_marina,stroll,15
2017,20,yas_marina,grosjean,16
2017,20,yas_marina,gasly,17
2017,20,yas_marina,wehrlein,18
2017,20,yas_marina,ericsson,19
2017,20,yas_marina,brendon_hartley,20
2018,1,albert_park,hamilton,1
2018,1,albert_park,raikkonen,2
2018,1,albert_park,vettel,3
2018,1,albert_park,max_verstappen,4
2018,1,albert_park,ricciardo,5
2018,1,albert_park,kevin_magnussen,6
2018,1,albert_park,grosjean,7
2018,1,albert_park,hulkenberg,8
2018,1,albert_park,sainz,9
2018,1,albert_park,bottas,10
2018,1,albert_park,alonso,11
2018,1,albert_park,vandoorne,12
2018,1,albert_park,perez,13
2018,1,albert_park,stroll,14
2018,1,albert_park,ocon,15
2018,1,albert_park,brendon_hartley,16
2018,1,albert_park,ericsson,17
2018,1,albert_park,leclerc,18
2018,1,albert_park,sirotkin,19
2018,1,albert_park,gasly,20
2018,2,bahrain,vettel,1
2018,2,bahrain,raikkonen,2
2018,2,bahrain,bottas,3
2018,2,bahrain,hamilton,4
2018,2,bahrain,ricciardo,5
2018,2,bahrain,gasly,6
2018,2,bahrain,kevin_magnussen,7
2018,2,bahrain,hulkenberg,8
2018,2,bahrain,ocon,9
2018,2,bahrain,sainz,10
2018,2,bahrain,brendon_hartley,11
2018,2,bahrain,perez,12
2018,2,bahrain,alonso,13
2018,2,bahrain,vandoorne,14
2018,2,bahrain,max_verstappen,15
2018,2,bahrain,grosjean,16
2018,2,bahrain,ericsson,17
2018,2,bahrain,sirotkin,18
2018,2,bahrain,leclerc,19
2018,2,bahrain,stroll,20
2018,3,shanghai,vettel,1
2018,3,shanghai,raikkonen,2
2018,3,shanghai,bottas,3
2018,3,shanghai,hamilton,4
2018,3,shanghai,max_verstappen,5
2018,3,shanghai,ricciardo,6
2018,3,shanghai,hulkenberg,7
2018,3,shanghai,perez,8
2018,3,shanghai,sainz,9
2018,3,shanghai,grosjean,10
2018,3,shanghai,kevin_magnussen,11
2018,3,shanghai,ocon,12
2018,3,shanghai,alonso,13
2018,3,shanghai,vandoorne,14
2018,3,shanghai,brendon_hartley,15
2018,3,shanghai,sirotkin,16
2018,3,shanghai,gasly,17
2018,3,shanghai,stroll,18
2018,3,shanghai,leclerc,19
2018,3,shanghai,ericsson,20
2018,4,baku,vettel,1
2018,4,baku,hamilton,2
2018,4,baku,bottas,3
2018,4,baku,ricciardo,4
2018,4,baku,max_verstappen,5
2018,4,baku,raikkonen,6
2018,4,baku,ocon,7
2018,4,baku,perez,8
2018,4,baku,hulkenberg,9
2018,4,baku,sainz,10
2018,4,baku,stroll,11
2018,4,baku,sirotkin,12
2018,4,baku,alonso,13
2018,4,baku,leclerc,14
2018,4,baku,kevin_magnussen,15
2018,4,baku,vandoorne,16
2018,4,baku,gasly,17
2018,4,baku,ericsson,18
2018,4,baku,brendon_hartley,19
2018,4,baku,grosjean,20
2018,5,catalunya,hamilton,1
2018,5,catalunya,bottas,2
2018,5,catalunya,vettel,3
2018,5,catalunya,raikkonen,4
2018,5,catalunya,max_verstappen,5
2018,5,catalunya,ricciardo,6
2018,5,catalunya,kevin_magnussen,7
2018,5,catalunya,alonso,8
2018,5,catalunya,sainz,9
2018,5,catalunya,grosjean,10
2018,5,catalunya,vandoorne,11
2018,5,catalunya,gasly,12
2018,5,catalunya,ocon,13
2018,5,catalunya,leclerc,14
2018,5,catalunya,perez,15
2018,5,catalunya,hulkenberg,16
2018,5,catalunya,ericsson,17
2018,5,catalunya,sirotkin,18
2018,5,catalunya,stroll,19
2018,5,catalunya,brendon_hartley,20
2018,6,monaco,ricciardo,1
2018,6,monaco,vettel,2
2018,6,monaco,hamilton,3
2018,6,monaco,raikkonen,4
2018,6,monaco,bottas,5
2018,6,monaco,ocon,6
2018,6,monaco,alonso,7
2018,6,monaco,sainz,8
2018,6,monaco,perez,9
2018,6,monaco,gasly,10
2018,6,monaco,hulkenberg,11
2018,6,monaco,vandoorne,12
2018,6,monaco,sirotkin,13
2018,6,monaco,leclerc,14
2018,6,monaco,grosjean,15
2018,6,monaco,brendon_hartley,16
2018,6,monaco,ericsson,17
2018,6,monaco,stroll,18
2018,6,monaco,kevin_magnussen,19
2018,6,monaco,max_verstappen,20
2018,7,villeneuve,vettel,1
2018,7,villeneuve,bottas,2
2018,7,villeneuve,max_verstappen,3
2018,7,villeneuve,hamilton,4
2018,7,villeneuve,raikkonen,5
2018,7,villeneuve,ricciardo,6
2018,7,villeneuve,hulkenberg,7
2018,7,villeneuve,ocon,8
2018,7,villeneuve,sainz,9
2018,7,villeneuve,perez,10
2018,7,villeneuve,kevin_magnussen,11
2018,7,villeneuve,brendon_hartley,12
2018,7,villeneuve,leclerc,13
2018,7,villeneuve,alonso,14
2018,7,villeneuve,vandoorne,15
2018,7,villeneuve,gasly,16
2018,7,villeneuve,stroll,17
2018,7,villeneuve,sirotkin,18
2018,7,villeneuve,ericsson,19
2018,7,villeneuve,grosjean,20
2018,8,ricard,hamilton,1
2018,8,ricard,bottas,2
2018,8,ricard,vettel,3
2018,8,ricard,max_verstappen,4
2018,8,ricard,ricciardo,5
2018,8,ricard,raikkonen,6
2018,8,ricard,sainz,7
2018,8,ricard,leclerc,8
2018,8,ricard,kevin_magnussen,9
2018,8,ricard,grosjean,10
2018,8,ricard,ocon,11
2018,8,ricard,hulkenberg,12
2018,8,ricard,perez,13
2018,8,ricard,gasly,14
2018,8,ricard,ericsson,15
2018,8,ricard,alonso,16
2018,8,ricard,brendon_hartley,17
2018,8,ricard,vandoorne,18
2018,8,ricard,sirotkin,19
2018,8,ricard,stroll,20
2018,9,red_bull_ring,bottas,1
2018,9,red_bull_ring,hamilton,2
2018,9,red_bull_ring,vettel,3
2018,9,red_bull_ring,raikkonen,4
2018,9,red_bull_ring,max_verstappen,5
2018,9,red_bull_ring,grosjean,6
2018,9,red_bull_ring,ricciardo,7
2018,9,red_bull_ring,kevin_magnussen,8
2018,9,red_bull_ring,sainz,9
2018,9,red_bull_ring,hulkenberg,10
2018,9,red_bull_ring,ocon,11
2018,9,red_bull_ring,gasly,12
2018,9,red_bull_ring,leclerc,13
2018,9,red_bull_ring,alonso,14
2018,9,red_bull_ring,stroll,15
2018,9,red_bull_ring,vandoorne,16
2018,9,red_bull_ring,perez,17
2018,9,red_bull_ring,sirotkin,18
2018,9,red_bull_ring,brendon_hartley,19
2018,9,red_bull_ring,ericsson,20
2018,10,silverstone,hamilton,1
2018,10,silverstone,vettel,2
2018,10,silverstone,raikkonen,3
2018,10,silverstone,bottas,4
2018,10,silverstone,max_verstappen,5
2018,10,silverstone,ricciardo,6
2018,10,silverstone,kevin_magnussen,7
2018,10,silverstone,grosjean,8
2018,10,silverstone,leclerc,9
2018,10,silverstone,ocon,10
2018,10,silverstone,hulkenberg,11
2018,10,silverstone,perez,12
2018,10,silverstone,alonso,13
2018,10,silverstone,gasly,14
2018,10,silverstone,ericsson,15
2018,10,silverstone,sainz,16
2018,10,silverstone,vandoorne,17
2018,10,silverstone,sirotkin,18
2018,10,silverstone,stroll,19
2018,10,silverstone,brendon_hartley,20
2018,11,hockenheimring,vettel,1
2018,11,hockenheimring,bottas,2
2018,11,hockenheimring,raikkonen,3
2018,11,hockenheimring,max_verstappen,4
2018,11,hockenheimring,kevin_magnussen,5
2018,11,hockenheimring,grosjean,6
2018,11,hockenheimring,hulkenberg,7
2018,11,hockenheimring,sainz,8
2018,11,hockenheimring,leclerc,9
2018,11,hockenheimring,perez,10
2018,11,hockenheimring,alonso,11
2018,11,hockenheimring,sirotkin,12
2018,11,hockenheimring,ericsson,13
2018,11,hockenheimring,hamilton,14
2018,11,hockenheimring,ricciardo,15
2018,11,hockenheimring,ocon,16
2018,11,hockenheimring,gasly,17
2018,11,hockenheimring,brendon_hartley,18
2018,11,hockenheimring,stroll,19
2018,11,hockenheimring,vandoorne,20
2018,12,hungaroring,hamilton,1
2018,12,hungaroring,bottas,2
2018,12,hungaroring,raikkonen,3
2018,12,hungaroring,vettel,4
2018,12,hungaroring,sainz,5
2018,12,hungaroring,gasly,6
2018,12,hungaroring,max_verstappen,7
2018,12,hungaroring,brendon_hartley,8
2018,12,hungaroring,kevin_magnussen,9
2018,12,hungaroring,grosjean,10
2018,12,hungaroring,alonso,11
2018,12,hungaroring,ricciardo,12
2018,12,hungaroring,hulkenberg,13
2018,12,hungaroring,ericsson,14
2018,12,hungaroring,stroll,15
2018,12,hungaroring,vandoorne,16
2018,12,hungaroring,leclerc,17
2018,12,hungaroring,ocon,18
2018,12,hungaroring,perez,19
2018,12,hungaroring,sirotkin,20
2018,13,spa,hamilton,1
2018,13,spa,vettel,2
2018,13,spa,ocon,3
2018,13,spa,perez,4
2018,13,spa,grosjean,5
2018,13,spa,raikkonen,6
2018,13,spa,max_verstappen,7
2018,13,spa,ricciardo,8
2018,13,spa,kevin_magnussen,9
2018,13,spa,bottas,10
2018,13,spa,gasly,11
2018,13,spa,brendon_hartley,12
2018,13,spa,leclerc,13
2018,13,spa,ericsson,14
2018,13,spa,hulkenberg,15
2018,13,spa,sainz,16
2018,13,spa,alonso,17
2018,13,spa,sirotkin,18
2018,13,spa,stroll,19
2018,13,spa,vandoorne,20
2018,14,monza,raikkonen,1
2018,14,monza,vettel,2
2018,14,monza,hamilton,3
2018,14,monza,bottas,4
2018,14,monza,max_verstappen,5
2018,14,monza,grosjean,6
2018,14,monza,sainz,7
2018,14,monza,ocon,8
2018,14,monza,gasly,9
2018,14,monza,stroll,10
2018,14,monza,kevin_magnussen,11
2018,14,monza,sirotkin,12
2018,14,monza,alonso,13
2018,14,monza,hulkenberg,14
2018,14,monza,ricciardo,15
2018,14,monza,perez,16
2018,14,monza,leclerc,17
2018,14,monza,brendon_hartley,18
2018,14,monza,ericsson,19
2018,14,monza,vandoorne,20
2018,15,marina_bay,hamilton,1
2018,15,marina_bay,max_verstappen,2
2018,15,marina_bay,vettel,3
2018,15,marina_bay,bottas,4
2018,15,marina_bay,raikkonen,5
2018,15,marina_bay,ricciardo,6
2018,15,marina_bay,perez,7
2018,15,marina_bay,grosjean,8
2018,15,marina_bay,ocon,9
2018,15,marina_bay,hulkenberg,10
2018,15,marina_bay,alonso,11
2018,15,marina_bay,sainz,12
2018,15,marina_bay,leclerc,13
2018,15,marina_bay,ericsson,14
2018,15,marina_bay,gasly,15
2018,15,marina_bay,kevin_magnussen,16
2018,15,marina_bay,brendon_hartley,17
2018,15,marina_bay,vandoorne,18
2018,15,marina_bay,sirotkin,19
2018,15,marina_bay,stroll,20
2018,16,sochi,bottas,1
2018,16,sochi,hamilton,2
2018,16,sochi,vettel,3
2018,16,sochi,raikkonen,4
2018,16,sochi,kevin_magnussen,5
2018,16,sochi,ocon,6
2018,16,sochi,leclerc,7
2018,16,sochi,perez,8
2018,16,sochi,grosjean,9
2018,16,sochi,ericsson,10
2018,16,sochi,max_verstappen,11
2018,16,sochi,ricciardo,12
2018,16,sochi,gasly,13
2018,16,sochi,sainz,14
2018,16,sochi,hulkenberg,15
2018,16,sochi,brendon_hartley,16
2018,16,sochi,alonso,17
2018,16,sochi,sirotkin,18
2018,16,sochi,vandoorne,19
2018,16,sochi,stroll,20
2018,17,suzuka,hamilton,1
2018,17,suzuka,bottas,2
2018,17,suzuka,max_verstappen,3
2018,17,suzuka,raikkonen,4
2018,17,suzuka,grosjean,5
2018,17,suzuka,brendon_hartley,6
2018,17,suzuka,gasly,7
2018,17,suzuka,ocon,8
2018,17,suzuka,vettel,9
2018,17,suzuka,perez,10
2018,17,suzuka,leclerc,11
2018,17,suzuka,kevin_magnussen,12
2018,17,suzuka,sainz,13
2018,17,suzuka,stroll,14
2018,17,suzuka,ricciardo,15
2018,17,suzuka,hulkenberg,16
2018,17,suzuka,sirotkin,17
2018,17,suzuka,alonso,18
2018,17,suzuka,vandoorne,19
2018,17,suzuka,ericsson,20
2018,18,americas,hamilton,1
2018,18,americas,vettel,2
2018,18,americas,raikkonen,3
2018,18,americas,bottas,4
2018,18,americas,ricciardo,5
2018,18,americas,ocon,6
2018,18,americas,hulkenberg,7
2018,18,americas,grosjean,8
2018,18,americas,leclerc,9
2018,18,americas,perez,10
2018,18,americas,sainz,11
2018,18,americas,kevin_magnussen,12
2018,18,americas,gasly,13
2018,18,americas,brendon_hartley,14
2018,18,americas,max_verstappen,15
2018,18,americas,alonso,16
2018,18,americas,sirotkin,17
2018,18,americas,stroll,18
2018,18,americas,ericsson,19
2018,18,americas,vandoorne,20
2018,19,rodriguez,ricciardo,1
2018,19,rodriguez,max_verstappen,2
2018,19,rodriguez,hamilton,3
2018,19,rodriguez,vettel,4
2018,19,rodriguez,bottas,5
2018,19,rodriguez,raikkonen,6
2018,19,rodriguez,hulkenberg,7
2018,19,rodriguez,sainz,8
2018,19,rodriguez,leclerc,9
2018,19,rodriguez,ericsson,10
2018,19,rodriguez,ocon,11
2018,19,rodriguez,alonso,12
2018,19,rodriguez,perez,13
2018,19,rodriguez,brendon_hartley,14
2018,19,rodriguez,gasly,15
2018,19,rodriguez,grosjean,16
2018,19,rodriguez,vandoorne,17
2018,19,rodriguez,kevin_magnussen,18
2018,19,rodriguez,stroll,19
2018,19,rodriguez,sirotkin,20
2018,20,interlagos,hamilton,1
2018,20,interlagos,vettel,2
2018,20,interlagos,bottas,3
2018,20,interlagos,raikkonen,4
2018,20,interlagos,max_verstappen,5
2018,20,interlagos,ricciardo,6
2018,20,interlagos,ericsson,7
2018,20,interlagos,leclerc,8
2018,20,interlagos,grosjean,9
2018,20,interlagos,gasly,10
2018,20,interlagos,kevin_magnussen,11
2018,20,interlagos,perez,12
2018,20,interlagos,ocon,13
2018,20,interlagos,hulkenberg,14
2018,20,interlagos,sirotkin,15
2018,20,interlagos,sainz,16
2018,20,interlagos,brendon_hartley,17
2018,20,interlagos,alonso,18
2018,20,interlagos,stroll,19
2018,20,interlagos,vandoorne,20
2018,21,yas_marina,hamilton,1
2018,21,yas_marina,bottas,2
2018,21,yas_marina,vettel,3
2018,21,yas_marina,raikkonen,4
2018,21,yas_marina,ricciardo,5
2018,21,yas_marina,max_verstappen,6
2018,21,yas_marina,grosjean,7
2018,21,yas_marina,leclerc,8
2018,21,yas_marina,ocon,9
2018,21,yas_marina,hulkenberg,10
2018,21,yas_marina,sainz,11
2018,21,yas_marina,ericsson,12
2018,21,yas_marina,kevin_magnussen,13
2018,21,yas_marina,perez,14
2018,21,yas_marina,alonso,15
2018,21,yas_marina,brendon_hartley,16
2018,21,yas_marina,gasly,17
2018,21,yas_marina,vandoorne,18
2018,21,yas_marina,sirotkin,19
2018,21,yas_marina,stroll,20
2019,1,albert_park,hamilton,1
2019,1,albert_park,bottas,2
2019,1,albert_park,vettel,3
2019,1,albert_park,max_verstappen,4
2019,1,albert_park,leclerc,5
2019,1,albert_park,grosjean,6
2019,1,albert_park,kevin_magnussen,7
2019,1,albert_park,norris,8
2019,1,albert_park,raikkonen,9
2019,1,albert_park,perez,10
2019,1,albert_park,hulkenberg,11
2019,1,albert_park,ricciardo,12
2019,1,albert_park,albon,13
2019,1,albert_park,giovinazzi,14
2019,1,albert_park,kvyat,15
2019,1,albert_park,stroll,16
2019,1,albert_park,gasly,17
2019,1,albert_park,sainz,18
2019,1,albert_park,russell,19
2019,1,albert_park,kubica,20
2019,2,bahrain,leclerc,1
2019,2,bahrain,vettel,2
2019,2,bahrain,hamilton,3
2019,2,bahrain,bottas,4
2019,2,bahrain,max_verstappen,5
2019,2,bahrain,kevin_magnussen,6
2019,2,bahrain,sainz,7
2019,2,bahrain,grosjean,8
2019,2,bahrain,raikkonen,9
2019,2,bahrain,norris,10
2019,2,bahrain,ricciardo,11
2019,2,bahrain,albon,12
2019,2,bahrain,gasly,13
2019,2,bahrain,perez,14
2019,2,bahrain,kvyat,15
2019,2,bahrain,giovinazzi,16
2019,2,bahrain,hulkenberg,17
2019,2,bahrain,stroll,18
2019,2,bahrain,russell,19
2019,2,bahrain,kubica,20
2019,3,shanghai,bottas,1
2019,3,shanghai,hamilton,2
2019,3,shanghai,vettel,3
2019,3,shanghai,leclerc,4
2019,3,shanghai,max_verstappen,5
2019,3,shanghai,gasly,6
2019,3,shanghai,ricciardo,7
2019,3,shanghai,hulkenberg,8
2019,3,shanghai,kevin_magnussen,9
2019,3,shanghai,grosjean,10
2019,3,shanghai,kvyat,11
2019,3,shanghai,perez,12
2019,3,shanghai,raikkonen,13
2019,3,shanghai,sainz,14
2019,3,shanghai,norris,15
2019,3,shanghai,stroll,16
2019,3,shanghai,russell,17
2019,3,shanghai,kubica,18
2019,4,baku,bottas,1
2019,4,baku,hamilton,2
2019,4,baku,vettel,3
2019,4,baku,max_verstappen,4
2019,4,baku,perez,5
2019,4,baku,kvyat,6
2019,4,baku,norris,7
2019,4,baku,giovinazzi,8
2019,4,baku,leclerc,9
2019,4,baku,sainz,10
2019,4,baku,ricciardo,11
2019,4,baku,albon,12
2019,4,baku,kevin_magnussen,13
2019,4,baku,stroll,14
2019,4,baku,grosjean,15
2019,4,baku,hulkenberg,16
2019,4,baku,russell,17
2019,4,baku,kubica,18
2019,4,baku,raikkonen,19
2019,4,baku,gasly,20
2019,5,catalunya,bottas,1
2019,5,catalunya,hamilton,2
2019,5,catalunya,vettel,3
2019,5,catalunya,max_verstappen,4
2019,5,catalunya,leclerc,5
2019,5,catalunya,gasly,6
2019,5,catalunya,grosjean,7
2019,5,catalunya,kevin_magnussen,8
2019,5,catalunya,kvyat,9
2019,5,catalunya,ricciardo,10
2019,5,catalunya,norris,11
2019,5,catalunya,albon,12
2019,5,catalunya,sainz,13
2019,5,catalunya,raikkonen,14
2019,5,catalunya,perez,15
2019,5,catalunya,hulkenberg,16
2019,5,catalunya,stroll,17
2019,5,catalunya,giovinazzi,18
2019,5,catalunya,russell,19
2019,5,catalunya,kubica,20
2019,6,monaco,hamilton,1
2019,6,monaco,bottas,2
2019,6,monaco,max_verstappen,3
2019,6,monaco,vettel,4
2019,6,monaco,gasly,5
2019,6,monaco,kevin_magnussen,6
2019,6,monaco,ricciardo,7
2019,6,monaco,kvyat,8
2019,6,monaco,sainz,9
2019,6,monaco,albon,10
2019,6,monaco,hulkenberg,11
2019,6,monaco,norris,12
2019,6,monaco,grosjean,13
2019,6,monaco,raikkonen,14
2019,6,monaco,giovinazzi,15
2019,6,monaco,leclerc,16
2019,6,monaco,perez,17
2019,6,monaco,stroll,18
2019,6,monaco,russell,19
2019,6,monaco,kubica,20
2019,7,villeneuve,vettel,1
2019,7,villeneuve,hamilton,2
2019,7,villeneuve,leclerc,3
2019,7,villeneuve,ricciardo,4
2019,7,villeneuve,gasly,5
2019,7,villeneuve,bottas,6
2019,7,villeneuve,hulkenberg,7
2019,7,villeneuve,norris,8
2019,7,villeneuve,sainz,9
2019,7,villeneuve,kevin_magnussen,10
2019,7,villeneuve,max_verstappen,11
2019,7,villeneuve,kvyat,12
2019,7,villeneuve,giovinazzi,13
2019,7,villeneuve,albon,14
2019,7,villeneuve,grosjean,15
2019,7,villeneuve,perez,16
2019,7,villeneuve,raikkonen,17
2019,7,villeneuve,stroll,18
2019,7,villeneuve,russell,19
2019,7,villeneuve,kubica,20
2019,8,ricard,hamilton,1
2019,8,ricard,bottas,2
2019,8,ricard,leclerc,3
2019,8,ricard,max_verstappen,4
2019,8,ricard,norris,5
2019,8,ricard,sainz,6
2019,8,ricard,vettel,7
2019,8,ricard,ricciardo,8
2019,8,ricard,gasly,9
2019,8,ricard,giovinazzi,10
2019,8,ricard,albon,11
2019,8,ricard,raikkonen,12
2019,8,ricard,hulkenberg,13
2019,8,ricard,perez,14
2019,8,ricard,kevin_magnussen,15
2019,8,ricard,kvyat,16
2019,8,ricard,grosjean,17
2019,8,ricard,stroll,18
2019,8,ricard,russell,19
2019,8,ricard,kubica,20
2019,9,red_bull_ring,leclerc,1
2019,9,red_bull_ring,hamilton,2
2019,9,red_bull_ring,max_verstappen,3
2019,9,red_bull_ring,bottas,4
2019,9,red_bull_ring,kevin_magnussen,5
2019,9,red_bull_ring,norris,6
2019,9,red_bull_ring,raikkonen,7
2019,9,red_bull_ring,giovinazzi,8
2019,9,red_bull_ring,gasly,9
2019,9,red_bull_ring,vettel,10
2019,9,red_bull_ring,grosjean,11
2019,9,red_bull_ring,hulkenberg,12
2019,9,red_bull_ring,albon,13
2019,9,red_bull_ring,ricciardo,14
2019,9,red_bull_ring,sainz,15
2019,9,red_bull_ring,perez,16
2019,9,red_bull_ring,stroll,17
2019,9,red_bull_ring,kvyat,18
2019,9,red_bull_ring,russell,19
2019,9,red_bull_ring,kubica,20
2019,10,silverstone,bottas,1
2019,10,silverstone,hamilton,2
2019,10,silverstone,leclerc,3
2019,10,silverstone,max_verstappen,4
2019,10,silverstone,gasly,5
2019,10,silverstone,vettel,6
2019,10,silverstone,ricciardo,7
2019,10,silverstone,norris,8
2019,10,silverstone,albon,9
2019,10,silverstone,hulkenberg,10
2019,10,silverstone,giovinazzi,11
2019,10,silverstone,raikkonen,12
2019,10,silverstone,sainz,13
2019,10,silverstone,grosjean,14
2019,10,silverstone,perez,15
2019,10,silverstone,kevin_magnussen,16
2019,10,silverstone,kvyat,17
2019,10,silverstone,stroll,18
2019,10,silverstone,russell,19
2019,10,silverstone,kubica,20
2019,11,hockenheimring,hamilton,1
2019,11,hockenheimring,max_verstappen,2
2019,11,hockenheimring,bottas,3
2019,11,hockenheimring,gasly,4
2019,11,hockenheimring,raikkonen,5
2019,11,hockenheimring,grosjean,6
2019,11,hockenheimring,sainz,7
2019,11,hockenheimring,perez,8
2019,11,hockenheimring,hulkenberg,9
2019,11,hockenheimring,leclerc,10
2019,11,hockenheimring,giovinazzi,11
2019,11,hockenheimring,kevin_magnussen,12
2019,11,hockenheimring,ricciardo,13
2019,11,hockenheimring,kvyat,14
2019,11,hockenheimring,stroll,15
2019,11,hockenheimring,norris,16
2019,11,hockenheimring,albon,17
2019,11,hockenheimring,russell,18
2019,11,hockenheimring,kubica,19
2019,11,hockenheimring,vettel,20
2019,12,hungaroring,max_verstappen,1
2019,12,hungaroring,bottas,2
2019,12,hungaroring,hamilton,3
2019,12,hungaroring,leclerc,4
2019,12,hungaroring,vettel,5
2019,12,hungaroring,gasly,6
2019,12,hungaroring,norris,7
2019,12,hungaroring,sainz,8
2019,12,hungaroring,grosjean,9
2019,12,hungaroring,raikkonen,10
2019,12,hungaroring,hulkenberg,11
2019,12,hungaroring,albon,12
2019,12,hungaroring,kvyat,13
2019,12,hungaroring,giovinazzi,14
2019,12,hungaroring,kevin_magnussen,15
2019,12,hungaroring,russell,16
2019,12,hungaroring,perez,17
2019,12,hungaroring,ricciardo,18
2019,12,hungaroring,stroll,19
2019,12,hungaroring,kubica,20
2019,13,spa,leclerc,1
2019,13,spa,vettel,2
2019,13,spa,hamilton,3
2019,13,spa,bottas,4
2019,13,spa,max_verstappen,5
2019,13,spa,ricciardo,6
2019,13,spa,hulkenberg,7
2019,13,spa,raikkonen,8
2019,13,spa,perez,9
2019,13,spa,kevin_magnussen,10
2019,13,spa,grosjean,11
2019,13,spa,norris,12
2019,13,spa,stroll,13
2019,13,spa,albon,14
2019,13,spa,giovinazzi,15
2019,13,spa,gasly,16
2019,13,spa,sainz,17
2019,13,spa,kvyat,18
2019,13,spa,russell,19
2019,13,spa,kubica,20
2019,14,monza,leclerc,1
2019,14,monza,hamilton,2
2019,14,monza,bottas,3
2019,14,monza,vettel,4
2019,14,monza,ricciardo,5
2019,14,monza,hulkenberg,6
2019,14,monza,sainz,7
2019,14,monza,albon,8
2019,14,monza,stroll,9
2019,14,monza,raikkonen,10
2019,14,monza,giovinazzi,11
2019,14,monza,kevin_magnussen,12
2019,14,monza,kvyat,13
2019,14,monza,norris,14
2019,14,monza,gasly,15
2019,14,monza,grosjean,16
2019,14,monza,perez,17
2019,14,monza,russell,18
2019,14,monza,kubica,19
2019,14,monza,max_verstappen,20
2019,15,marina_bay,leclerc,1
2019,15,marina_bay,hamilton,2
2019,15,marina_bay,vettel,3
2019,15,marina_bay,max_verstappen,4
2019,15,marina_bay,bottas,5
2019,15,marina_bay,albon,6
2019,15,marina_bay,sainz,7
2019,15,marina_bay,hulkenberg,8
2019,15,marina_bay,norris,9
2019,15,marina_bay,perez,10
2019,15,marina_bay,giovinazzi,11
2019,15,marina_bay,gasly,12
2019,15,marina_bay,raikkonen,13
2019,15,marina_bay,kevin_magnussen,14
2019,15,marina_bay,kvyat,15
2019,15,marina_bay,stroll,16
2019,15,marina_bay,grosjean,17
2019,15,marina_bay,russell,18
2019,15,marina_bay,kubica,19
2019,15,marina_bay,ricciardo,20
2019,16,sochi,leclerc,1
2019,16,sochi,hamilton,2
2019,16,sochi,vettel,3
2019,16,sochi,max_verstappen,4
2019,16,sochi,bottas,5
2019,16,sochi,sainz,6
2019,16,sochi,hulkenberg,7
2019,16,sochi,norris,8
2019,16,sochi,grosjean,9
2019,16,sochi,ricciardo,10
2019,16,sochi,gasly,11
2019,16,sochi,perez,12
2019,16,sochi,giovinazzi,13
2019,16,sochi,kevin_magnussen,14
2019,16,sochi,stroll,15
2019,16,sochi,raikkonen,16
2019,16,sochi,russell,17
2019,16,sochi,kubica,18
2019,16,sochi,albon,19
2019,16,sochi,kvyat,20
2019,17,suzuka,vettel,1
2019,17,suzuka,leclerc,2
2019,17,suzuka,bottas,3
2019,17,suzuka,hamilton,4
2019,17,suzuka,max_verstappen,5
2019,17,suzuka,albon,6
2019,17,suzuka,sainz,7
2019,17,suzuka,norris,8
2019,17,suzuka,gasly,9
2019,17,suzuka,grosjean,10
2019,17,suzuka,giovinazzi,11
2019,17,suzuka,stroll,12
2019,17,suzuka,raikkonen,13
2019,17,suzuka,kvyat,14
2019,17,suzuka,hulkenberg,15
2019,17,suzuka,ricciardo,16
2019,17,suzuka,perez,17
2019,17,suzuka,russell,18
2019,17,suzuka,kevin_magnussen,19
2019,17,suzuka,kubica,20
2019,18,rodriguez,max_verstappen,1
2019,18,rodriguez,leclerc,2
2019,18,rodriguez,vettel,3
2019,18,rodriguez,hamilton,4
2019,18,rodriguez,albon,5
2019,18,rodriguez,bottas,6
2019,18,rodriguez,sainz,7
2019,18,rodriguez,norris,8
2019,18,rodriguez,kvyat,9
2019,18,rodriguez,gasly,10
2019,18,rodriguez,perez,11
2019,18,rodriguez,hulkenberg,12
2019,18,rodriguez,ricciardo,13
2019,18,rodriguez,raikkonen,14
2019,18,rodriguez,giovinazzi,15
2019,18,rodriguez,stroll,16
2019,18,rodriguez,kevin_magnussen,17
2019,18,rodriguez,grosjean,18
2019,18,rodriguez,russell,19
2019,18,rodriguez,kubica,20
2019,19,americas,bottas,1
2019,19,americas,vettel,2
2019,19,americas,max_verstappen,3
2019,19,americas,leclerc,4
2019,19,americas,hamilton,5
2019,19,americas,albon,6
2019,19,americas,sainz,7
2019,19,americas,norris,8
2019,19,americas,ricciardo,9
2019,19,americas,gasly,10
2019,19,americas,hulkenberg,11
2019,19,americas,kevin_magnussen,12
2019,19,americas,kvyat,13
2019,19,americas,stroll,14
2019,19,americas,grosjean,15
2019,19,americas,giovinazzi,16
2019,19,americas,raikkonen,17
2019,19,americas,russell,18
2019,19,americas,perez,19
2019,19,americas,kubica,20
2019,20,interlagos,max_verstappen,1
2019,20,interlagos,vettel,2
2019,20,interlagos,hamilton,3
2019,20,interlagos,leclerc,4
2019,20,interlagos,bottas,5
2019,20,interlagos,albon,6
2019,20,interlagos,gasly,7
2019,20,interlagos,grosjean,8
2019,20,interlagos,raikkonen,9
2019,20,interlagos,kevin_magnussen,10
2019,20,interlagos,norris,11
2019,20,interlagos,ricciardo,12
2019,20,interlagos,giovinazzi,13
2019,20,interlagos,hulkenberg,14
2019,20,interlagos,perez,15
2019,20,interlagos,kvyat,16
2019,20,interlagos,stroll,17
2019,20,interlagos,russell,18
2019,20,interlagos,kubica,19
2019,20,interlagos,sainz,20
2019,21,yas_marina,hamilton,1
2019,21,yas_marina,bottas,2
2019,21,yas_marina,max_verstappen,3
2019,21,yas_marina,leclerc,4
2019,21,yas_marina,vettel,5
2019,21,yas_marina,albon,6
2019,21,yas_marina,norris,7
2019,21,yas_marina,ricciardo,8
2019,21,yas_marina,sainz,9
2019,21,yas_marina,hulkenberg,10
2019,21,yas_marina,perez,11
2019,21,yas_marina,gasly,12
2019,21,yas_marina,stroll,13
2019,21,yas_marina,kvyat,14
2019,21,yas_marina,kevin_magnussen,15
2019,21,yas_marina,grosjean,16
2019,21,yas_marina,giovinazzi,17
2019,21,yas_marina,raikkonen,18
2019,21,yas_marina,russell,19
2019,21,yas_marina,kubica,20
2020,1,red_bull_ring,bottas,1
2020,1,red_bull_ring,hamilton,2
2020,1,red_bull_ring,max_verstappen,3
2020,1,red_bull_ring,norris,4
2020,1,red_bull_ring,albon,5
2020,1,red_bull_ring,perez,6
2020,1,red_bull_ring,leclerc,7
2020,1,red_bull_ring,sainz,8
2020,1,red_bull_ring,stroll,9
2020,1,red_bull_ring,ricciardo,10
2020,1,red_bull_ring,vettel,11
2020,1,red_bull_ring,gasly,12
2020,1,red_bull_ring,kvyat,13
2020,1,red_bull_ring,ocon,14
2020,1,red_bull_ring,grosjean,15
2020,1,red_bull_ring,kevin_magnussen,16
2020,1,red_bull_ring,russell,17
2020,1,red_bull_ring,giovinazzi,18
2020,1,red_bull_ring,raikkonen,19
2020,1,red_bull_ring,latifi,20
2020,2,red_bull_ring,hamilton,1
2020,2,red_bull_ring,max_verstappen,2
2020,2,red_bull_ring,sainz,3
2020,2,red_bull_ring,bottas,4
2020,2,red_bull_ring,ocon,5
2020,2,red_bull_ring,norris,6
2020,2,red_bull_ring,albon,7
2020,2,red_bull_ring,gasly,8
2020,2,red_bull_ring,ricciardo,9
2020,2,red_bull_ring,vettel,10
2020,2,red_bull_ring,leclerc,11
2020,2,red_bull_ring,russell,12
2020,2,red_bull_ring,stroll,13
2020,2,red_bull_ring,kvyat,14
2020,2,red_bull_ring,kevin_magnussen,15
2020,2,red_bull_ring,raikkonen,16
2020,2,red_bull_ring,perez,17
2020,2,red_bull_ring,latifi,18
2020,2,red_bull_ring,giovinazzi,19
2020,2,red_bull_ring,grosjean,20
2020,3,hungaroring,hamilton,1
2020,3,hungaroring,bottas,2
2020,3,hungaroring,stroll,3
2020,3,hungaroring,perez,4
2020,3,hungaroring,vettel,5
2020,3,hungaroring,leclerc,6
2020,3,hungaroring,max_verstappen,7
2020,3,hungaroring,norris,8
2020,3,hungaroring,sainz,9
2020,3,hungaroring,gasly,10
2020,3,hungaroring,ricciardo,11
2020,3,hungaroring,russell,12
2020,3,hungaroring,albon,13
2020,3,hungaroring,ocon,14
2020,3,hungaroring,latifi,15
2020,3,hungaroring,kevin_magnussen,16
2020,3,hungaroring,kvyat,17
2020,3,hungaroring,grosjean,18
2020,3,hungaroring,giovinazzi,19
2020,3,hungaroring,raikkonen,20
2020,4,silverstone,hamilton,1
2020,4,silverstone,bottas,2
2020,4,silverstone,max_verstappen,3
2020,4,silverstone,leclerc,4
2020,4,silverstone,norris,5
2020,4,silverstone,stroll,6
2020,4,silverstone,sainz,7
2020,4,silverstone,ricciardo,8
2020,4,silverstone,ocon,9
2020,4,silverstone,vettel,10
2020,4,silverstone,gasly,11
2020,4,silverstone,albon,12
2020,4,silverstone,hulkenberg,13
2020,4,silverstone,kvyat,14
2020,4,silverstone,russell,15
2020,4,silverstone,kevin_magnussen,16
2020,4,silverstone,giovinazzi,17
2020,4,silverstone,raikkonen,18
2020,4,silverstone,grosjean,19
2020,4,silverstone,latifi,20
2020,5,silverstone,bottas,1
2020,5,silverstone,hamilton,2
2020,5,silverstone,hulkenberg,3
2020,5,silverstone,max_verstappen,4
2020,5,silverstone,ricciardo,5
2020,5,silverstone,stroll,6
2020,5,silverstone,gasly,7
2020,5,silverstone,leclerc,8
2020,5,silverstone,albon,9
2020,5,silverstone,norris,10
2020,5,silverstone,ocon,11
2020,5,silverstone,vettel,12
2020,5,silverstone,sainz,13
2020,5,silverstone,grosjean,14
2020,5,silverstone,russell,15
2020,5,silverstone,kvyat,16
2020,5,silverstone,kevin_magnussen,17
2020,5,silverstone,latifi,18
2020,5,silverstone,giovinazzi,19
2020,5,silverstone,raikkonen,20
2020,6,catalunya,hamilton,1
2020,6,catalunya,bottas,2
2020,6,catalunya,max_verstappen,3
2020,6,catalunya,perez,4
2020,6,catalunya,stroll,5
2020,6,catalunya,albon,6
2020,6,catalunya,sainz,7
2020,6,catalunya,norris,8
2020,6,catalunya,leclerc,9
2020,6,catalunya,gasly,10
2020,6,catalunya,vettel,11
2020,6,catalunya,kvyat,12
2020,6,catalunya,ricciardo,13
2020,6,catalunya,raikkonen,14
2020,6,catalunya,ocon,15
2020,6,catalunya,kevin_magnussen,16
2020,6,catalunya,grosjean,17
2020,6,catalunya,russell,18
2020,6,catalunya,latifi,19
2020,6,catalunya,giovinazzi,20
2020,7,spa,hamilton,1
2020,7,spa,bottas,2
2020,7,spa,max_verstappen,3
2020,7,spa,ricciardo,4
2020,7,spa,albon,5
2020,7,spa,ocon,6
2020,7,spa,sainz,7
2020,7,spa,perez,8
2020,7,spa,stroll,9
2020,7,spa,norris,10
2020,7,spa,kvyat,11
2020,7,spa,gasly,12
2020,7,spa,leclerc,13
2020,7,spa,vettel,14
2020,7,spa,russell,15
2020,7,spa,raikkonen,16
2020,7,spa,grosjean,17
2020,7,spa,giovinazzi,18
2020,7,spa,latifi,19
2020,7,spa,kevin_magnussen,20
2020,8,monza,hamilton,1
2020,8,monza,bottas,2
2020,8,monza,sainz,3
2020,8,monza,perez,4
2020,8,monza,max_verstappen,5
2020,8,monza,norris,6
2020,8,monza,ricciardo,7
2020,8,monza,stroll,8
2020,8,monza,albon,9
2020,8,monza,gasly,10
2020,8,monza,kvyat,11
2020,8,monza,ocon,12
2020,8,monza,leclerc,13
2020,8,monza,raikkonen,14
2020,8,monza,kevin_magnussen,15
2020,8,monza,grosjean,16
2020,8,monza,vettel,17
2020,8,monza,giovinazzi,18
2020,8,monza,russell,19
2020,8,monza,latifi,20
2020,9,mugello,hamilton,1
2020,9,mugello,bottas,2
2020,9,mugello,max_verstappen,3
2020,9,mugello,albon,4
2020,9,mugello,leclerc,5
2020,9,mugello,perez,6
2020,9,mugello,stroll,7
2020,9,mugello,ricciardo,8
2020,9,mugello,sainz,9
2020,9,mugello,ocon,10
2020,9,mugello,norris,11
2020,9,mugello,kvyat,12
2020,9,mugello,raikkonen,13
2020,9,mugello,vettel,14
2020,9,mugello,grosjean,15
2020,9,mugello,gasly,16
2020,9,mugello,giovinazzi,17
2020,9,mugello,russell,18
2020,9,mugello,latifi,19
2020,9,mugello,kevin_magnussen,20
2020,10,sochi,hamilton,1
2020,10,sochi,max_verstappen,2
2020,10,sochi,bottas,3
2020,10,sochi,perez,4
2020,10,sochi,ricciardo,5
2020,10,sochi,sainz,6
2020,10,sochi,ocon,7
2020,10,sochi,norris,8
2020,10,sochi,gasly,9
2020,10,sochi,albon,10
2020,10,sochi,leclerc,11
2020,10,sochi,kvyat,12
2020,10,sochi,stroll,13
2020,10,sochi,russell,14
2020,10,sochi,vettel,15
2020,10,sochi,grosjean,16
2020,10,sochi,giovinazzi,17
2020,10,sochi,kevin_magnussen,18
2020,10,sochi,latifi,19
2020,10,sochi,raikkonen,20
2020,11,nurburgring,bottas,1
2020,11,nurburgring,hamilton,2
2020,11,nurburgring,max_verstappen,3
2020,11,nurburgring,leclerc,4
2020,11,nurburgring,albon,5
2020,11,nurburgring,ricciardo,6
2020,11,nurburgring,ocon,7
2020,11,nurburgring,norris,8
2020,11,nurburgring,perez,9
2020,11,nurburgring,sainz,10
2020,11,nurburgring,vettel,11
2020,11,nurburgring,gasly,12
2020,11,nurburgring,kvyat,13
2020,11,nurburgring,giovinazzi,14
2020,11,nurburgring,kevin_magnussen,15
2020,11,nurburgring,grosjean,16
2020,11,nurburgring,russell,17
2020,11,nurburgring,latifi,18
2020,11,nurburgring,raikkonen,19
2020,11,nurburgring,hulkenberg,20
2020,12,portimao,hamilton,1
2020,12,portimao,bottas,2
2020,12,portimao,max_verstappen,3
2020,12,portimao,leclerc,4
2020,12,portimao,perez,5
2020,12,portimao,albon,6
2020,12,portimao,sainz,7
2020,12,portimao,norris,8
2020,12,portimao,gasly,9
2020,12,portimao,ricciardo,10
2020,12,portimao,ocon,11
2020,12,portimao,stroll,12
2020,12,portimao,kvyat,13
2020,12,portimao,russell,14
2020,12,portimao,vettel,15
2020,12,portimao,raikkonen,16
2020,12,portimao,giovinazzi,17
2020,12,portimao,grosjean,18
2020,12,portimao,kevin_magnussen,19
2020,12,portimao,latifi,20
2020,13,imola,bottas,1
2020,13,imola,hamilton,2
2020,13,imola,max_verstappen,3
2020,13,imola,gasly,4
2020,13,imola,ricciardo,5
2020,13,imola,albon,6
2020,13,imola,leclerc,7
2020,13,imola,kvyat,8
2020,13,imola,norris,9
2020,13,imola,sainz,10
2020,13,imola,perez,11
2020,13,imola,ocon,12
2020,13,imola,russell,13
2020,13,imola,vettel,14
2020,13,imola,stroll,15
2020,13,imola,grosjean,16
2020,13,imola,kevin_magnussen,17
2020,13,imola,raikkonen,18
2020,13,imola,latifi,19
2020,13,imola,giovinazzi,20
2020,14,istanbul,stroll,1
2020,14,istanbul,max_verstappen,2
2020,14,istanbul,perez,3
2020,14,istanbul,albon,4
2020,14,istanbul,ricciardo,5
2020,14,istanbul,hamilton,6
2020,14,istanbul,ocon,7
2020,14,istanbul,raikkonen,8
2020,14,istanbul,bottas,9
2020,14,istanbul,giovinazzi,10
2020,14,istanbul,norris,11
2020,14,istanbul,vettel,12
2020,14,istanbul,sainz,13
2020,14,istanbul,leclerc,14
2020,14,istanbul,gasly,15
2020,14,istanbul,kevin_magnussen,16
2020,14,istanbul,kvyat,17
2020,14,istanbul,russell,18
2020,14,istanbul,grosjean,19
2020,14,istanbul,latifi,20
2020,15,bahrain,hamilton,1
2020,15,bahrain,bottas,2
2020,15,bahrain,max_verstappen,3
2020,15,bahrain,albon,4
2020,15,bahrain,perez,5
2020,15,bahrain,ricciardo,6
2020,15,bahrain,ocon,7
2020,15,bahrain,gasly,8
2020,15,bahrain,norris,9
2020,15,bahrain,kvyat,10
2020,15,bahrain,vettel,11
2020,15,bahrain,leclerc,12
2020,15,bahrain,stroll,13
2020,15,bahrain,russell,14
2020,15,bahrain,sainz,15
2020,15,bahrain,giovinazzi,16
2020,15,bahrain,raikkonen,17
2020,15,bahrain,kevin_magnussen,18
2020,15,bahrain,grosjean,19
2020,15,bahrain,latifi,20
2020,16,bahrain,bottas,1
2020,16,bahrain,russell,2
2020,16,bahrain,max_verstappen,3
2020,16,bahrain,leclerc,4
2020,16,bahrain,perez,5
2020,16,bahrain,kvyat,6
2020,16,bahrain,ricciardo,7
2020,16,bahrain,sainz,8
2020,16,bahrain,gasly,9
2020,16,bahrain,stroll,10
2020,16,bahrain,ocon,11
2020,16,bahrain,albon,12
2020,16,bahrain,vettel,13
2020,16,bahrain,giovinazzi,14
2020,16,bahrain,norris,15
2020,16,bahrain,kevin_magnussen,16
2020,16,bahrain,latifi,17
2020,16,bahrain,aitken,18
2020,16,bahrain,raikkonen,19
2020,16,bahrain,pietro_fittipaldi,20
2020,17,yas_marina,max_verstappen,1
2020,17,yas_marina,bottas,2
2020,17,yas_marina,hamilton,3
2020,17,yas_marina,norris,4
2020,17,yas_marina,albon,5
2020,17,yas_marina,sainz,6
2020,17,yas_marina,kvyat,7
2020,17,yas_marina,stroll,8
2020,17,yas_marina,leclerc,9
2020,17,yas_marina,gasly,10
2020,17,yas_marina,ocon,11
2020,17,yas_marina,ricciardo,12
2020,17,yas_marina,vettel,13
2020,17,yas_marina,giovinazzi,14
2020,17,yas_marina,perez,15
2020,17,yas_marina,raikkonen,16
2020,17,yas_marina,kevin_magnussen,17
2020,17,yas_marina,russell,18
2020,17,yas_marina,pietro_fittipaldi,19
2020,17,yas_marina,latifi,20
2021,1,bahrain,max_verstappen,1
2021,1,bahrain,hamilton,2
2021,1,bahrain,bottas,3
2021,1,bahrain,leclerc,4
2021,1,bahrain,gasly,5
2021,1,bahrain,ricciardo,6
2021,1,bahrain,norris,7
2021,1,bahrain,sainz,8
2021,1,bahrain,alonso,9
2021,1,bahrain,stroll,10
2021,1,bahrain,perez,11
2021,1,bahrain,giovinazzi,12
2021,1,bahrain,tsunoda,13
2021,1,bahrain,raikkonen,14
2021,1,bahrain,russell,15
2021,1,bahrain,ocon,16
2021,1,bahrain,latifi,17
2021,1,bahrain,vettel,18
2021,1,bahrain,mick_schumacher,19
2021,1,bahrain,mazepin,20
2021,2,imola,hamilton,1
2021,2,imola,perez,2
2021,2,imola,max_verstappen,3
2021,2,imola,leclerc,4
2021,2,imola,gasly,5
2021,2,imola,ricciardo,6
2021,2,imola,norris,7
2021,2,imola,bottas,8
2021,2,imola,ocon,9
2021,2,imola,stroll,10
2021,2,imola,sainz,11
2021,2,imola,russell,12
2021,2,imola,vettel,13
2021,2,imola,latifi,14
2021,2,imola,alonso,15
2021,2,imola,raikkonen,16
2021,2,imola,giovinazzi,17
2021,2,imola,mick_schumacher,18
2021,2,imola,mazepin,19
2021,2,imola,tsunoda,20
2021,3,portimao,bottas,1
2021,3,portimao,hamilton,2
2021,3,portimao,max_verstappen,3
2021,3,portimao,perez,4
2021,3,portimao,sainz,5
2021,3,portimao,ocon,6
2021,3,portimao,norris,7
2021,3,portimao,leclerc,8
2021,3,portimao,gasly,9
2021,3,portimao,vettel,10
2021,3,portimao,russell,11
2021,3,portimao,giovinazzi,12
2021,3,portimao,alonso,13
2021,3,portimao,tsunoda,14
2021,3,portimao,raikkonen,15
2021,3,portimao,ricciardo,16
2021,3,portimao,stroll,17
2021,3,portimao,latifi,18
2021,3,portimao,mick_schumacher,19
2021,3,portimao,mazepin,20
2021,4,catalunya,hamilton,1
2021,4,catalunya,max_verstappen,2
2021,4,catalunya,bottas,3
2021,4,catalunya,leclerc,4
2021,4,catalunya,ocon,5
2021,4,catalunya,sainz,6
2021,4,catalunya,ricciardo,7
2021,4,catalunya,perez,8
2021,4,catalunya,norris,9
2021,4,catalunya,alonso,10
2021,4,catalunya,stroll,11
2021,4,catalunya,gasly,12
2021,4,catalunya,vettel,13
2021,4,catalunya,giovinazzi,14
2021,4,catalunya,russell,15
2021,4,catalunya,tsunoda,16
2021,4,catalunya,raikkonen,17
2021,4,catalunya,mick_schumacher,18
2021,4,catalunya,latifi,19
2021,4,catalunya,mazepin,20
2021,5,monaco,leclerc,1
2021,5,monaco,max_verstappen,2
2021,5,monaco,bottas,3
2021,5,monaco,sainz,4
2021,5,monaco,norris,5
2021,5,monaco,gasly,6
2021,5,monaco,hamilton,7
2021,5,monaco,vettel,8
2021,5,monaco,perez,9
2021,5,monaco,giovinazzi,10
2021,5,monaco,ocon,11
2021,5,monaco,ricciardo,12
2021,5,monaco,stroll,13
2021,5,monaco,raikkonen,14
2021,5,monaco,russell,15
2021,5,monaco,tsunoda,16
2021,5,monaco,alonso,17
2021,5,monaco,latifi,18
2021,5,monaco,mazepin,19
2021,6,baku,leclerc,1
2021,6,baku,hamilton,2
2021,6,baku,max_verstappen,3
2021,6,baku,gasly,4
2021,6,baku,sainz,5
2021,6,baku,norris,6
2021,6,baku,perez,7
2021,6,baku,tsunoda,8
2021,6,baku,alonso,9
2021,6,baku,bottas,10
2021,6,baku,vettel,11
2021,6,baku,ocon,12
2021,6,baku,ricciardo,13
2021,6,baku,raikkonen,14
2021,6,baku,russell,15
2021,6,baku,latifi,16
2021,6,baku,mick_schumacher,17
2021,6,baku,mazepin,18
2021,6,baku,stroll,19
2021,6,baku,giovinazzi,20
2021,7,ricard,max_verstappen,1
2021,7,ricard,hamilton,2
2021,7,ricard,bottas,3
2021,7,ricard,perez,4
2021,7,ricard,sainz,5
2021,7,ricard,gasly,6
2021,7,ricard,leclerc,7
2021,7,ricard,norris,8
2021,7,ricard,alonso,9
2021,7,ricard,ricciardo,10
2021,7,ricard,ocon,11
2021,7,ricard,vettel,12
2021,7,ricard,giovinazzi,13
2021,7,ricard,russell,14
2021,7,ricard,mick_schumacher,15
2021,7,ricard,latifi,16
2021,7,ricard,raikkonen,17
2021,7,ricard,mazepin,18
2021,7,ricard,stroll,19
2021,7,ricard,tsunoda,20
2021,8,red_bull_ring,max_verstappen,1
2021,8,red_bull_ring,bottas,2
2021,8,red_bull_ring,hamilton,3
2021,8,red_bull_ring,norris,4
2021,8,red_bull_ring,perez,5
2021,8,red_bull_ring,gasly,6
2021,8,red_bull_ring,leclerc,7
2021,8,red_bull_ring,tsunoda,8
2021,8,red_bull_ring,alonso,9
2021,8,red_bull_ring,stroll,10
2021,8,red_bull_ring,russell,11
2021,8,red_bull_ring,sainz,12
2021,8,red_bull_ring,ricciardo,13
2021,8,red_bull_ring,vettel,14
2021,8,red_bull_ring,giovinazzi,15
2021,8,red_bull_ring,latifi,16
2021,8,red_bull_ring,ocon,17
2021,8,red_bull_ring,raikkonen,18
2021,8,red_bull_ring,mick_schumacher,19
2021,8,red_bull_ring,mazepin,20
2021,9,red_bull_ring,max_verstappen,1
2021,9,red_bull_ring,norris,2
2021,9,red_bull_ring,perez,3
2021,9,red_bull_ring,hamilton,4
2021,9,red_bull_ring,bottas,5
2021,9,red_bull_ring,gasly,6
2021,9,red_bull_ring,tsunoda,7
2021,9,red_bull_ring,vettel,8
2021,9,red_bull_ring,russell,9
2021,9,red_bull_ring,stroll,10
2021,9,red_bull_ring,sainz,11
2021,9,red_bull_ring,leclerc,12
2021,9,red_bull_ring,ricciardo,13
2021,9,red_bull_ring,alonso,14
2021,9,red_bull_ring,giovinazzi,15
2021,9,red_bull_ring,raikkonen,16
2021,9,red_bull_ring,ocon,17
2021,9,red_bull_ring,latifi,18
2021,9,red_bull_ring,mick_schumacher,19
2021,9,red_bull_ring,mazepin,20
2021,10,silverstone,hamilton,1
2021,10,silverstone,max_verstappen,2
2021,10,silverstone,bottas,3
2021,10,silverstone,leclerc,4
2021,10,silverstone,perez,5
2021,10,silverstone,norris,6
2021,10,silverstone,ricciardo,7
2021,10,silverstone,russell,8
2021,10,silverstone,sainz,9
2021,10,silverstone,vettel,10
2021,10,silverstone,alonso,11
2021,10,silverstone,gasly,12
2021,10,silverstone,ocon,13
2021,10,silverstone,giovinazzi,14
2021,10,silverstone,stroll,15
2021,10,silverstone,tsunoda,16
2021,10,silverstone,raikkonen,17
2021,10,silverstone,latifi,18
2021,10,silverstone,mick_schumacher,19
2021,10,silverstone,mazepin,20
2021,11,hungaroring,hamilton,1
2021,11,hungaroring,bottas,2
2021,11,hungaroring,max_verstappen,3
2021,11,hungaroring,perez,4
2021,11,hungaroring,gasly,5
2021,11,hungaroring,norris,6
2021,11,hungaroring,leclerc,7
2021,11,hungaroring,ocon,8
2021,11,hungaroring,alonso,9
2021,11,hungaroring,vettel,10
2021,11,hungaroring,ricciardo,11
2021,11,hungaroring,stroll,12
2021,11,hungaroring,raikkonen,13
2021,11,hungaroring,giovinazzi,14
2021,11,hungaroring,sainz,15
2021,11,hungaroring,tsunoda,16
2021,11,hungaroring,russell,17
2021,11,hungaroring,latifi,18
2021,11,hungaroring,mazepin,19
2021,11,hungaroring,mick_schumacher,20
2021,12,spa,max_verstappen,1
2021,12,spa,russell,2
2021,12,spa,hamilton,3
2021,12,spa,ricciardo,4
2021,12,spa,vettel,5
2021,12,spa,gasly,6
2021,12,spa,perez,7
2021,12,spa,bottas,8
2021,12,spa,ocon,9
2021,12,spa,norris,10
2021,12,spa,leclerc,11
2021,12,spa,latifi,12
2021,12,spa,sainz,13
2021,12,spa,alonso,14
2021,12,spa,stroll,15
2021,12,spa,giovinazzi,16
2021,12,spa,tsunoda,17
2021,12,spa,mick_schumacher,18
2021,12,spa,raikkonen,19
2021,12,spa,mazepin,20
2021,13,zandvoort,max_verstappen,1
2021,13,zandvoort,hamilton,2
2021,13,zandvoort,bottas,3
2021,13,zandvoort,gasly,4
2021,13,zandvoort,leclerc,5
2021,13,zandvoort,sainz,6
2021,13,zandvoort,giovinazzi,7
2021,13,zandvoort,ocon,8
2021,13,zandvoort,alonso,9
2021,13,zandvoort,ricciardo,10
2021,13,zandvoort,russell,11
2021,13,zandvoort,stroll,12
2021,13,zandvoort,norris,13
2021,13,zandvoort,latifi,14
2021,13,zandvoort,tsunoda,15
2021,13,zandvoort,perez,16
2021,13,zandvoort,vettel,17
2021,13,zandvoort,kubica,18
2021,13,zandvoort,mick_schumacher,19
2021,13,zandvoort,mazepin,20
2021,14,monza,bottas,1
2021,14,monza,hamilton,2
2021,14,monza,max_verstappen,3
2021,14,monza,norris,4
2021,14,monza,ricciardo,5
2021,14,monza,gasly,6
2021,14,monza,sainz,7
2021,14,monza,leclerc,8
2021,14,monza,perez,9
2021,14,monza,giovinazzi,10
2021,14,monza,vettel,11
2021,14,monza,stroll,12
2021,14,monza,alonso,13
2021,14,monza,ocon,14
2021,14,monza,russell,15
2021,14,monza,latifi,16
2021,14,monza,tsunoda,17
2021,14,monza,mick_schumacher,18
2021,14,monza,kubica,19
2021,14,monza,mazepin,20
2021,15,sochi,norris,1
2021,15,sochi,sainz,2
2021,15,sochi,russell,3
2021,15,sochi,hamilton,4
2021,15,sochi,ricciardo,5
2021,15,sochi,alonso,6
2021,15,sochi,bottas,7
2021,15,sochi,stroll,8
2021,15,sochi,perez,9
2021,15,sochi,ocon,10
2021,15,sochi,vettel,11
2021,15,sochi,gasly,12
2021,15,sochi,tsunoda,13
2021,15,sochi,latifi,14
2021,15,sochi,leclerc,15
2021,15,sochi,raikkonen,16
2021,15,sochi,mick_schumacher,17
2021,15,sochi,giovinazzi,18
2021,15,sochi,mazepin,19
2021,15,sochi,max_verstappen,20
2021,16,istanbul,hamilton,1
2021,16,istanbul,bottas,2
2021,16,istanbul,max_verstappen,3
2021,16,istanbul,leclerc,4
2021,16,istanbul,gasly,5
2021,16,istanbul,alonso,6
2021,16,istanbul,perez,7
2021,16,istanbul,norris,8
2021,16,istanbul,stroll,9
2021,16,istanbul,tsunoda,10
2021,16,istanbul,vettel,11
2021,16,istanbul,ocon,12
2021,16,istanbul,russell,13
2021,16,istanbul,mick_schumacher,14
2021,16,istanbul,sainz,15
2021,16,istanbul,ricciardo,16
2021,16,istanbul,latifi,17
2021,16,istanbul,giovinazzi,18
2021,16,istanbul,raikkonen,19
2021,16,istanbul,mazepin,20
2021,17,americas,max_verstappen,1
2021,17,americas,hamilton,2
2021,17,americas,perez,3
2021,17,americas,bottas,4
2021,17,americas,leclerc,5
2021,17,americas,sainz,6
2021,17,americas,ricciardo,7
2021,17,americas,norris,8
2021,17,americas,gasly,9
2021,17,americas,tsunoda,10
2021,17,americas,ocon,11
2021,17,americas,vettel,12
2021,17,americas,giovinazzi,13
2021,17,americas,alonso,14
2021,17,americas,russell,15
2021,17,americas,stroll,16
2021,17,americas,latifi,17
2021,17,americas,raikkonen,18
2021,17,americas,mick_schumacher,19
2021,17,americas,mazepin,20
2021,18,rodriguez,bottas,1
2021,18,rodriguez,hamilton,2
2021,18,rodriguez,max_verstappen,3
2021,18,rodriguez,perez,4
2021,18,rodriguez,gasly,5
2021,18,rodriguez,sainz,6
2021,18,rodriguez,ricciardo,7
2021,18,rodriguez,leclerc,8
2021,18,rodriguez,tsunoda,9
2021,18,rodriguez,norris,10
2021,18,rodriguez,vettel,11
2021,18,rodriguez,raikkonen,12
2021,18,rodriguez,russell,13
2021,18,rodriguez,giovinazzi,14
2021,18,rodriguez,ocon,15
2021,18,rodriguez,alonso,16
2021,18,rodriguez,latifi,17
2021,18,rodriguez,mick_schumacher,18
2021,18,rodriguez,mazepin,19
2021,18,rodriguez,stroll,20
2021,19,interlagos,hamilton,1
2021,19,interlagos,max_verstappen,2
2021,19,interlagos,bottas,3
2021,19,interlagos,perez,4
2021,19,interlagos,gasly,5
2021,19,interlagos,sainz,6
2021,19,interlagos,leclerc,7
2021,19,interlagos,norris,8
2021,19,interlagos,ricciardo,9
2021,19,interlagos,alonso,10
2021,19,interlagos,ocon,11
2021,19,interlagos,vettel,12
2021,19,interlagos,tsunoda,13
2021,19,interlagos,raikkonen,14
2021,19,interlagos,giovinazzi,15
2021,19,interlagos,stroll,16
2021,19,interlagos,latifi,17
2021,19,interlagos,russell,18
2021,19,interlagos,mick_schumacher,19
2021,19,interlagos,mazepin,20
2021,20,losail,hamilton,1
2021,20,losail,max_verstappen,2
2021,20,losail,bottas,3
2021,20,losail,gasly,4
2021,20,losail,alonso,5
2021,20,losail,norris,6
2021,20,losail,sainz,7
2021,20,losail,tsunoda,8
2021,20,losail,ocon,9
2021,20,losail,vettel,10
2021,20,losail,perez,11
2021,20,losail,stroll,12
2021,20,losail,leclerc,13
2021,20,losail,ricciardo,14
2021,20,losail,russell,15
2021,20,losail,raikkonen,16
2021,20,losail,latifi,17
2021,20,losail,giovinazzi,18
2021,20,losail,mick_schumacher,19
2021,20,losail,mazepin,20
2021,21,jeddah,hamilton,1
2021,21,jeddah,bottas,2
2021,21,jeddah,max_verstappen,3
2021,21,jeddah,leclerc,4
2021,21,jeddah,perez,5
2021,21,jeddah,gasly,6
2021,21,jeddah,norris,7
2021,21,jeddah,tsunoda,8
2021,21,jeddah,ocon,9
2021,21,jeddah,giovinazzi,10
2021,21,jeddah,ricciardo,11
2021,21,jeddah,raikkonen,12
2021,21,jeddah,alonso,13
2021,21,jeddah,russell,14
2021,21,jeddah,sainz,15
2021,21,jeddah,latifi,16
2021,21,jeddah,vettel,17
2021,21,jeddah,stroll,18
2021,21,jeddah,mick_schumacher,19
2021,21,jeddah,mazepin,20
2021,22,yas_marina,max_verstappen,1
2021,22,yas_marina,hamilton,2
2021,22,yas_marina,norris,3
2021,22,yas_marina,perez,4
2021,22,yas_marina,sainz,5
2021,22,yas_marina,bottas,6
2021,22,yas_marina,leclerc,7
2021,22,yas_marina,tsunoda,8
2021,22,yas_marina,ocon,9
2021,22,yas_marina,ricciardo,10
2021,22,yas_marina,alonso,11
2021,22,yas_marina,gasly,12
2021,22,yas_marina,stroll,13
2021,22,yas_marina,giovinazzi,14
2021,22,yas_marina,vettel,15
2021,22,yas_marina,latifi,16
2021,22,yas_marina,russell,17
2021,22,yas_marina,raikkonen,18
2021,22,yas_marina,mick_schumacher,19
2021,22,yas_marina,mazepin,20
2022,1,bahrain,leclerc,1
2022,1,bahrain,max_verstappen,2
2022,1,bahrain,sainz,3
2022,1,bahrain,perez,4
2022,1,bahrain,hamilton,5
2022,1,bahrain,bottas,6
2022,1,bahrain,kevin_magnussen,7
2022,1,bahrain,alonso,8
2022,1,bahrain,russell,9
2022,1,bahrain,gasly,10
2022,1,bahrain,ocon,11
2022,1,bahrain,mick_schumacher,12
2022,1,bahrain,norris,13
2022,1,bahrain,albon,14
2022,1,bahrain,zhou,15
2022,1,bahrain,tsunoda,16
2022,1,bahrain,hulkenberg,17
2022,1,bahrain,ricciardo,18
2022,1,bahrain,stroll,19
2022,1,bahrain,latifi,20
2022,2,jeddah,perez,1
2022,2,jeddah,leclerc,2
2022,2,jeddah,sainz,3
2022,2,jeddah,max_verstappen,4
2022,2,jeddah,ocon,5
2022,2,jeddah,russell,6
2022,2,jeddah,alonso,7
2022,2,jeddah,bottas,8
2022,2,jeddah,gasly,9
2022,2,jeddah,kevin_magnussen,10
2022,2,jeddah,norris,11
2022,2,jeddah,ricciardo,12
2022,2,jeddah,zhou,13
2022,2,jeddah,mick_schumacher,14
2022,2,jeddah,stroll,15
2022,2,jeddah,hamilton,16
2022,2,jeddah,albon,17
2022,2,jeddah,hulkenberg,18
2022,2,jeddah,latifi,19
2022,2,jeddah,tsunoda,20
2022,3,albert_park,leclerc,1
2022,3,albert_park,max_verstappen,2
2022,3,albert_park,perez,3
2022,3,albert_park,norris,4
2022,3,albert_park,hamilton,5
2022,3,albert_park,russell,6
2022,3,albert_park,ricciardo,7
2022,3,albert_park,ocon,8
2022,3,albert_park,sainz,9
2022,3,albert_park,alonso,10
2022,3,albert_park,gasly,11
2022,3,albert_park,bottas,12
2022,3,albert_park,tsunoda,13
2022,3,albert_park,zhou,14
2022,3,albert_park,mick_schumacher,15
2022,3,albert_park,albon,16
2022,3,albert_park,kevin_magnussen,17
2022,3,albert_park,vettel,18
2022,3,albert_park,latifi,19
2022,3,albert_park,stroll,20
2022,4,imola,max_verstappen,1
2022,4,imola,leclerc,2
2022,4,imola,norris,3
2022,4,imola,kevin_magnussen,4
2022,4,imola,alonso,5
2022,4,imola,ricciardo,6
2022,4,imola,perez,7
2022,4,imola,bottas,8
2022,4,imola,vettel,9
2022,4,imola,sainz,10
2022,4,imola,russell,11
2022,4,imola,mick_schumacher,12
2022,4,imola,hamilton,13
2022,4,imola,zhou,14
2022,4,imola,stroll,15
2022,4,imola,tsunoda,16
2022,4,imola,gasly,17
2022,4,imola,latifi,18
2022,4,imola,ocon,19
2022,4,imola,albon,20
2022,5,miami,leclerc,1
2022,5,miami,sainz,2
2022,5,miami,max_verstappen,3
2022,5,miami,perez,4
2022,5,miami,bottas,5
2022,5,miami,hamilton,6
2022,5,miami,gasly,7
2022,5,miami,norris,8
2022,5,miami,tsunoda,9
2022,5,miami,stroll,10
2022,5,miami,alonso,11
2022,5,miami,russell,12
2022,5,miami,vettel,13
2022,5,miami,ricciardo,14
2022,5,miami,mick_schumacher,15
2022,5,miami,kevin_magnussen,16
2022,5,miami,zhou,17
2022,5,miami,albon,18
2022,5,miami,latifi,19
2022,5,miami,ocon,20
2022,6,catalunya,leclerc,1
2022,6,catalunya,max_verstappen,2
2022,6,catalunya,sainz,3
2022,6,catalunya,russell,4
2022,6,catalunya,perez,5
2022,6,catalunya,hamilton,6
2022,6,catalunya,bottas,7
2022,6,catalunya,kevin_magnussen,8
2022,6,catalunya,ricciardo,9
2022,6,catalunya,mick_schumacher,10
2022,6,catalunya,norris,11
2022,6,catalunya,ocon,12
2022,6,catalunya,tsunoda,13
2022,6,catalunya,gasly,14
2022,6,catalunya,zhou,15
2022,6,catalunya,vettel,16
2022,6,catalunya,alonso,17
2022,6,catalunya,stroll,18
2022,6,catalunya,albon,19
2022,6,catalunya,latifi,20
2022,7,monaco,leclerc,1
2022,7,monaco,sainz,2
2022,7,monaco,perez,3
2022,7,monaco,max_verstappen,4
2022,7,monaco,norris,5
2022,7,monaco,russell,6
2022,7,monaco,alonso,7
2022,7,monaco,hamilton,8
2022,7,monaco,vettel,9
2022,7,monaco,ocon,10
2022,7,monaco,tsunoda,11
2022,7,monaco,bottas,12
2022,7,monaco,kevin_magnussen,13
2022,7,monaco,ricciardo,14
2022,7,monaco,mick_schumacher,15
2022,7,monaco,albon,16
2022,7,monaco,gasly,17
2022,7,monaco,stroll,18
2022,7,monaco,latifi,19
2022,7,monaco,zhou,20
2022,8,baku,leclerc,1
2022,8,baku,perez,2
2022,8,baku,max_verstappen,3
2022,8,baku,sainz,4
2022,8,baku,russell,5
2022,8,baku,gasly,6
2022,8,baku,hamilton,7
2022,8,baku,tsunoda,8
2022,8,baku,vettel,9
2022,8,baku,alonso,10
2022,8,baku,norris,11
2022,8,baku,ricciardo,12
2022,8,baku,ocon,13
2022,8,baku,zhou,14
2022,8,baku,bottas,15
2022,8,baku,kevin_magnussen,16
2022,8,baku,albon,17
2022,8,baku,latifi,18
2022,8,baku,stroll,19
2022,8,baku,mick_schumacher,20
2022,9,villeneuve,max_verstappen,1
2022,9,villeneuve,alonso,2
2022,9,villeneuve,sainz,3
2022,9,villeneuve,hamilton,4
2022,9,villeneuve,kevin_magnussen,5
2022,9,villeneuve,mick_schumacher,6
2022,9,villeneuve,ocon,7
2022,9,villeneuve,russell,8
2022,9,villeneuve,ricciardo,9
2022,9,villeneuve,zhou,10
2022,9,villeneuve,bottas,11
2022,9,villeneuve,albon,12
2022,9,villeneuve,perez,13
2022,9,villeneuve,norris,14
2022,9,villeneuve,leclerc,15
2022,9,villeneuve,gasly,16
2022,9,villeneuve,vettel,17
2022,9,villeneuve,stroll,18
2022,9,villeneuve,latifi,19
2022,9,villeneuve,tsunoda,20
2022,10,silverstone,sainz,1
2022,10,silverstone,max_verstappen,2
2022,10,silverstone,leclerc,3
2022,10,silverstone,perez,4
2022,10,silverstone,hamilton,5
2022,10,silverstone,norris,6
2022,10,silverstone,alonso,7
2022,10,silverstone,russell,8
2022,10,silverstone,zhou,9
2022,10,silverstone,latifi,10
2022,10,silverstone,gasly,11
2022,10,silverstone,bottas,12
2022,10,silverstone,tsunoda,13
2022,10,silverstone,ricciardo,14
2022,10,silverstone,ocon,15
2022,10,silverstone,albon,16
2022,10,silverstone,kevin_magnussen,17
2022,10,silverstone,vettel,18
2022,10,silverstone,mick_schumacher,19
2022,10,silverstone,stroll,20
2022,11,red_bull_ring,max_verstappen,1
2022,11,red_bull_ring,leclerc,2
2022,11,red_bull_ring,sainz,3
2022,11,red_bull_ring,russell,4
2022,11,red_bull_ring,ocon,5
2022,11,red_bull_ring,kevin_magnussen,6
2022,11,red_bull_ring,mick_schumacher,7
2022,11,red_bull_ring,alonso,8
2022,11,red_bull_ring,hamilton,9
2022,11,red_bull_ring,gasly,10
2022,11,red_bull_ring,albon,11
2022,11,red_bull_ring,bottas,12
2022,11,red_bull_ring,perez,13
2022,11,red_bull_ring,tsunoda,14
2022,11,red_bull_ring,norris,15
2022,11,red_bull_ring,ricciardo,16
2022,11,red_bull_ring,stroll,17
2022,11,red_bull_ring,zhou,18
2022,11,red_bull_ring,latifi,19
2022,11,red_bull_ring,vettel,20
2022,12,ricard,leclerc,1
2022,12,ricard,max_verstappen,2
2022,12,ricard,perez,3
2022,12,ricard,hamilton,4
2022,12,ricard,norris,5
2022,12,ricard,russell,6
2022,12,ricard,alonso,7
2022,12,ricard,tsunoda,8
2022,12,ricard,sainz,9
2022,12,ricard,kevin_magnussen,10
2022,12,ricard,ricciardo,11
2022,12,ricard,ocon,12
2022,12,ricard,bottas,13
2022,12,ricard,vettel,14
2022,12,ricard,albon,15
2022,12,ricard,gasly,16
2022,12,ricard,stroll,17
2022,12,ricard,zhou,18
2022,12,ricard,mick_schumacher,19
2022,12,ricard,latifi,20
2022,13,hungaroring,russell,1
2022,13,hungaroring,sainz,2
2022,13,hungaroring,leclerc,3
2022,13,hungaroring,norris,4
2022,13,hungaroring,ocon,5
2022,13,hungaroring,alonso,6
2022,13,hungaroring,hamilton,7
2022,13,hungaroring,bottas,8
2022,13,hungaroring,ricciardo,9
2022,13,hungaroring,max_verstappen,10
2022,13,hungaroring,perez,11
2022,13,hungaroring,zhou,12
2022,13,hungaroring,kevin_magnussen,13
2022,13,hungaroring,stroll,14
2022,13,hungaroring,mick_schumacher,15
2022,13,hungaroring,tsunoda,16
2022,13,hungaroring,albon,17
2022,13,hungaroring,vettel,18
2022,13,hungaroring,gasly,19
2022,13,hungaroring,latifi,20
2022,14,spa,max_verstappen,1
2022,14,spa,sainz,2
2022,14,spa,perez,3
2022,14,spa,leclerc,4
2022,14,spa,ocon,5
2022,14,spa,alonso,6
2022,14,spa,hamilton,7
2022,14,spa,russell,8
2022,14,spa,albon,9
2022,14,spa,norris,10
2022,14,spa,ricciardo,11
2022,14,spa,gasly,12
2022,14,spa,zhou,13
2022,14,spa,stroll,14
2022,14,spa,mick_schumacher,15
2022,14,spa,vettel,16
2022,14,spa,latifi,17
2022,14,spa,kevin_magnussen,18
2022,14,spa,tsunoda,19
2022,14,spa,bottas,20
2022,15,zandvoort,max_verstappen,1
2022,15,zandvoort,leclerc,2
2022,15,zandvoort,sainz,3
2022,15,zandvoort,hamilton,4
2022,15,zandvoort,perez,5
2022,15,zandvoort,russell,6
2022,15,zandvoort,norris,7
2022,15,zandvoort,mick_schumacher,8
2022,15,zandvoort,tsunoda,9
2022,15,zandvoort,stroll,10
2022,15,zandvoort,gasly,11
2022,15,zandvoort,ocon,12
2022,15,zandvoort,alonso,13
2022,15,zandvoort,zhou,14
2022,15,zandvoort,albon,15
2022,15,zandvoort,bottas,16
2022,15,zandvoort,ricciardo,17
2022,15,zandvoort,kevin_magnussen,18
2022,15,zandvoort,vettel,19
2022,15,zandvoort,latifi,20
2022,16,monza,leclerc,1
2022,16,monza,max_verstappen,2
2022,16,monza,sainz,3
2022,16,monza,perez,4
2022,16,monza,hamilton,5
2022,16,monza,russell,6
2022,16,monza,norris,7
2022,16,monza,ricciardo,8
2022,16,monza,gasly,9
2022,16,monza,alonso,10
2022,16,monza,ocon,11
2022,16,monza,bottas,12
2022,16,monza,de_vries,13
2022,16,monza,zhou,14
2022,16,monza,tsunoda,15
2022,16,monza,latifi,16
2022,16,monza,vettel,17
2022,16,monza,stroll,18
2022,16,monza,kevin_magnussen,19
2022,16,monza,mick_schumacher,20
2022,17,marina_bay,leclerc,1
2022,17,marina_bay,perez,2
2022,17,marina_bay,hamilton,3
2022,17,marina_bay,sainz,4
2022,17,marina_bay,alonso,5
2022,17,marina_bay,norris,6
2022,17,marina_bay,gasly,7
2022,17,marina_bay,max_verstappen,8
2022,17,marina_bay,kevin_magnussen,9
2022,17,marina_bay,tsunoda,10
2022,17,marina_bay,russell,11
2022,17,marina_bay,stroll,12
2022,17,marina_bay,mick_schumacher,13
2022,17,marina_bay,vettel,14
2022,17,marina_bay,zhou,15
2022,17,marina_bay,bottas,16
2022,17,marina_bay,ricciardo,17
2022,17,marina_bay,ocon,18
2022,17,marina_bay,albon,19
2022,17,marina_bay,latifi,20
2022,18,suzuka,max_verstappen,1
2022,18,suzuka,leclerc,2
2022,18,suzuka,sainz,3
2022,18,suzuka,perez,4
2022,18,suzuka,ocon,5
2022,18,suzuka,hamilton,6
2022,18,suzuka,alonso,7
2022,18,suzuka,russell,8
2022,18,suzuka,vettel,9
2022,18,suzuka,norris,10
2022,18,suzuka,ricciardo,11
2022,18,suzuka,bottas,12
2022,18,suzuka,tsunoda,13
2022,18,suzuka,zhou,14
2022,18,suzuka,mick_schumacher,15
2022,18,suzuka,albon,16
2022,18,suzuka,gasly,17
2022,18,suzuka,kevin_magnussen,18
2022,18,suzuka,stroll,19
2022,18,suzuka,latifi,20
2022,19,americas,sainz,1
2022,19,americas,leclerc,2
2022,19,americas,max_verstappen,3
2022,19,americas,perez,4
2022,19,americas,hamilton,5
2022,19,americas,russell,6
2022,19,americas,stroll,7
2022,19,americas,norris,8
2022,19,americas,alonso,9
2022,19,americas,bottas,10
2022,19,americas,albon,11
2022,19,americas,vettel,12
2022,19,americas,gasly,13
2022,19,americas,zhou,14
2022,19,americas,tsunoda,15
2022,19,americas,kevin_magnussen,16
2022,19,americas,ricciardo,17
2022,19,americas,ocon,18
2022,19,americas,mick_schumacher,19
2022,19,americas,latifi,20
2022,20,rodriguez,max_verstappen,1
2022,20,rodriguez,russell,2
2022,20,rodriguez,hamilton,3
2022,20,rodriguez,perez,4
2022,20,rodriguez,sainz,5
2022,20,rodriguez,bottas,6
2022,20,rodriguez,leclerc,7
2022,20,rodriguez,norris,8
2022,20,rodriguez,alonso,9
2022,20,rodriguez,ocon,10
2022,20,rodriguez,ricciardo,11
2022,20,rodriguez,zhou,12
2022,20,rodriguez,tsunoda,13
2022,20,rodriguez,gasly,14
2022,20,rodriguez,kevin_magnussen,15
2022,20,rodriguez,mick_schumacher,16
2022,20,rodriguez,vettel,17
2022,20,rodriguez,stroll,18
2022,20,rodriguez,albon,19
2022,20,rodriguez,latifi,20
2022,21,interlagos,kevin_magnussen,1
2022,21,interlagos,max_verstappen,2
2022,21,interlagos,russell,3
2022,21,interlagos,norris,4
2022,21,interlagos,sainz,5
2022,21,interlagos,ocon,6
2022,21,interlagos,alonso,7
2022,21,interlagos,hamilton,8
2022,21,interlagos,perez,9
2022,21,interlagos,leclerc,10
2022,21,interlagos,albon,11
2022,21,interlagos,gasly,12
2022,21,interlagos,vettel,13
2022,21,interlagos,ricciardo,14
2022,21,interlagos,stroll,15
2022,21,interlagos,latifi,16
2022,21,interlagos,zhou,17
2022,21,interlagos,bottas,18
2022,21,interlagos,tsunoda,19
2022,21,interlagos,mick_schumacher,20
2022,22,yas_marina,max_verstappen,1
2022,22,yas_marina,perez,2
2022,22,yas_marina,leclerc,3
2022,22,yas_marina,sainz,4
2022,22,yas_marina,hamilton,5
2022,22,yas_marina,russell,6
2022,22,yas_marina,norris,7
2022,22,yas_marina,ocon,8
2022,22,yas_marina,vettel,9
2022,22,yas_marina,ricciardo,10
2022,22,yas_marina,alonso,11
2022,22,yas_marina,tsunoda,12
2022,22,yas_marina,mick_schumacher,13
2022,22,yas_marina,stroll,14
2022,22,yas_marina,zhou,15
2022,22,yas_marina,kevin_magnussen,16
2022,22,yas_marina,gasly,17
2022,22,yas_marina,bottas,18
2022,22,yas_marina,albon,19
2022,22,yas_marina,latifi,20
2023,1,bahrain,max_verstappen,1
2023,1,bahrain,perez,2
2023,1,bahrain,leclerc,3
2023,1,bahrain,sainz,4
2023,1,bahrain,alonso,5
2023,1,bahrain,russell,6
2023,1,bahrain,hamilton,7
2023,1,bahrain,stroll,8
2023,1,bahrain,ocon,9
2023,1,bahrain,hulkenberg,10
2023,1,bahrain,norris,11
2023,1,bahrain,bottas,12
2023,1,bahrain,zhou,13
2023,1,bahrain,tsunoda,14
2023,1,bahrain,albon,15
2023,1,bahrain,sargeant,16
2023,1,bahrain,kevin_magnussen,17
2023,1,bahrain,piastri,18
2023,1,bahrain,de_vries,19
2023,1,bahrain,gasly,20
2023,2,jeddah,perez,1
2023,2,jeddah,leclerc,2
2023,2,jeddah,alonso,3
2023,2,jeddah,russell,4
2023,2,jeddah,sainz,5
2023,2,jeddah,stroll,6
2023,2,jeddah,ocon,7
2023,2,jeddah,hamilton,8
2023,2,jeddah,piastri,9
2023,2,jeddah,gasly,10
2023,2,jeddah,hulkenberg,11
2023,2,jeddah,zhou,12
2023,2,jeddah,kevin_magnussen,13
2023,2,jeddah,bottas,14
2023,2,jeddah,max_verstappen,15
2023,2,jeddah,tsunoda,16
2023,2,jeddah,albon,17
2023,2,jeddah,de_vries,18
2023,2,jeddah,norris,19
2023,2,jeddah,sargeant,20
2023,3,albert_park,max_verstappen,1
2023,3,albert_park,russell,2
2023,3,albert_park,hamilton,3
2023,3,albert_park,alonso,4
2023,3,albert_park,sainz,5
2023,3,albert_park,stroll,6
2023,3,albert_park,leclerc,7
2023,3,albert_park,albon,8
2023,3,albert_park,gasly,9
2023,3,albert_park,hulkenberg,10
2023,3,albert_park,ocon,11
2023,3,albert_park,tsunoda,12
2023,3,albert_park,norris,13
2023,3,albert_park,kevin_magnussen,14
2023,3,albert_park,de_vries,15
2023,3,albert_park,piastri,16
2023,3,albert_park,zhou,17
2023,3,albert_park,sargeant,18
2023,3,albert_park,bottas,19
2023,3,albert_park,perez,20
2023,4,baku,leclerc,1
2023,4,baku,max_verstappen,2
2023,4,baku,perez,3
2023,4,baku,sainz,4
2023,4,baku,hamilton,5
2023,4,baku,alonso,6
2023,4,baku,norris,7
2023,4,baku,tsunoda,8
2023,4,baku,stroll,9
2023,4,baku,piastri,10
2023,4,baku,russell,11
2023,4,baku,ocon,12
2023,4,baku,albon,13
2023,4,baku,bottas,14
2023,4,baku,sargeant,15
2023,4,baku,zhou,16
2023,4,baku,hulkenberg,17
2023,4,baku,kevin_magnussen,18
2023,4,baku,gasly,19
2023,4,baku,de_vries,20
2023,5,miami,perez,1
2023,5,miami,alonso,2
2023,5,miami,sainz,3
2023,5,miami,kevin_magnussen,4
2023,5,miami,gasly,5
2023,5,miami,russell,6
2023,5,miami,leclerc,7
2023,5,miami,ocon,8
2023,5,miami,max_verstappen,9
2023,5,miami,bottas,10
2023,5,miami,albon,11
2023,5,miami,hulkenberg,12
2023,5,miami,hamilton,13
2023,5,miami,zhou,14
2023,5,miami,de_vries,15
2023,5,miami,norris,16
2023,5,miami,tsunoda,17
2023,5,miami,stroll,18
2023,5,miami,piastri,19
2023,5,miami,sargeant,20
2023,6,monaco,max_verstappen,1
2023,6,monaco,alonso,2
2023,6,monaco,leclerc,3
2023,6,monaco,ocon,4
2023,6,monaco,sainz,5
2023,6,monaco,hamilton,6
2023,6,monaco,gasly,7
2023,6,monaco,russell,8
2023,6,monaco,tsunoda,9
2023,6,monaco,norris,10
2023,6,monaco,piastri,11
2023,6,monaco,de_vries,12
2023,6,monaco,albon,13
2023,6,monaco,stroll,14
2023,6,monaco,bottas,15
2023,6,monaco,sargeant,16
2023,6,monaco,kevin_magnussen,17
2023,6,monaco,hulkenberg,18
2023,6,monaco,zhou,19
2023,6,monaco,perez,20
2023,7,catalunya,max_verstappen,1
2023,7,catalunya,sainz,2
2023,7,catalunya,norris,3
2023,7,catalunya,gasly,4
2023,7,catalunya,hamilton,5
2023,7,catalunya,stroll,6
2023,7,catalunya,ocon,7
2023,7,catalunya,hulkenberg,8
2023,7,catalunya,alonso,9
2023,7,catalunya,piastri,10
2023,7,catalunya,perez,11
2023,7,catalunya,russell,12
2023,7,catalunya,zhou,13
2023,7,catalunya,de_vries,14
2023,7,catalunya,tsunoda,15
2023,7,catalunya,bottas,16
2023,7,catalunya,kevin_magnussen,17
2023,7,catalunya,albon,18
2023,7,catalunya,leclerc,19
2023,7,catalunya,sargeant,20
2023,8,villeneuve,max_verstappen,1
2023,8,villeneuve,hulkenberg,2
2023,8,villeneuve,alonso,3
2023,8,villeneuve,hamilton,4
2023,8,villeneuve,russell,5
2023,8,villeneuve,ocon,6
2023,8,villeneuve,norris,7
2023,8,villeneuve,sainz,8
2023,8,villeneuve,piastri,9
2023,8,villeneuve,albon,10
2023,8,villeneuve,leclerc,11
2023,8,villeneuve,perez,12
2023,8,villeneuve,stroll,13
2023,8,villeneuve,kevin_magnussen,14
2023,8,villeneuve,bottas,15
2023,8,villeneuve,tsunoda,16
2023,8,villeneuve,gasly,17
2023,8,villeneuve,de_vries,18
2023,8,villeneuve,sargeant,19
2023,8,villeneuve,zhou,20
2023,9,red_bull_ring,max_verstappen,1
2023,9,red_bull_ring,leclerc,2
2023,9,red_bull_ring,sainz,3
2023,9,red_bull_ring,norris,4
2023,9,red_bull_ring,hamilton,5
2023,9,red_bull_ring,stroll,6
2023,9,red_bull_ring,alonso,7
2023,9,red_bull_ring,hulkenberg,8
2023,9,red_bull_ring,gasly,9
2023,9,red_bull_ring,albon,10
2023,9,red_bull_ring,russell,11
2023,9,red_bull_ring,ocon,12
2023,9,red_bull_ring,piastri,13
2023,9,red_bull_ring,bottas,14
2023,9,red_bull_ring,perez,15
2023,9,red_bull_ring,tsunoda,16
2023,9,red_bull_ring,zhou,17
2023,9,red_bull_ring,sargeant,18
2023,9,red_bull_ring,kevin_magnussen,19
2023,9,red_bull_ring,de_vries,20
2023,10,silverstone,max_verstappen,1
2023,10,silverstone,norris,2
2023,10,silverstone,piastri,3
2023,10,silverstone,leclerc,4
2023,10,silverstone,sainz,5
2023,10,silverstone,russell,6
2023,10,silverstone,hamilton,7
2023,10,silverstone,albon,8
2023,10,silverstone,alonso,9
2023,10,silverstone,gasly,10
2023,10,silverstone,hulkenberg,11
2023,10,silverstone,stroll,12
2023,10,silverstone,ocon,13
2023,10,silverstone,sargeant,14
2023,10,silverstone,bottas,15
2023,10,silverstone,perez,15
2023,10,silverstone,tsunoda,16
2023,10,silverstone,zhou,17
2023,10,silverstone,de_vries,18
2023,10,silverstone,kevin_magnussen,19
2023,11,hungaroring,hamilton,1
2023,11,hungaroring,max_verstappen,2
2023,11,hungaroring,norris,3
2023,11,hungaroring,piastri,4
2023,11,hungaroring,zhou,5
2023,11,hungaroring,leclerc,6
2023,11,hungaroring,bottas,7
2023,11,hungaroring,alonso,8
2023,11,hungaroring,perez,9
2023,11,hungaroring,hulkenberg,10
2023,11,hungaroring,sainz,11
2023,11,hungaroring,ocon,12
2023,11,hungaroring,ricciardo,13
2023,11,hungaroring,stroll,14
2023,11,hungaroring,gasly,15
2023,11,hungaroring,albon,16
2023,11,hungaroring,tsunoda,17
2023,11,hungaroring,russell,18
2023,11,hungaroring,kevin_magnussen,19
2023,11,hungaroring,sargeant,20
2023,12,spa,max_verstappen,1
2023,12,spa,leclerc,2
2023,12,spa,perez,3
2023,12,spa,hamilton,4
2023,12,spa,sainz,5
2023,12,spa,piastri,6
2023,12,spa,norris,7
2023,12,spa,russell,8
2023,12,spa,alonso,9
2023,12,spa,stroll,10
2023,12,spa,tsunoda,11
2023,12,spa,gasly,12
2023,12,spa,kevin_magnussen,13
2023,12,spa,bottas,14
2023,12,spa,ocon,15
2023,12,spa,albon,16
2023,12,spa,zhou,17
2023,12,spa,sargeant,18
2023,12,spa,ricciardo,19
2023,12,spa,hulkenberg,20
2023,13,zandvoort,max_verstappen,1
2023,13,zandvoort,norris,2
2023,13,zandvoort,russell,3
2023,13,zandvoort,albon,4
2023,13,zandvoort,alonso,5
2023,13,zandvoort,sainz,6
2023,13,zandvoort,perez,7
2023,13,zandvoort,piastri,8
2023,13,zandvoort,leclerc,9
2023,13,zandvoort,sargeant,10
2023,13,zandvoort,stroll,11
2023,13,zandvoort,gasly,12
2023,13,zandvoort,hamilton,13
2023,13,zandvoort,tsunoda,14
2023,13,zandvoort,hulkenberg,15
2023,13,zandvoort,zhou,16
2023,13,zandvoort,ocon,17
2023,13,zandvoort,kevin_magnussen,18
2023,13,zandvoort,bottas,19
2023,13,zandvoort,lawson,20
2023,14,monza,sainz,1
2023,14,monza,max_verstappen,2
2023,14,monza,leclerc,3
2023,14,monza,russell,4
2023,14,monza,perez,5
2023,14,monza,albon,6
2023,14,monza,piastri,7
2023,14,monza,hamilton,8
2023,14,monza,norris,9
2023,14,monza,alonso,10
2023,14,monza,tsunoda,11
2023,14,monza,lawson,12
2023,14,monza,hulkenberg,13
2023,14,monza,bottas,14
2023,14,monza,sargeant,15
2023,14,monza,zhou,16
2023,14,monza,gasly,17
2023,14,monza,ocon,18
2023,14,monza,kevin_magnussen,19
2023,14,monza,stroll,20
2023,15,marina_bay,sainz,1
2023,15,marina_bay,russell,2
2023,15,marina_bay,leclerc,3
2023,15,marina_bay,norris,4
2023,15,marina_bay,hamilton,5
2023,15,marina_bay,kevin_magnussen,6
2023,15,marina_bay,alonso,7
2023,15,marina_bay,ocon,8
2023,15,marina_bay,hulkenberg,9
2023,15,marina_bay,lawson,10
2023,15,marina_bay,max_verstappen,11
2023,15,marina_bay,gasly,12
2023,15,marina_bay,perez,13
2023,15,marina_bay,albon,14
2023,15,marina_bay,tsunoda,15
2023,15,marina_bay,bottas,16
2023,15,marina_bay,piastri,17
2023,15,marina_bay,sargeant,18
2023,15,marina_bay,zhou,19
2023,15,marina_bay,stroll,20
2023,16,suzuka,max_verstappen,1
2023,16,suzuka,piastri,2
2023,16,suzuka,norris,3
2023,16,suzuka,leclerc,4
2023,16,suzuka,perez,5
2023,16,suzuka,sainz,6
2023,16,suzuka,hamilton,7
2023,16,suzuka,russell,8
2023,16,suzuka,tsunoda,9
2023,16,suzuka,alonso,10
2023,16,suzuka,lawson,11
2023,16,suzuka,gasly,12
2023,16,suzuka,albon,13
2023,16,suzuka,ocon,14
2023,16,suzuka,kevin_magnussen,15
2023,16,suzuka,bottas,16
2023,16,suzuka,stroll,17
2023,16,suzuka,hulkenberg,18
2023,16,suzuka,zhou,19
2023,16,suzuka,sargeant,20
2023,17,losail,max_verstappen,1
2023,17,losail,russell,2
2023,17,losail,hamilton,3
2023,17,losail,alonso,4
2023,17,losail,leclerc,5
2023,17,losail,piastri,6
2023,17,losail,gasly,7
2023,17,losail,ocon,8
2023,17,losail,bottas,9
2023,17,losail,norris,10
2023,17,losail,tsunoda,11
2023,17,losail,sainz,12
2023,17,losail,perez,13
2023,17,losail,albon,14
2023,17,losail,hulkenberg,15
2023,17,losail,sargeant,16
2023,17,losail,stroll,17
2023,17,losail,lawson,18
2023,17,losail,kevin_magnussen,19
2023,17,losail,zhou,20
2023,18,americas,leclerc,1
2023,18,americas,norris,2
2023,18,americas,hamilton,3
2023,18,americas,sainz,4
2023,18,americas,russell,5
2023,18,americas,max_verstappen,6
2023,18,americas,gasly,7
2023,18,americas,ocon,8
2023,18,americas,perez,9
2023,18,americas,piastri,10
2023,18,americas,tsunoda,11
2023,18,americas,zhou,12
2023,18,americas,bottas,13
2023,18,americas,kevin_magnussen,14
2023,18,americas,ricciardo,15
2023,18,americas,hulkenberg,16
2023,18,americas,alonso,17
2023,18,americas,albon,18
2023,18,americas,stroll,19
2023,18,americas,sargeant,20
2023,19,rodriguez,leclerc,1
2023,19,rodriguez,sainz,2
2023,19,rodriguez,max_verstappen,3
2023,19,rodriguez,ricciardo,4
2023,19,rodriguez,perez,5
2023,19,rodriguez,hamilton,6
2023,19,rodriguez,piastri,7
2023,19,rodriguez,russell,8
2023,19,rodriguez,bottas,9
2023,19,rodriguez,zhou,10
2023,19,rodriguez,gasly,11
2023,19,rodriguez,hulkenberg,12
2023,19,rodriguez,alonso,13
2023,19,rodriguez,albon,14
2023,19,rodriguez,tsunoda,15
2023,19,rodriguez,ocon,16
2023,19,rodriguez,kevin_magnussen,17
2023,19,rodriguez,stroll,18
2023,19,rodriguez,norris,19
2023,19,rodriguez,sargeant,20
2023,20,interlagos,max_verstappen,1
2023,20,interlagos,leclerc,2
2023,20,interlagos,stroll,3
2023,20,interlagos,alonso,4
2023,20,interlagos,hamilton,5
2023,20,interlagos,russell,6
2023,20,interlagos,norris,7
2023,20,interlagos,sainz,8
2023,20,interlagos,perez,9
2023,20,interlagos,piastri,10
2023,20,interlagos,hulkenberg,11
2023,20,interlagos,ocon,12
2023,20,interlagos,gasly,13
2023,20,interlagos,kevin_magnussen,14
2023,20,interlagos,albon,15
2023,20,interlagos,tsunoda,16
2023,20,interlagos,ricciardo,17
2023,20,interlagos,bottas,18
2023,20,interlagos,sargeant,19
2023,20,interlagos,zhou,20
2023,21,vegas,leclerc,1
2023,21,vegas,sainz,2
2023,21,vegas,max_verstappen,3
2023,21,vegas,russell,4
2023,21,vegas,gasly,5
2023,21,vegas,albon,6
2023,21,vegas,sargeant,7
2023,21,vegas,bottas,8
2023,21,vegas,kevin_magnussen,9
2023,21,vegas,alonso,10
2023,21,vegas,hamilton,11
2023,21,vegas,perez,12
2023,21,vegas,hulkenberg,13
2023,21,vegas,stroll,14
2023,21,vegas,ricciardo,15
2023,21,vegas,norris,16
2023,21,vegas,ocon,17
2023,21,vegas,zhou,18
2023,21,vegas,piastri,19
2023,21,vegas,tsunoda,20
2023,22,yas_marina,max_verstappen,1
2023,22,yas_marina,leclerc,2
2023,22,yas_marina,piastri,3
2023,22,yas_marina,russell,4
2023,22,yas_marina,norris,5
2023,22,yas_marina,tsunoda,6
2023,22,yas_marina,alonso,7
2023,22,yas_marina,hulkenberg,8
2023,22,yas_marina,perez,9
2023,22,yas_marina,gasly,10
2023,22,yas_marina,hamilton,11
2023,22,yas_marina,ocon,12
2023,22,yas_marina,stroll,13
2023,22,yas_marina,albon,14
2023,22,yas_marina,ricciardo,15
2023,22,yas_marina,sainz,16
2023,22,yas_marina,kevin_magnussen,17
2023,22,yas_marina,bottas,18
2023,22,yas_marina,zhou,19
2023,22,yas_marina,sargeant,20
2024,1,bahrain,max_verstappen,1
2024,1,bahrain,leclerc,2
2024,1,bahrain,russell,3
2024,1,bahrain,sainz,4
2024,1,bahrain,perez,5
2024,1,bahrain,alonso,6
2024,1,bahrain,norris,7
2024,1,bahrain,piastri,8
2024,1,bahrain,hamilton,9
2024,1,bahrain,hulkenberg,10
2024,1,bahrain,tsunoda,11
2024,1,bahrain,stroll,12
2024,1,bahrain,albon,13
2024,1,bahrain,ricciardo,14
2024,1,bahrain,kevin_magnussen,15
2024,1,bahrain,bottas,16
2024,1,bahrain,zhou,17
2024,1,bahrain,sargeant,18
2024,1,bahrain,ocon,19
2024,1,bahrain,gasly,20
2024,2,jeddah,max_verstappen,1
2024,2,jeddah,leclerc,2
2024,2,jeddah,perez,3
2024,2,jeddah,alonso,4
2024,2,jeddah,piastri,5
2024,2,jeddah,norris,6
2024,2,jeddah,russell,7
2024,2,jeddah,hamilton,8
2024,2,jeddah,tsunoda,9
2024,2,jeddah,stroll,10
2024,2,jeddah,bearman,11
2024,2,jeddah,albon,12
2024,2,jeddah,kevin_magnussen,13
2024,2,jeddah,ricciardo,14
2024,2,jeddah,hulkenberg,15
2024,2,jeddah,bottas,16
2024,2,jeddah,ocon,17
2024,2,jeddah,gasly,18
2024,2,jeddah,sargeant,19
2024,2,jeddah,zhou,20
2024,3,albert_park,max_verstappen,1
2024,3,albert_park,sainz,2
2024,3,albert_park,perez,3
2024,3,albert_park,norris,4
2024,3,albert_park,leclerc,5
2024,3,albert_park,piastri,6
2024,3,albert_park,russell,7
2024,3,albert_park,tsunoda,8
2024,3,albert_park,stroll,9
2024,3,albert_park,alonso,10
2024,3,albert_park,hamilton,11
2024,3,albert_park,albon,12
2024,3,albert_park,bottas,13
2024,3,albert_park,kevin_magnussen,14
2024,3,albert_park,ocon,15
2024,3,albert_park,hulkenberg,16
2024,3,albert_park,gasly,17
2024,3,albert_park,ricciardo,18
2024,3,albert_park,zhou,19
2024,4,suzuka,max_verstappen,1
2024,4,suzuka,perez,2
2024,4,suzuka,norris,3
2024,4,suzuka,sainz,4
2024,4,suzuka,alonso,5
2024,4,suzuka,piastri,6
2024,4,suzuka,hamilton,7
2024,4,suzuka,leclerc,8
2024,4,suzuka,russell,9
2024,4,suzuka,tsunoda,10
2024,4,suzuka,ricciardo,11
2024,4,suzuka,hulkenberg,12
2024,4,suzuka,bottas,13
2024,4,suzuka,albon,14
2024,4,suzuka,ocon,15
2024,4,suzuka,stroll,16
2024,4,suzuka,gasly,17
2024,4,suzuka,kevin_magnussen,18
2024,4,suzuka,sargeant,19
2024,4,suzuka,zhou,20
2024,5,shanghai,max_verstappen,1
2024,5,shanghai,perez,2
2024,5,shanghai,alonso,3
2024,5,shanghai,norris,4
2024,5,shanghai,piastri,5
2024,5,shanghai,leclerc,6
2024,5,shanghai,sainz,7
2024,5,shanghai,russell,8
2024,5,shanghai,hulkenberg,9
2024,5,shanghai,bottas,10
2024,5,shanghai,stroll,11
2024,5,shanghai,ricciardo,12
2024,5,shanghai,ocon,13
2024,5,shanghai,albon,14
2024,5,shanghai,gasly,15
2024,5,shanghai,zhou,16
2024,5,shanghai,kevin_magnussen,17
2024,5,shanghai,hamilton,18
2024,5,shanghai,tsunoda,19
2024,5,shanghai,sargeant,20
2024,6,miami,max_verstappen,1
2024,6,miami,leclerc,2
2024,6,miami,sainz,3
2024,6,miami,perez,4
2024,6,miami,norris,5
2024,6,miami,piastri,6
2024,6,miami,russell,7
2024,6,miami,hamilton,8
2024,6,miami,hulkenberg,9
2024,6,miami,tsunoda,10
2024,6,miami,stroll,11
2024,6,miami,gasly,12
2024,6,miami,ocon,13
2024,6,miami,albon,14
2024,6,miami,alonso,15
2024,6,miami,bottas,16
2024,6,miami,sargeant,17
2024,6,miami,ricciardo,18
2024,6,miami,kevin_magnussen,19
2024,6,miami,zhou,20
2024,7,imola,max_verstappen,1
2024,7,imola,piastri,2
2024,7,imola,norris,3
2024,7,imola,leclerc,4
2024,7,imola,sainz,5
2024,7,imola,russell,6
2024,7,imola,tsunoda,7
2024,7,imola,hamilton,8
2024,7,imola,ricciardo,9
2024,7,imola,hulkenberg,10
2024,7,imola,perez,11
2024,7,imola,ocon,12
2024,7,imola,stroll,13
2024,7,imola,albon,14
2024,7,imola,gasly,15
2024,7,imola,bottas,16
2024,7,imola,zhou,17
2024,7,imola,kevin_magnussen,18
2024,7,imola,alonso,19
2024,7,imola,sargeant,20
2024,8,monaco,leclerc,1
2024,8,monaco,piastri,2
2024,8,monaco,sainz,3
2024,8,monaco,norris,4
2024,8,monaco,russell,5
2024,8,monaco,max_verstappen,6
2024,8,monaco,hamilton,7
2024,8,monaco,tsunoda,8
2024,8,monaco,albon,9
2024,8,monaco,gasly,10
2024,8,monaco,ocon,11
2024,8,monaco,ricciardo,12
2024,8,monaco,stroll,13
2024,8,monaco,alonso,14
2024,8,monaco,hulkenberg,14
2024,8,monaco,kevin_magnussen,15
2024,8,monaco,sargeant,15
2024,8,monaco,perez,16
2024,8,monaco,bottas,17
2024,8,monaco,zhou,18
2024,9,villeneuve,russell,1
2024,9,villeneuve,max_verstappen,2
2024,9,villeneuve,norris,3
2024,9,villeneuve,piastri,4
2024,9,villeneuve,ricciardo,5
2024,9,villeneuve,alonso,6
2024,9,villeneuve,hamilton,7
2024,9,villeneuve,tsunoda,8
2024,9,villeneuve,stroll,9
2024,9,villeneuve,albon,10
2024,9,villeneuve,leclerc,11
2024,9,villeneuve,sainz,12
2024,9,villeneuve,sargeant,13
2024,9,villeneuve,kevin_magnussen,14
2024,9,villeneuve,gasly,15
2024,9,villeneuve,perez,16
2024,9,villeneuve,bottas,17
2024,9,villeneuve,ocon,18
2024,9,villeneuve,hulkenberg,19
2024,9,villeneuve,zhou,20
2024,10,catalunya,norris,1
2024,10,catalunya,max_verstappen,2
2024,10,catalunya,hamilton,3
2024,10,catalunya,russell,4
2024,10,catalunya,leclerc,5
2024,10,catalunya,sainz,6
2024,10,catalunya,gasly,7
2024,10,catalunya,perez,8
2024,10,catalunya,ocon,9
2024,10,catalunya,piastri,10
2024,10,catalunya,alonso,11
2024,10,catalunya,bottas,12
2024,10,catalunya,hulkenberg,13
2024,10,catalunya,stroll,14
2024,10,catalunya,zhou,15
2024,10,catalunya,kevin_magnussen,16
2024,10,catalunya,tsunoda,17
2024,10,catalunya,ricciardo,18
2024,10,catalunya,albon,19
2024,10,catalunya,sargeant,20
2024,11,red_bull_ring,max_verstappen,1
2024,11,red_bull_ring,norris,2
2024,11,red_bull_ring,russell,3
2024,11,red_bull_ring,sainz,4
2024,11,red_bull_ring,hamilton,5
2024,11,red_bull_ring,leclerc,6
2024,11,red_bull_ring,piastri,7
2024,11,red_bull_ring,perez,8
2024,11,red_bull_ring,hulkenberg,9
2024,11,red_bull_ring,ocon,10
2024,11,red_bull_ring,ricciardo,11
2024,11,red_bull_ring,kevin_magnussen,12
2024,11,red_bull_ring,gasly,13
2024,11,red_bull_ring,tsunoda,14
2024,11,red_bull_ring,alonso,15
2024,11,red_bull_ring,albon,16
2024,11,red_bull_ring,stroll,17
2024,11,red_bull_ring,bottas,18
2024,11,red_bull_ring,sargeant,19
2024,11,red_bull_ring,zhou,20
2024,12,silverstone,russell,1
2024,12,silverstone,hamilton,2
2024,12,silverstone,norris,3
2024,12,silverstone,max_verstappen,4
2024,12,silverstone,piastri,5
2024,12,silverstone,hulkenberg,6
2024,12,silverstone,sainz,7
2024,12,silverstone,stroll,8
2024,12,silverstone,albon,9
2024,12,silverstone,alonso,10
2024,12,silverstone,leclerc,11
2024,12,silverstone,sargeant,12
2024,12,silverstone,tsunoda,13
2024,12,silverstone,zhou,14
2024,12,silverstone,ricciardo,15
2024,12,silverstone,bottas,16
2024,12,silverstone,kevin_magnussen,17
2024,12,silverstone,ocon,18
2024,12,silverstone,perez,19
2024,12,silverstone,gasly,20
2024,13,hungaroring,norris,1
2024,13,hungaroring,piastri,2
2024,13,hungaroring,max_verstappen,3
2024,13,hungaroring,sainz,4
2024,13,hungaroring,hamilton,5
2024,13,hungaroring,leclerc,6
2024,13,hungaroring,alonso,7
2024,13,hungaroring,stroll,8
2024,13,hungaroring,ricciardo,9
2024,13,hungaroring,tsunoda,10
2024,13,hungaroring,hulkenberg,11
2024,13,hungaroring,bottas,12
2024,13,hungaroring,albon,13
2024,13,hungaroring,sargeant,14
2024,13,hungaroring,kevin_magnussen,15
2024,13,hungaroring,perez,16
2024,13,hungaroring,russell,17
2024,13,hungaroring,zhou,18
2024,13,hungaroring,ocon,19
2024,13,hungaroring,gasly,20
2024,14,spa,max_verstappen,1
2024,14,spa,leclerc,2
2024,14,spa,perez,3
2024,14,spa,hamilton,4
2024,14,spa,norris,5
2024,14,spa,piastri,6
2024,14,spa,russell,7
2024,14,spa,sainz,8
2024,14,spa,alonso,9
2024,14,spa,ocon,10
2024,14,spa,albon,11
2024,14,spa,gasly,12
2024,14,spa,ricciardo,13
2024,14,spa,bottas,14
2024,14,spa,stroll,15
2024,14,spa,hulkenberg,16
2024,14,spa,kevin_magnussen,17
2024,14,spa,tsunoda,18
2024,14,spa,sargeant,19
2024,14,spa,zhou,20
2024,15,zandvoort,norris,1
2024,15,zandvoort,max_verstappen,2
2024,15,zandvoort,piastri,3
2024,15,zandvoort,russell,4
2024,15,zandvoort,perez,5
2024,15,zandvoort,leclerc,6
2024,15,zandvoort,alonso,7
2024,15,zandvoort,stroll,8
2024,15,zandvoort,gasly,9
2024,15,zandvoort,albon,10
2024,15,zandvoort,sainz,10
2024,15,zandvoort,hamilton,11
2024,15,zandvoort,tsunoda,12
2024,15,zandvoort,hulkenberg,13
2024,15,zandvoort,kevin_magnussen,14
2024,15,zandvoort,ricciardo,15
2024,15,zandvoort,ocon,16
2024,15,zandvoort,bottas,17
2024,15,zandvoort,zhou,18
2024,15,zandvoort,sargeant,20
2024,16,monza,norris,1
2024,16,monza,piastri,2
2024,16,monza,russell,3
2024,16,monza,leclerc,4
2024,16,monza,sainz,5
2024,16,monza,hamilton,6
2024,16,monza,max_verstappen,7
2024,16,monza,perez,8
2024,16,monza,albon,9
2024,16,monza,hulkenberg,10
2024,16,monza,alonso,11
2024,16,monza,ricciardo,12
2024,16,monza,kevin_magnussen,13
2024,16,monza,gasly,14
2024,16,monza,ocon,15
2024,16,monza,tsunoda,16
2024,16,monza,stroll,17
2024,16,monza,colapinto,18
2024,16,monza,bottas,19
2024,16,monza,zhou,20
2024,17,baku,leclerc,1
2024,17,baku,piastri,2
2024,17,baku,sainz,3
2024,17,baku,perez,4
2024,17,baku,russell,5
2024,17,baku,max_verstappen,6
2024,17,baku,hamilton,7
2024,17,baku,alonso,8
2024,17,baku,colapinto,9
2024,17,baku,albon,10
2024,17,baku,bearman,11
2024,17,baku,tsunoda,12
2024,17,baku,hulkenberg,13
2024,17,baku,stroll,14
2024,17,baku,gasly,15
2024,17,baku,ricciardo,15
2024,17,baku,norris,16
2024,17,baku,bottas,17
2024,17,baku,zhou,18
2024,17,baku,ocon,19
2024,18,marina_bay,norris,1
2024,18,marina_bay,max_verstappen,2
2024,18,marina_bay,hamilton,3
2024,18,marina_bay,russell,4
2024,18,marina_bay,piastri,5
2024,18,marina_bay,hulkenberg,6
2024,18,marina_bay,alonso,7
2024,18,marina_bay,tsunoda,8
2024,18,marina_bay,leclerc,9
2024,18,marina_bay,sainz,10
2024,18,marina_bay,albon,11
2024,18,marina_bay,colapinto,12
2024,18,marina_bay,perez,13
2024,18,marina_bay,kevin_magnussen,14
2024,18,marina_bay,ocon,15
2024,18,marina_bay,ricciardo,16
2024,18,marina_bay,stroll,17
2024,18,marina_bay,gasly,18
2024,18,marina_bay,bottas,19
2024,18,marina_bay,zhou,20
2024,19,americas,norris,1
2024,19,americas,max_verstappen,2
2024,19,americas,sainz,3
2024,19,americas,leclerc,4
2024,19,americas,piastri,5
2024,19,americas,russell,6
2024,19,americas,gasly,7
2024,19,americas,alonso,8
2024,19,americas,kevin_magnussen,9
2024,19,americas,perez,10
2024,19,americas,tsunoda,11
2024,19,americas,hulkenberg,12
2024,19,americas,ocon,13
2024,19,americas,stroll,14
2024,19,americas,lawson,15
2024,19,americas,albon,16
2024,19,americas,colapinto,17
2024,19,americas,bottas,18
2024,19,americas,hamilton,19
2024,19,americas,zhou,20
2024,20,rodriguez,sainz,1
2024,20,rodriguez,max_verstappen,2
2024,20,rodriguez,norris,3
2024,20,rodriguez,leclerc,4
2024,20,rodriguez,russell,5
2024,20,rodriguez,hamilton,6
2024,20,rodriguez,kevin_magnussen,7
2024,20,rodriguez,gasly,8
2024,20,rodriguez,albon,9
2024,20,rodriguez,hulkenberg,10
2024,20,rodriguez,tsunoda,11
2024,20,rodriguez,lawson,12
2024,20,rodriguez,alonso,13
2024,20,rodriguez,stroll,14
2024,20,rodriguez,bottas,15
2024,20,rodriguez,colapinto,16
2024,20,rodriguez,piastri,17
2024,20,rodriguez,perez,18
2024,20,rodriguez,ocon,19
2024,20,rodriguez,zhou,20
2024,21,interlagos,norris,1
2024,21,interlagos,russell,2
2024,21,interlagos,tsunoda,3
2024,21,interlagos,ocon,4
2024,21,interlagos,lawson,5
2024,21,interlagos,leclerc,6
2024,21,interlagos,albon,7
2024,21,interlagos,piastri,8
2024,21,interlagos,alonso,9
2024,21,interlagos,stroll,10
2024,21,interlagos,bottas,11
2024,21,interlagos,max_verstappen,12
2024,21,interlagos,perez,13
2024,21,interlagos,sainz,14
2024,21,interlagos,gasly,15
2024,21,interlagos,hamilton,16
2024,21,interlagos,bearman,17
2024,21,interlagos,colapinto,18
2024,21,interlagos,hulkenberg,19
2024,21,interlagos,zhou,20
2024,22,vegas,russell,1
2024,22,vegas,sainz,2
2024,22,vegas,gasly,3
2024,22,vegas,leclerc,4
2024,22,vegas,max_verstappen,5
2024,22,vegas,norris,6
2024,22,vegas,tsunoda,7
2024,22,vegas,piastri,8
2024,22,vegas,hulkenberg,9
2024,22,vegas,hamilton,10
2024,22,vegas,ocon,11
2024,22,vegas,kevin_magnussen,12
2024,22,vegas,zhou,13
2024,22,vegas,colapinto,14
2024,22,vegas,lawson,15
2024,22,vegas,perez,16
2024,22,vegas,alonso,17
2024,22,vegas,albon,18
2024,22,vegas,bottas,19
2024,22,vegas,stroll,20
2024,23,losail,max_verstappen,1
2024,23,losail,russell,2
2024,23,losail,norris,3
2024,23,losail,piastri,4
2024,23,losail,leclerc,5
2024,23,losail,hamilton,6
2024,23,losail,sainz,7
2024,23,losail,alonso,8
2024,23,losail,perez,9
2024,23,losail,kevin_magnussen,10
2024,23,losail,gasly,11
2024,23,losail,zhou,12
2024,23,losail,bottas,13
2024,23,losail,tsunoda,14
2024,23,losail,stroll,15
2024,23,losail,albon,16
2024,23,losail,lawson,17
2024,23,losail,hulkenberg,18
2024,23,losail,colapinto,19
2024,23,losail,ocon,20
2024,24,yas_marina,norris,1
2024,24,yas_marina,piastri,2
2024,24,yas_marina,sainz,3
2024,24,yas_marina,hulkenberg,4
2024,24,yas_marina,max_verstappen,5
2024,24,yas_marina,gasly,6
2024,24,yas_marina,russell,7
2024,24,yas_marina,alonso,8
2024,24,yas_marina,bottas,9
2024,24,yas_marina,perez,10
2024,24,yas_marina,tsunoda,11
2024,24,yas_marina,lawson,12
2024,24,yas_marina,stroll,13
2024,24,yas_marina,leclerc,14
2024,24,yas_marina,kevin_magnussen,15
2024,24,yas_marina,albon,16
2024,24,yas_marina,zhou,17
2024,24,yas_marina,hamilton,18
2024,24,yas_marina,colapinto,19
2024,24,yas_marina,doohan,20
2025,1,albert_park,norris,1
2025,1,albert_park,piastri,2
2025,1,albert_park,max_verstappen,3
2025,1,albert_park,russell,4
2025,1,albert_park,tsunoda,5
2025,1,albert_park,albon,6
2025,1,albert_park,leclerc,7
2025,1,albert_park,hamilton,8
2025,1,albert_park,gasly,9
2025,1,albert_park,sainz,10
2025,1,albert_park,hadjar,11
2025,1,albert_park,alonso,12
2025,1,albert_park,stroll,13
2025,1,albert_park,doohan,14
2025,1,albert_park,bortoleto,15
2025,1,albert_park,antonelli,16
2025,1,albert_park,hulkenberg,17
2025,1,albert_park,lawson,18
2025,1,albert_park,ocon,19
2025,1,albert_park,bearman,20
2025,2,shanghai,piastri,1
2025,2,shanghai,russell,2
2025,2,shanghai,norris,3
2025,2,shanghai,max_verstappen,4
2025,2,shanghai,hamilton,5
2025,2,shanghai,leclerc,6
2025,2,shanghai,hadjar,7
2025,2,shanghai,antonelli,8
2025,2,shanghai,tsunoda,9
2025,2,shanghai,albon,10
2025,2,shanghai,ocon,11
2025,2,shanghai,hulkenberg,12
2025,2,shanghai,alonso,13
2025,2,shanghai,stroll,14
2025,2,shanghai,sainz,15
2025,2,shanghai,gasly,16
2025,2,shanghai,bearman,17
2025,2,shanghai,doohan,18
2025,2,shanghai,bortoleto,19
2025,2,shanghai,lawson,20
2025,3,suzuka,max_verstappen,1
2025,3,suzuka,norris,2
2025,3,suzuka,piastri,3
2025,3,suzuka,leclerc,4
2025,3,suzuka,russell,5
2025,3,suzuka,antonelli,6
2025,3,suzuka,hadjar,7
2025,3,suzuka,hamilton,8
2025,3,suzuka,albon,9
2025,3,suzuka,bearman,10
2025,3,suzuka,gasly,11
2025,3,suzuka,sainz,12
2025,3,suzuka,alonso,13
2025,3,suzuka,lawson,14
2025,3,suzuka,tsunoda,15
2025,3,suzuka,hulkenberg,16
2025,3,suzuka,bortoleto,17
2025,3,suzuka,ocon,18
2025,3,suzuka,doohan,19
2025,3,suzuka,stroll,20
2025,4,bahrain,piastri,1
2025,4,bahrain,russell,2
2025,4,bahrain,leclerc,3
2025,4,bahrain,antonelli,4
2025,4,bahrain,gasly,5
2025,4,bahrain,norris,6
2025,4,bahrain,max_verstappen,7
2025,4,bahrain,sainz,8
2025,4,bahrain,hamilton,9
2025,4,bahrain,tsunoda,10
2025,4,bahrain,doohan,11
2025,4,bahrain,hadjar,12
2025,4,bahrain,alonso,13
2025,4,bahrain,ocon,14
2025,4,bahrain,albon,15
2025,4,bahrain,hulkenberg,16
2025,4,bahrain,lawson,17
2025,4,bahrain,bortoleto,18
2025,4,bahrain,stroll,19
2025,4,bahrain,bearman,20
2025,5,jeddah,max_verstappen,1
2025,5,jeddah,piastri,2
2025,5,jeddah,russell,3
2025,5,jeddah,leclerc,4
2025,5,jeddah,antonelli,5
2025,5,jeddah,sainz,6
2025,5,jeddah,hamilton,7
2025,5,jeddah,tsunoda,8
2025,5,jeddah,gasly,9
2025,5,jeddah,norris,10
2025,5,jeddah,albon,11
2025,5,jeddah,lawson,12
2025,5,jeddah,alonso,13
2025,5,jeddah,hadjar,14
2025,5,jeddah,bearman,15
2025,5,jeddah,stroll,16
2025,5,jeddah,doohan,17
2025,5,jeddah,hulkenberg,18
2025,5,jeddah,ocon,19
2025,5,jeddah,bortoleto,20
2025,6,miami,max_verstappen,1
2025,6,miami,norris,2
2025,6,miami,antonelli,3
2025,6,miami,piastri,4
2025,6,miami,russell,5
2025,6,miami,sainz,6
2025,6,miami,albon,7
2025,6,miami,leclerc,8
2025,6,miami,ocon,9
2025,6,miami,tsunoda,10
2025,6,miami,hadjar,11
2025,6,miami,hamilton,12
2025,6,miami,bortoleto,13
2025,6,miami,doohan,14
2025,6,miami,lawson,15
2025,6,miami,hulkenberg,16
2025,6,miami,alonso,17
2025,6,miami,gasly,18
2025,6,miami,stroll,19
2025,6,miami,bearman,20
2025,7,imola,piastri,1
2025,7,imola,max_verstappen,2
2025,7,imola,russell,3
2025,7,imola,norris,4
2025,7,imola,alonso,5
2025,7,imola,sainz,6
2025,7,imola,albon,7
2025,7,imola,stroll,8
2025,7,imola,hadjar,9
2025,7,imola,gasly,10
2025,7,imola,leclerc,11
2025,7,imola,hamilton,12
2025,7,imola,antonelli,13
2025,7,imola,bortoleto,14
2025,7,imola,colapinto,15
2025,7,imola,lawson,16
2025,7,imola,hulkenberg,17
2025,7,imola,ocon,18
2025,7,imola,bearman,19
2025,7,imola,tsunoda,20
2025,8,monaco,norris,1
2025,8,monaco,leclerc,2
2025,8,monaco,piastri,3
2025,8,monaco,hamilton,4
2025,8,monaco,max_verstappen,5
2025,8,monaco,hadjar,6
2025,8,monaco,alonso,7
2025,8,monaco,ocon,8
2025,8,monaco,lawson,9
2025,8,monaco,albon,10
2025,8,monaco,sainz,11
2025,8,monaco,tsunoda,12
2025,8,monaco,hulkenberg,13
2025,8,monaco,russell,14
2025,8,monaco,antonelli,15
2025,8,monaco,bortoleto,16
2025,8,monaco,bearman,17
2025,8,monaco,gasly,18
2025,8,monaco,stroll,19
2025,8,monaco,colapinto,20
2025,9,catalunya,piastri,1
2025,9,catalunya,norris,2
2025,9,catalunya,max_verstappen,3
2025,9,catalunya,russell,4
2025,9,catalunya,hamilton,5
2025,9,catalunya,antonelli,6
2025,9,catalunya,leclerc,7
2025,9,catalunya,gasly,8
2025,9,catalunya,hadjar,9
2025,9,catalunya,alonso,10
2025,9,catalunya,albon,11
2025,9,catalunya,bortoleto,12
2025,9,catalunya,lawson,13
2025,9,catalunya,stroll,14
2025,9,catalunya,bearman,15
2025,9,catalunya,hulkenberg,16
2025,9,catalunya,ocon,17
2025,9,catalunya,sainz,18
2025,9,catalunya,colapinto,19
2025,9,catalunya,tsunoda,20
2025,10,villeneuve,russell,1
2025,10,villeneuve,max_verstappen,2
2025,10,villeneuve,piastri,3
2025,10,villeneuve,antonelli,4
2025,10,villeneuve,hamilton,5
2025,10,villeneuve,alonso,6
2025,10,villeneuve,norris,7
2025,10,villeneuve,leclerc,8
2025,10,villeneuve,hadjar,9
2025,10,villeneuve,albon,10
2025,10,villeneuve,tsunoda,11
2025,10,villeneuve,colapinto,12
2025,10,villeneuve,hulkenberg,13
2025,10,villeneuve,bearman,14
2025,10,villeneuve,ocon,15
2025,10,villeneuve,bortoleto,16
2025,10,villeneuve,sainz,17
2025,10,villeneuve,stroll,18
2025,10,villeneuve,lawson,19
2025,10,villeneuve,gasly,20
2025,11,red_bull_ring,norris,1
2025,11,red_bull_ring,leclerc,2
2025,11,red_bull_ring,piastri,3
2025,11,red_bull_ring,hamilton,4
2025,11,red_bull_ring,russell,5
2025,11,red_bull_ring,lawson,6
2025,11,red_bull_ring,max_verstappen,7
2025,11,red_bull_ring,bortoleto,8
2025,11,red_bull_ring,antonelli,9
2025,11,red_bull_ring,gasly,10
2025,11,red_bull_ring,alonso,11
2025,11,red_bull_ring,albon,12
2025,11,red_bull_ring,hadjar,13
2025,11,red_bull_ring,colapinto,14
2025,11,red_bull_ring,bearman,15
2025,11,red_bull_ring,stroll,16
2025,11,red_bull_ring,ocon,17
2025,11,red_bull_ring,tsunoda,18
2025,11,red_bull_ring,sainz,19
2025,11,red_bull_ring,hulkenberg,20
2025,12,silverstone,max_verstappen,1
2025,12,silverstone,piastri,2
2025,12,silverstone,norris,3
2025,12,silverstone,russell,4
2025,12,silverstone,hamilton,5
2025,12,silverstone,leclerc,6
2025,12,silverstone,antonelli,7
2025,12,silverstone,bearman,8
2025,12,silverstone,alonso,9
2025,12,silverstone,gasly,10
2025,12,silverstone,sainz,11
2025,12,silverstone,tsunoda,12
2025,12,silverstone,hadjar,13
2025,12,silverstone,albon,14
2025,12,silverstone,ocon,15
2025,12,silverstone,lawson,16
2025,12,silverstone,bortoleto,17
2025,12,silverstone,stroll,18
2025,12,silverstone,hulkenberg,19
2025,12,silverstone,colapinto,20
2025,13,spa,norris,1
2025,13,spa,piastri,2
2025,13,spa,leclerc,3
2025,13,spa,max_verstappen,4
2025,13,spa,albon,5
2025,13,spa,russell,6
2025,13,spa,tsunoda,7
2025,13,spa,hadjar,8
2025,13,spa,lawson,9
2025,13,spa,bortoleto,10
2025,13,spa,ocon,11
2025,13,spa,bearman,12
2025,13,spa,gasly,13
2025,13,spa,hulkenberg,14
2025,13,spa,sainz,15
2025,13,spa,hamilton,16
2025,13,spa,colapinto,17
2025,13,spa,antonelli,18
2025,13,spa,alonso,19
2025,13,spa,stroll,20
2025,14,hungaroring,leclerc,1
2025,14,hungaroring,piastri,2
2025,14,hungaroring,norris,3
2025,14,hungaroring,russell,4
2025,14,hungaroring,alonso,5
2025,14,hungaroring,stroll,6
2025,14,hungaroring,bortoleto,7
2025,14,hungaroring,max_verstappen,8
2025,14,hungaroring,lawson,9
2025,14,hungaroring,hadjar,10
2025,14,hungaroring,bearman,11
2025,14,hungaroring,hamilton,12
2025,14,hungaroring,sainz,13
2025,14,hungaroring,colapinto,14
2025,14,hungaroring,antonelli,15
2025,14,hungaroring,tsunoda,16
2025,14,hungaroring,gasly,17
2025,14,hungaroring,ocon,18
2025,14,hungaroring,hulkenberg,19
2025,14,hungaroring,albon,20
2025,15,zandvoort,piastri,1
2025,15,zandvoort,norris,2
2025,15,zandvoort,max_verstappen,3
2025,15,zandvoort,hadjar,4
2025,15,zandvoort,russell,5
2025,15,zandvoort,leclerc,6
2025,15,zandvoort,hamilton,7
2025,15,zandvoort,lawson,8
2025,15,zandvoort,sainz,9
2025,15,zandvoort,alonso,10
2025,15,zandvoort,antonelli,11
2025,15,zandvoort,tsunoda,12
2025,15,zandvoort,bortoleto,13
2025,15,zandvoort,gasly,14
2025,15,zandvoort,albon,15
2025,15,zandvoort,colapinto,16
2025,15,zandvoort,hulkenberg,17
2025,15,zandvoort,ocon,18
2025,15,zandvoort,bearman,19
2025,15,zandvoort,stroll,20
2025,16,monza,max_verstappen,1
2025,16,monza,norris,2
2025,16,monza,piastri,3
2025,16,monza,leclerc,4
2025,16,monza,hamilton,5
2025,16,monza,russell,6
2025,16,monza,antonelli,7
2025,16,monza,bortoleto,8
2025,16,monza,alonso,9
2025,16,monza,tsunoda,10
2025,16,monza,bearman,11
2025,16,monza,hulkenberg,12
2025,16,monza,sainz,13
2025,16,monza,albon,14
2025,16,monza,ocon,15
2025,16,monza,hadjar,16
2025,16,monza,stroll,17
2025,16,monza,colapinto,18
2025,16,monza,gasly,19
2025,16,monza,lawson,20
2025,17,baku,max_verstappen,1
2025,17,baku,sainz,2
2025,17,baku,lawson,3
2025,17,baku,antonelli,4
2025,17,baku,russell,5
2025,17,baku,tsunoda,6
2025,17,baku,norris,7
2025,17,baku,hadjar,8
2025,17,baku,piastri,9
2025,17,baku,leclerc,10
2025,17,baku,alonso,11
2025,17,baku,hamilton,12
2025,17,baku,bortoleto,13
2025,17,baku,stroll,14
2025,17,baku,bearman,15
2025,17,baku,colapinto,16
2025,17,baku,hulkenberg,17
2025,17,baku,gasly,18
2025,17,baku,albon,19
2025,17,baku,ocon,20
2025,18,marina_bay,russell,1
2025,18,marina_bay,max_verstappen,2
2025,18,marina_bay,piastri,3
2025,18,marina_bay,antonelli,4
2025,18,marina_bay,norris,5
2025,18,marina_bay,hamilton,6
2025,18,marina_bay,leclerc,7
2025,18,marina_bay,hadjar,8
2025,18,marina_bay,bearman,9
2025,18,marina_bay,alonso,10
2025,18,marina_bay,hulkenberg,11
2025,18,marina_bay,lawson,12
2025,18,marina_bay,tsunoda,13
2025,18,marina_bay,bortoleto,14
2025,18,marina_bay,stroll,15
2025,18,marina_bay,colapinto,16
2025,18,marina_bay,ocon,17
2025,18,marina_bay,gasly,18
2025,18,marina_bay,albon,19
2025,18,marina_bay,sainz,20
2025,19,americas,max_verstappen,1
2025,19,americas,norris,2
2025,19,americas,leclerc,3
2025,19,americas,russell,4
2025,19,americas,hamilton,5
2025,19,americas,piastri,6
2025,19,americas,antonelli,7
2025,19,americas,bearman,8
2025,19,americas,sainz,9
2025,19,americas,alonso,10
2025,19,americas,hulkenberg,11
2025,19,americas,lawson,12
2025,19,americas,tsunoda,13
2025,19,americas,gasly,14
2025,19,americas,colapinto,15
2025,19,americas,bortoleto,16
2025,19,americas,ocon,17
2025,19,americas,stroll,18
2025,19,americas,albon,19
2025,19,americas,hadjar,20
2025,20,rodriguez,norris,1
2025,20,rodriguez,leclerc,2
2025,20,rodriguez,hamilton,3
2025,20,rodriguez,russell,4
2025,20,rodriguez,max_verstappen,5
2025,20,rodriguez,antonelli,6
2025,20,rodriguez,sainz,7
2025,20,rodriguez,piastri,8
2025,20,rodriguez,hadjar,9
2025,20,rodriguez,bearman,10
2025,20,rodriguez,tsunoda,11
2025,20,rodriguez,ocon,12
2025,20,rodriguez,hulkenberg,13
2025,20,rodriguez,alonso,14
2025,20,rodriguez,lawson,15
2025,20,rodriguez,bortoleto,16
2025,20,rodriguez,albon,17
2025,20,rodriguez,gasly,18
2025,20,rodriguez,stroll,19
2025,20,rodriguez,colapinto,20
2025,21,interlagos,norris,1
2025,21,interlagos,antonelli,2
2025,21,interlagos,leclerc,3
2025,21,interlagos,piastri,4
2025,21,interlagos,hadjar,5
2025,21,interlagos,russell,6
2025,21,interlagos,lawson,7
2025,21,interlagos,bearman,8
2025,21,interlagos,gasly,9
2025,21,interlagos,hulkenberg,10
2025,21,interlagos,alonso,11
2025,21,interlagos,albon,12
2025,21,interlagos,hamilton,13
2025,21,interlagos,stroll,14
2025,21,interlagos,sainz,15
2025,21,interlagos,max_verstappen,16
2025,21,interlagos,ocon,17
2025,21,interlagos,colapinto,18
2025,21,interlagos,tsunoda,19
2025,22,vegas,norris,1
2025,22,vegas,max_verstappen,2
2025,22,vegas,sainz,3
2025,22,vegas,russell,4
2025,22,vegas,piastri,5
2025,22,vegas,lawson,6
2025,22,vegas,alonso,7
2025,22,vegas,hadjar,8
2025,22,vegas,leclerc,9
2025,22,vegas,gasly,10
2025,22,vegas,hulkenberg,11
2025,22,vegas,stroll,12
2025,22,vegas,ocon,13
2025,22,vegas,bearman,14
2025,22,vegas,colapinto,15
2025,22,vegas,albon,16
2025,22,vegas,antonelli,17
2025,22,vegas,bortoleto,18
2025,22,vegas,tsunoda,19
2025,22,vegas,hamilton,20
2025,23,losail,piastri,1
2025,23,losail,norris,2
2025,23,losail,max_verstappen,3
2025,23,losail,russell,4
2025,23,losail,antonelli,5
2025,23,losail,hadjar,6
2025,23,losail,sainz,7
2025,23,losail,alonso,8
2025,23,losail,gasly,9
2025,23,losail,leclerc,10
2025,23,losail,hulkenberg,11
2025,23,losail,lawson,12
2025,23,losail,bearman,13
2025,23,losail,bortoleto,14
2025,23,losail,albon,15
2025,23,losail,tsunoda,16
2025,23,losail,ocon,17
2025,23,losail,hamilton,18
2025,23,losail,stroll,19
2025,23,losail,colapinto,20
2025,24,yas_marina,max_verstappen,1
2025,24,yas_marina,norris,2
2025,24,yas_marina,piastri,3
2025,24,yas_marina,russell,4
2025,24,yas_marina,leclerc,5
2025,24,yas_marina,alonso,6
2025,24,yas_marina,bortoleto,7
2025,24,yas_marina,ocon,8
2025,24,yas_marina,hadjar,9
2025,24,yas_marina,tsunoda,10
2025,24,yas_marina,bearman,11
2025,24,yas_marina,sainz,12
2025,24,yas_marina,lawson,13
2025,24,yas_marina,antonelli,14
2025,24,yas_marina,stroll,15
2025,24,yas_marina,hamilton,16
2025,24,yas_marina,albon,17
2025,24,yas_marina,hulkenberg,18
2025,24,yas_marina,gasly,19
2025,24,yas_marina,colapinto,20
2026,1,albert_park,russell,1
2026,1,albert_park,antonelli,2
2026,1,albert_park,hadjar,3
2026,1,albert_park,leclerc,4
2026,1,albert_park,piastri,5
2026,1,albert_park,norris,6
2026,1,albert_park,hamilton,7
2026,1,albert_park,lawson,8
2026,1,albert_park,arvid_lindblad,9
2026,1,albert_park,bortoleto,10
2026,1,albert_park,hulkenberg,11
2026,1,albert_park,bearman,12
2026,1,albert_park,ocon,13
2026,1,albert_park,gasly,14
2026,1,albert_park,albon,15
2026,1,albert_park,colapinto,16
2026,1,albert_park,alonso,17
2026,1,albert_park,perez,18
2026,1,albert_park,bottas,19
2026,2,shanghai,antonelli,1
2026,2,shanghai,russell,2
2026,2,shanghai,hamilton,3
2026,2,shanghai,leclerc,4
2026,2,shanghai,piastri,5
2026,2,shanghai,norris,6
2026,2,shanghai,gasly,7
2026,2,shanghai,max_verstappen,8
2026,2,shanghai,hadjar,9
2026,2,shanghai,bearman,10
2026,2,shanghai,hulkenberg,11
2026,2,shanghai,colapinto,12
2026,2,shanghai,ocon,13
2026,2,shanghai,lawson,14
2026,2,shanghai,arvid_lindblad,15
2026,2,shanghai,bortoleto,16
2026,2,shanghai,sainz,17
2026,2,shanghai,albon,18
2026,2,shanghai,alonso,19
2026,2,shanghai,bottas,20
2026,2,shanghai,stroll,21
2026,2,shanghai,perez,22
2026,3,suzuka,antonelli,1
2026,3,suzuka,russell,2
2026,3,suzuka,piastri,3
2026,3,suzuka,leclerc,4
2026,3,suzuka,norris,5
2026,3,suzuka,hamilton,6
2026,3,suzuka,gasly,7
2026,3,suzuka,hadjar,8
2026,3,suzuka,bortoleto,9
2026,3,suzuka,arvid_lindblad,10
2026,3,suzuka,max_verstappen,11
2026,3,suzuka,ocon,12
2026,3,suzuka,hulkenberg,13
2026,3,suzuka,lawson,14
2026,3,suzuka,colapinto,15
2026,3,suzuka,sainz,16
2026,3,suzuka,albon,17
2026,3,suzuka,bearman,18
2026,3,suzuka,perez,19
2026,3,suzuka,bottas,20
2026,3,suzuka,alonso,21
2026,3,suzuka,stroll,22
2026,4,miami,antonelli,1
2026,4,miami,max_verstappen,2
2026,4,miami,leclerc,3
2026,4,miami,norris,4
2026,4,miami,russell,5
2026,4,miami,hamilton,6
2026,4,miami,piastri,7
2026,4,miami,colapinto,8
2026,4,miami,gasly,9
2026,4,miami,hulkenberg,10
2026,4,miami,lawson,11
2026,4,miami,bearman,12
2026,4,miami,sainz,13
2026,4,miami,ocon,14
2026,4,miami,albon,15
2026,4,miami,arvid_lindblad,16
2026,4,miami,alonso,17
2026,4,miami,stroll,18
2026,4,miami,bottas,19
2026,4,miami,perez,20
2026,4,miami,bortoleto,21
2026,4,miami,hadjar,22
2026,5,villeneuve,russell,1
2026,5,villeneuve,antonelli,2
2026,5,villeneuve,norris,3
2026,5,villeneuve,piastri,4
2026,5,villeneuve,hamilton,5
2026,5,villeneuve,max_verstappen,6
2026,5,villeneuve,hadjar,7
2026,5,villeneuve,leclerc,8
2026,5,villeneuve,arvid_lindblad,9
2026,5,villeneuve,colapinto,10
2026,5,villeneuve,hulkenberg,11
2026,5,villeneuve,lawson,12
2026,5,villeneuve,bortoleto,13
2026,5,villeneuve,sainz,15
2026,5,villeneuve,bearman,16
